Simulação,P_PS,Incerteza_P_PS,P_ACF,Incerteza_P_ACF,P_CS,Incerteza_P_CS
alpha0.2,24.617688511868007,6.245087198095562,24.666666666666316,-1.0,24.5951592681386,2.224810101553499
alpha0.2,24.464479364856082,6.013361965953087,25.333333333332973,-1.0,24.60377386440364,2.245454239010502
alpha0.2,25.12188494481967,5.040506170193254,25.99999999999963,-1.0,25.501166509163042,2.3993326816477247
alpha0.2,24.51812811929424,9.55428727164654,23.99999999999966,-1.0,30.360000008828944,12.151275046121427
alpha0.2,24.359575794445657,6.76426660290681,24.666666666666316,-1.0,24.458130273003114,2.4103636516958513
