Simulação,P_PS,Incerteza_P_PS,P_ACF,Incerteza_P_ACF,P_CS,Incerteza_P_CS
Alpha=-5.0,16.515691100872136,5.842194274409886,17.333333333333087,-1.0,16.83333333333309,2.028155508074327
