Simulação,Períodos,Valor,Incerteza
InitialData,P_PS,8.368097506935335,3.4557074671474455
InitialData,P_ACF,9.999999999999858,3.4557074671474455
InitialData,P_CS,5.386666666666589,-1.0
