target_id,prot_ps,prot_acf,prot_cs,e_prot_ps,E_prot_ps,e_prot_acf,E_prot_acf,e_prot_cs,E_prot_cs,sph_ps,sph_acf,sph_cs,e_sph_ps,e_sph_acf,e_sph_cs,h_ps,fa_prob_ps,hacf,gacf,hcs
1433067,47.0692892421897,-1.0,30.748690187931064,7.389056098930649,7.389056098930649,-1.0,-1.0,1.631485259303726,1.631485259303726,1197.30664318088,-1.0,1142.5646036280662,307.5574551979795,-1.0,360.06947216827234,26.028648312300614,4.964798952010045e-12,-1.0,-1.0,0.20728499987515803
