target_id,prot_ps,prot_acf,prot_cs,e_prot_ps,E_prot_ps,e_prot_acf,E_prot_acf,e_prot_cs,E_prot_cs,sph_ps,sph_acf,sph_cs,e_sph_ps,e_sph_acf,e_sph_cs,h_ps,fa_prob_ps,hacf,gacf,hcs
1873367,2.7000796629588235,-1.0,2.6740509066711593,2.708531686475978,2.708531686475978,-1.0,-1.0,0.010509973114497806,0.010509973114497806,397.40724186828817,-1.0,395.51814978388717,104.11702006681921,-1.0,109.23251635341431,24.133919916361886,3.301959587315897e-11,-1.0,-1.0,0.25801256710683046
