target_id,prot_ps,prot_acf,prot_cs,e_prot_ps,E_prot_ps,e_prot_acf,E_prot_acf,e_prot_cs,E_prot_cs,sph_ps,sph_acf,sph_cs,e_sph_ps,e_sph_acf,e_sph_cs,h_ps,fa_prob_ps,hacf,gacf,hcs
2012690,8.899394636462612,8.888680238742381,8.945231318546034,0.3467444929048878,0.3467444929048878,-1.0,-1.0,0.251027107147049,0.251027107147049,3576.0053805782786,3582.4225881466755,3560.5000100901443,1260.9812680311863,1255.5356198962684,1274.1023620099006,117.02098587439075,1.508104958521935e-51,1.0836808152027313,0.6085689031909729,0.9664002579701746
