target_id,prot_ps,prot_acf,prot_cs,e_prot_ps,E_prot_ps,e_prot_acf,E_prot_acf,e_prot_cs,E_prot_cs,sph_ps,sph_acf,sph_cs,e_sph_ps,e_sph_acf,e_sph_cs,h_ps,fa_prob_ps,hacf,gacf,hcs
2164105,4.740330840007622,-1.0,4.746758286887779,2.2256967964779126,2.2256967964779126,-1.0,-1.0,0.2915505211804561,0.2915505211804561,637.3116114230121,-1.0,631.5980330786479,167.86595304986534,-1.0,159.35990461611289,20.02869410551564,2.002851132050813e-09,-1.0,-1.0,0.33986729482893546
