target_id,prot_ps,prot_acf,prot_cs,e_prot_ps,E_prot_ps,e_prot_acf,E_prot_acf,e_prot_cs,E_prot_cs,sph_ps,sph_acf,sph_cs,e_sph_ps,e_sph_acf,e_sph_cs,h_ps,fa_prob_ps,hacf,gacf,hcs
2301389,7.925741155260227,15.611393541097641,15.210278809145091,0.37225884650840396,0.37225884650840396,-1.0,-1.0,0.7403552165938676,0.7403552165938676,1565.1855151182815,1638.5238726828145,1633.2851607275134,544.1494889486296,438.8283590649823,455.0768856506327,47.871995637558136,1.6197815837627899e-21,0.5664039594540322,0.2904902287231057,0.7009625124241605
