target_id,prot_ps,prot_acf,prot_cs,e_prot_ps,E_prot_ps,e_prot_acf,E_prot_acf,e_prot_cs,E_prot_cs,sph_ps,sph_acf,sph_cs,e_sph_ps,e_sph_acf,e_sph_cs,h_ps,fa_prob_ps,hacf,gacf,hcs
2301274,47.08101460394673,-1.0,0.28321114900521943,1.9789596220311947,1.9789596220311947,-1.0,-1.0,0.010448616048284624,0.010448616048284624,1612.5147596410632,-1.0,974.9688133189653,239.35905781643777,-1.0,166.96543339505357,19.057094102268117,5.291870286337945e-09,-1.0,-1.0,0.30135586427703304
