target_id,prot_ps,prot_acf,prot_cs,e_prot_ps,E_prot_ps,e_prot_acf,E_prot_acf,e_prot_cs,E_prot_cs,sph_ps,sph_acf,sph_cs,e_sph_ps,e_sph_acf,e_sph_cs,h_ps,fa_prob_ps,hacf,gacf,hcs
2310259,16.03467091210805,32.71454782085493,16.20095517786685,1.1147205918953844,1.1147205918953844,-1.0,-1.0,0.9562298012965024,0.9562298012965024,1695.7003687207819,1738.8649920342307,1686.3430635544867,655.7255422699791,540.1584383943621,656.1759142517504,25.747232619916673,6.578379878924241e-12,0.49990616148769107,0.2512873440917328,0.9332483309899487
