target_id,prot_ps,prot_acf,prot_cs,e_prot_ps,E_prot_ps,e_prot_acf,E_prot_acf,e_prot_cs,E_prot_cs,sph_ps,sph_acf,sph_cs,e_sph_ps,e_sph_acf,e_sph_cs,h_ps,fa_prob_ps,hacf,gacf,hcs
2422417,47.08098058788676,-1.0,2.9925151864532378,7.389056098930649,7.389056098930649,-1.0,-1.0,0.36962941559328066,0.36962941559328066,646.6626397414268,-1.0,367.47779709108477,107.22669469164872,-1.0,102.46031271915975,18.306147268625786,1.1213501779990973e-08,-1.0,-1.0,0.2867591735289473
