target_id,prot_ps,prot_acf,prot_cs,e_prot_ps,E_prot_ps,e_prot_acf,E_prot_acf,e_prot_cs,E_prot_cs,sph_ps,sph_acf,sph_cs,e_sph_ps,e_sph_acf,e_sph_cs,h_ps,fa_prob_ps,hacf,gacf,hcs
2576197,0.36949653583606845,-1.0,2.203971536078765,0.5225955890065336,0.5225955890065336,-1.0,-1.0,0.017233498083381083,0.017233498083381083,541.9815750475149,-1.0,729.4446641017184,110.10765407863052,-1.0,351.3363475360597,1654.2320390829902,0.0,-1.0,-1.0,0.042923220245145825
