target_id,prot_ps,prot_acf,prot_cs,e_prot_ps,E_prot_ps,e_prot_acf,E_prot_acf,e_prot_cs,E_prot_cs,sph_ps,sph_acf,sph_cs,e_sph_ps,e_sph_acf,e_sph_cs,h_ps,fa_prob_ps,hacf,gacf,hcs
2584086,0.12101468141746256,-1.0,2.205674147176707,0.14025045610322617,0.14025045610322617,-1.0,-1.0,0.008730151637838118,0.008730151637838118,574.9380130282589,-1.0,997.139021119791,123.20440329274496,-1.0,408.3853715528384,90.16245484119169,6.965357114026521e-40,-1.0,-1.0,0.09707199831957636
