target_id,prot_ps,prot_acf,prot_cs,e_prot_ps,E_prot_ps,e_prot_acf,E_prot_acf,e_prot_cs,E_prot_cs,sph_ps,sph_acf,sph_cs,e_sph_ps,e_sph_acf,e_sph_cs,h_ps,fa_prob_ps,hacf,gacf,hcs
2558295,0.11090435110772805,-1.0,0.6568573174517888,0.1353780029289872,0.1353780029289872,-1.0,-1.0,0.009304084689549621,0.009304084689549621,273.8149027998165,-1.0,291.53886697949963,46.358109380825745,-1.0,39.17058325807762,12.976698045104008,2.3136179533232997e-06,-1.0,-1.0,0.40458744160681176
