target_id,prot_ps,prot_acf,prot_cs,e_prot_ps,E_prot_ps,e_prot_acf,E_prot_acf,e_prot_cs,E_prot_cs,sph_ps,sph_acf,sph_cs,e_sph_ps,e_sph_acf,e_sph_cs,h_ps,fa_prob_ps,hacf,gacf,hcs
2720649,3.008629134162862,-1.0,28.590227670329412,1.468304133741103,1.468304133741103,-1.0,-1.0,0.34354958180984363,0.34354958180984363,819.9279165041273,-1.0,1189.7890713012193,217.88911380510865,-1.0,348.033758001011,15.908016136423784,1.2337761591935533e-07,-1.0,-1.0,0.2590902617838567
