target_id,prot_ps,prot_acf,prot_cs,e_prot_ps,E_prot_ps,e_prot_acf,E_prot_acf,e_prot_cs,E_prot_cs,sph_ps,sph_acf,sph_cs,e_sph_ps,e_sph_acf,e_sph_cs,h_ps,fa_prob_ps,hacf,gacf,hcs
2719007,47.06865477452162,-1.0,3.104292595378026,2.3748452215806606,2.3748452215806606,-1.0,-1.0,0.11006205195375962,0.11006205195375962,949.100596921032,-1.0,565.2886555216977,229.82131800154593,-1.0,174.91865113380805,23.52387234535151,6.077319199342547e-11,-1.0,-1.0,0.3783128270080465
