target_id,prot_ps,prot_acf,prot_cs,e_prot_ps,E_prot_ps,e_prot_acf,E_prot_acf,e_prot_cs,E_prot_cs,sph_ps,sph_acf,sph_cs,e_sph_ps,e_sph_acf,e_sph_cs,h_ps,fa_prob_ps,hacf,gacf,hcs
2848223,4.786500450541239,4.740636482834816,4.693230118006741,0.27262004429149594,0.27262004429149594,-1.0,-1.0,0.10535170208768582,0.10535170208768582,3944.867059761044,3988.9705373804677,3980.5820543160457,1846.4576950905205,1810.3871954038257,1879.3404324337635,352.57330237505016,7.574610614386956e-154,1.4468932859276138,0.8136136090859217,0.9859476239641279
