target_id,prot_ps,prot_acf,prot_cs,e_prot_ps,E_prot_ps,e_prot_acf,E_prot_acf,e_prot_cs,E_prot_cs,sph_ps,sph_acf,sph_cs,e_sph_ps,e_sph_acf,e_sph_cs,h_ps,fa_prob_ps,hacf,gacf,hcs
2855791,0.10027480342584412,-1.0,0.24444981395238244,0.1477315460253259,0.1477315460253259,-1.0,-1.0,0.011843957927712971,0.011843957927712971,343.213002711752,-1.0,352.8860415527642,65.05783090768425,-1.0,55.16013978154452,12.498748862356866,3.7313186461116667e-06,-1.0,-1.0,0.33919616593339347
