target_id,prot_ps,prot_acf,prot_cs,e_prot_ps,E_prot_ps,e_prot_acf,E_prot_acf,e_prot_cs,E_prot_cs,sph_ps,sph_acf,sph_cs,e_sph_ps,e_sph_acf,e_sph_cs,h_ps,fa_prob_ps,hacf,gacf,hcs
2857138,41.276597050590055,-1.0,41.28607431759403,1.8918647803412263,1.8918647803412263,-1.0,-1.0,0.7951256242833604,0.7951256242833604,1362.1003057261812,-1.0,1362.0805014130683,69.05768341821599,-1.0,69.36365136443176,22.896307105327526,1.1383089963208434e-10,-1.0,-1.0,0.11795350639974342
