target_id,prot_ps,prot_acf,prot_cs,e_prot_ps,E_prot_ps,e_prot_acf,E_prot_acf,e_prot_cs,E_prot_cs,sph_ps,sph_acf,sph_cs,e_sph_ps,e_sph_acf,e_sph_cs,h_ps,fa_prob_ps,hacf,gacf,hcs
2993312,1.5054905637998746,-1.0,3.135559438238852,1.5997060270575028,1.5997060270575028,-1.0,-1.0,0.19291800988759855,0.19291800988759855,472.9362167247075,-1.0,567.1904104337735,92.9394825536527,-1.0,184.76067555938752,15.948644572138472,1.184654390924616e-07,-1.0,-1.0,0.5745144549039027
