target_id,prot_ps,prot_acf,prot_cs,e_prot_ps,E_prot_ps,e_prot_acf,E_prot_acf,e_prot_cs,E_prot_cs,sph_ps,sph_acf,sph_cs,e_sph_ps,e_sph_acf,e_sph_cs,h_ps,fa_prob_ps,hacf,gacf,hcs
2982925,0.6741515176535844,53.61822721362114,3.165458906549979,7.389056098930527,7.389056098930527,-1.0,-1.0,0.010520651712866336,0.010520651712866336,829.753190094839,1515.954083174509,1170.603943375502,110.90981699240199,141.7259583647879,441.4107539580942,15.604513280942697,1.6712675826144993e-07,0.11788331949741379,0.1452632214575607,0.6480771899232295
