target_id,prot_ps,prot_acf,prot_cs,e_prot_ps,E_prot_ps,e_prot_acf,E_prot_acf,e_prot_cs,E_prot_cs,sph_ps,sph_acf,sph_cs,e_sph_ps,e_sph_acf,e_sph_cs,h_ps,fa_prob_ps,hacf,gacf,hcs
2972706,2.6610872810501713,2.6972529720515013,2.636304263379643,0.1141490737577692,0.1141490737577692,-1.0,-1.0,0.00889845836875933,0.00889845836875933,3817.5704125154457,3830.5806198105647,3828.5201281437858,1360.4547060830973,1375.0374862882995,1370.578035073904,1996.5028526732267,0.0,1.4557855987790287,0.8788171938854525,0.7821436879037361
