target_id,prot_ps,prot_acf,prot_cs,e_prot_ps,E_prot_ps,e_prot_acf,E_prot_acf,e_prot_cs,E_prot_cs,sph_ps,sph_acf,sph_cs,e_sph_ps,e_sph_acf,e_sph_cs,h_ps,fa_prob_ps,hacf,gacf,hcs
2994572,3.1486450121362255,-1.0,3.135558795137331,2.3088360237262315,2.3088360237262315,-1.0,-1.0,0.12801188721329274,0.12801188721329274,628.7258178221562,-1.0,641.9640107985371,233.19030935903996,-1.0,309.207455563437,15.994192640657989,1.1319060824440919e-07,-1.0,-1.0,0.6716611955243917
