target_id,prot_ps,prot_acf,prot_cs,e_prot_ps,E_prot_ps,e_prot_acf,E_prot_acf,e_prot_cs,E_prot_cs,sph_ps,sph_acf,sph_cs,e_sph_ps,e_sph_acf,e_sph_cs,h_ps,fa_prob_ps,hacf,gacf,hcs
3096453,7.699759366251364,7.397040089592338,7.78058274838142,0.38391684633935147,0.38391684633935147,-1.0,-1.0,0.2236783436986791,0.2236783436986791,248.66161043019264,246.21099194102536,251.22678761233638,143.2862851622663,138.0134832748549,143.48223313602415,178.46789597527885,3.1072599047269936e-78,0.2848231531879466,0.3411590775897146,0.9235694108427992
