target_id,prot_ps,prot_acf,prot_cs,e_prot_ps,E_prot_ps,e_prot_acf,E_prot_acf,e_prot_cs,E_prot_cs,sph_ps,sph_acf,sph_cs,e_sph_ps,e_sph_acf,e_sph_cs,h_ps,fa_prob_ps,hacf,gacf,hcs
3116383,7.333403846918295,7.192688196897507,7.250455682823351,0.24096967795961408,0.24096967795961408,-1.0,-1.0,0.03461356973912929,0.03461356973912929,817.0179255410037,823.8971882203442,818.6173857912661,132.65924923699484,135.3412754115621,140.36242329561873,496.21381681381774,3.141069267162479e-216,0.5619237522077586,0.5061285128717193,0.9406193495134941
