target_id,prot_ps,prot_acf,prot_cs,e_prot_ps,E_prot_ps,e_prot_acf,E_prot_acf,e_prot_cs,E_prot_cs,sph_ps,sph_acf,sph_cs,e_sph_ps,e_sph_acf,e_sph_cs,h_ps,fa_prob_ps,hacf,gacf,hcs
3103260,20.553324097174308,19.861577393487096,20.388199259680366,1.2174284119325725,1.2174284119325725,-1.0,-1.0,0.5112631039125015,0.5112631039125015,1300.2951829305196,1280.21419978738,1303.5870089776392,327.2815448810402,341.2346799680041,331.55317393863925,53.36925552020045,6.637840679018146e-24,0.6777111938107336,0.31951466434865267,0.9511907204123398
