target_id,prot_ps,prot_acf,prot_cs,e_prot_ps,E_prot_ps,e_prot_acf,E_prot_acf,e_prot_cs,E_prot_cs,sph_ps,sph_acf,sph_cs,e_sph_ps,e_sph_acf,e_sph_cs,h_ps,fa_prob_ps,hacf,gacf,hcs
3247339,0.9600624361846951,-1.0,0.9583427292887753,0.02842827018318742,0.02842827018318742,-1.0,-1.0,0.00850651964827412,0.00850651964827412,269.7927546789235,-1.0,269.7927546789235,32.04073708030864,-1.0,32.04073708030864,215.6816989991043,2.1410572355366386e-94,-1.0,-1.0,0.3514367763399639
