target_id,prot_ps,prot_acf,prot_cs,e_prot_ps,E_prot_ps,e_prot_acf,E_prot_acf,e_prot_cs,E_prot_cs,sph_ps,sph_acf,sph_cs,e_sph_ps,e_sph_acf,e_sph_cs,h_ps,fa_prob_ps,hacf,gacf,hcs
3241662,0.85979130195999,-1.0,3.1355609388090673,0.7609455106647774,0.7609455106647774,-1.0,-1.0,0.3272292784056135,0.3272292784056135,576.1588227426969,-1.0,697.902308951686,100.87119633987548,-1.0,169.98393757985306,41.25633894142055,1.2094826817825186e-18,-1.0,-1.0,0.12588487459342856
