target_id,prot_ps,prot_acf,prot_cs,e_prot_ps,E_prot_ps,e_prot_acf,E_prot_acf,e_prot_cs,E_prot_cs,sph_ps,sph_acf,sph_cs,e_sph_ps,e_sph_acf,e_sph_cs,h_ps,fa_prob_ps,hacf,gacf,hcs
3229487,28.61787109446962,-1.0,3.1355544363381345,7.389056098930649,7.389056098930649,-1.0,-1.0,0.2224364457355893,0.2224364457355893,1154.532423119286,-1.0,752.5469853094485,379.6017753851292,-1.0,246.2903067499861,17.96073550495831,1.5839872418846626e-08,-1.0,-1.0,0.3952088014033409
