target_id,prot_ps,prot_acf,prot_cs,e_prot_ps,E_prot_ps,e_prot_acf,E_prot_acf,e_prot_cs,E_prot_cs,sph_ps,sph_acf,sph_cs,e_sph_ps,e_sph_acf,e_sph_cs,h_ps,fa_prob_ps,hacf,gacf,hcs
3342894,14.033831423408207,14.03795746061951,14.03695946349151,0.44524233239999983,0.44524233239999983,-1.0,-1.0,0.07793103789732564,0.07793103789732564,4267.575312948743,4264.329065578249,4265.853681118567,1353.9855467367026,1361.7789590834975,1358.0560809471663,368.0067740333914,1.502065026463106e-160,1.029356934949871,0.5874607498021592,0.972395298557855
