target_id,prot_ps,prot_acf,prot_cs,e_prot_ps,E_prot_ps,e_prot_acf,E_prot_acf,e_prot_cs,E_prot_cs,sph_ps,sph_acf,sph_cs,e_sph_ps,e_sph_acf,e_sph_cs,h_ps,fa_prob_ps,hacf,gacf,hcs
3354459,6.753102209936501,13.711007819976658,13.677057300700094,0.2613426795920982,0.2613426795920982,-1.0,-1.0,0.11116504500691472,0.11116504500691472,2919.683575610469,3175.20791147184,3175.7233054243575,911.8200742713371,701.0645375864091,689.1473276434646,151.67573310670377,1.3429692635970827e-66,0.7742914206576414,0.5188395196509822,0.8885820800576628
