target_id,prot_ps,prot_acf,prot_cs,e_prot_ps,E_prot_ps,e_prot_acf,E_prot_acf,e_prot_cs,E_prot_cs,sph_ps,sph_acf,sph_cs,e_sph_ps,e_sph_acf,e_sph_cs,h_ps,fa_prob_ps,hacf,gacf,hcs
3323215,17.79638769686542,17.532118348404765,17.97573407020356,1.3992797251849198,1.3992797251849198,-1.0,-1.0,0.9233735976691001,0.9233735976691001,2873.7898674670514,2870.3492805461283,2861.4888026428175,752.256018304401,790.0203983153526,770.0436673222383,62.79002097217313,5.378242412432052e-28,0.7687321535245784,0.4329257661176891,0.9867813664442434
