target_id,prot_ps,prot_acf,prot_cs,e_prot_ps,E_prot_ps,e_prot_acf,E_prot_acf,e_prot_cs,E_prot_cs,sph_ps,sph_acf,sph_cs,e_sph_ps,e_sph_acf,e_sph_cs,h_ps,fa_prob_ps,hacf,gacf,hcs
3330620,7.806456011443632,7.866983532439917,7.840055322231857,0.23709029297431228,0.23709029297431228,-1.0,-1.0,0.07323164640759725,0.07323164640759725,5769.180164371974,5714.905095192265,5753.833013898402,2084.053411219408,2125.534906586744,2098.8566392426105,573.4314005340837,9.16024307061928e-250,1.271578556162071,0.7327165050803852,0.9878938421851966
