target_id,prot_ps,prot_acf,prot_cs,e_prot_ps,E_prot_ps,e_prot_acf,E_prot_acf,e_prot_cs,E_prot_cs,sph_ps,sph_acf,sph_cs,e_sph_ps,e_sph_acf,e_sph_cs,h_ps,fa_prob_ps,hacf,gacf,hcs
3355257,0.26563820063330684,-1.0,3.0776149548278102,0.29691263796495443,0.29691263796495443,-1.0,-1.0,0.2730719843435404,0.2730719843435404,177.56110954539048,-1.0,228.0894232112717,21.026491192223567,-1.0,68.33678891067107,20.25960444823683,1.589884526432464e-09,-1.0,-1.0,0.26219509342506414
