target_id,prot_ps,prot_acf,prot_cs,e_prot_ps,E_prot_ps,e_prot_acf,E_prot_acf,e_prot_cs,E_prot_cs,sph_ps,sph_acf,sph_cs,e_sph_ps,e_sph_acf,e_sph_cs,h_ps,fa_prob_ps,hacf,gacf,hcs
3343074,3.025425678576243,6.0892562521621585,6.1088726481422775,0.09409995944446345,0.09409995944446345,-1.0,-1.0,0.14093621003366555,0.14093621003366555,3406.431023468403,3588.853501641434,3595.179297999943,1442.7261021472423,1358.7837513424176,1359.424331490837,274.0544046142953,9.542987055454557e-120,1.0785223306797762,0.761147064851977,0.894289344225474
