target_id,prot_ps,prot_acf,prot_cs,e_prot_ps,E_prot_ps,e_prot_acf,E_prot_acf,e_prot_cs,E_prot_cs,sph_ps,sph_acf,sph_cs,e_sph_ps,e_sph_acf,e_sph_cs,h_ps,fa_prob_ps,hacf,gacf,hcs
3430394,16.971136855324296,16.489994540344924,16.810599266909996,0.8416732982070683,0.8416732982070683,-1.0,-1.0,0.5108628932586916,0.5108628932586916,5259.478324745483,5269.930275434222,5238.638030678924,2127.2318773083507,2103.188861578613,2156.80076458022,139.68605250180778,2.1633072194207665e-61,1.0132296358176296,0.5638977431652988,0.9351174598269599
