target_id,prot_ps,prot_acf,prot_cs,e_prot_ps,E_prot_ps,e_prot_acf,E_prot_acf,e_prot_cs,E_prot_cs,sph_ps,sph_acf,sph_cs,e_sph_ps,e_sph_acf,e_sph_cs,h_ps,fa_prob_ps,hacf,gacf,hcs
3448631,0.3373402419822822,50.12383226817474,1.3827475456940004,0.4529429931469131,0.4529429931469131,-1.0,-1.0,0.1471730826535431,0.1471730826535431,299.93130828826634,1081.1119249000326,398.26895497839035,64.89088342356182,0.0,126.1519220560495,10.47727000574934,2.816952027818659e-05,0.5602474020299776,0.26474240307280966,2.1634993739698762
