target_id,prot_ps,prot_acf,prot_cs,e_prot_ps,E_prot_ps,e_prot_acf,E_prot_acf,e_prot_cs,E_prot_cs,sph_ps,sph_acf,sph_cs,e_sph_ps,e_sph_acf,e_sph_cs,h_ps,fa_prob_ps,hacf,gacf,hcs
3443439,10.425082649742546,-1.0,3.1153231360204523,4.1301889012632556,4.1301889012632556,-1.0,-1.0,1.9779143610408023,1.9779143610408023,1500.1185360174636,-1.0,1154.9937528796797,433.3708485576243,-1.0,393.94314263564803,18.116497086727566,1.3555179839013652e-08,-1.0,-1.0,0.15167923412754583
