target_id,prot_ps,prot_acf,prot_cs,e_prot_ps,E_prot_ps,e_prot_acf,E_prot_acf,e_prot_cs,E_prot_cs,sph_ps,sph_acf,sph_cs,e_sph_ps,e_sph_acf,e_sph_cs,h_ps,fa_prob_ps,hacf,gacf,hcs
3428161,19.60622890890091,39.78458560165018,19.400042843380945,7.11498560511224,7.11498560511224,-1.0,-1.0,1.4380245736716615,1.4380245736716615,432.7040742593125,445.8291180061239,439.1500563098218,109.70407355184753,96.8164966155119,95.44615382075696,16.4505993655983,7.171260049941086e-08,0.24689859676825093,0.08123846674358728,2.265295148078938
