target_id,prot_ps,prot_acf,prot_cs,e_prot_ps,E_prot_ps,e_prot_acf,E_prot_acf,e_prot_cs,E_prot_cs,sph_ps,sph_acf,sph_cs,e_sph_ps,e_sph_acf,e_sph_cs,h_ps,fa_prob_ps,hacf,gacf,hcs
3455204,0.11135095405482755,0.12260189652442932,1.2312294218985875,0.002963073778685867,0.002963073778685867,-1.0,-1.0,0.010617750629775175,0.010617750629775175,1491.6024890825865,1495.446427807555,1537.9454785567668,277.34547807376606,269.2431154397849,206.68117617481386,26340.316129851944,0.0,0.25410060515355515,0.344333244452214,0.00244074429275322
