target_id,prot_ps,prot_acf,prot_cs,e_prot_ps,E_prot_ps,e_prot_acf,E_prot_acf,e_prot_cs,E_prot_cs,sph_ps,sph_acf,sph_cs,e_sph_ps,e_sph_acf,e_sph_cs,h_ps,fa_prob_ps,hacf,gacf,hcs
3553517,0.5103152074825045,-1.0,2.9099712664168322,7.389056098927331,7.389056098927331,-1.0,-1.0,2.505795781006855,2.505795781006855,475.221342802732,-1.0,628.375825123257,101.94396544182719,-1.0,270.05644997473337,13.588424005962288,1.2549384806777584e-06,-1.0,-1.0,0.16457939248309766
