target_id,prot_ps,prot_acf,prot_cs,e_prot_ps,E_prot_ps,e_prot_acf,E_prot_acf,e_prot_cs,E_prot_cs,sph_ps,sph_acf,sph_cs,e_sph_ps,e_sph_acf,e_sph_cs,h_ps,fa_prob_ps,hacf,gacf,hcs
3554195,1.7490232324585946,-1.0,5.222967376701647,0.5462699742696141,0.5462699742696141,-1.0,-1.0,0.0545315697834199,0.0545315697834199,349.17325169395053,-1.0,404.62396611470507,58.642947674195696,-1.0,103.12089447757064,57.158256232221724,1.5013595925737966e-25,-1.0,-1.0,0.38744353620296584
