target_id,prot_ps,prot_acf,prot_cs,e_prot_ps,E_prot_ps,e_prot_acf,E_prot_acf,e_prot_cs,E_prot_cs,sph_ps,sph_acf,sph_cs,e_sph_ps,e_sph_acf,e_sph_cs,h_ps,fa_prob_ps,hacf,gacf,hcs
3543363,47.09473412125058,-1.0,3.176012986125425,7.389056098930649,7.389056098930649,-1.0,-1.0,0.2734821556513615,0.2734821556513615,1142.81565529681,-1.0,672.3281901206567,350.24135490926375,-1.0,259.92313888788794,18.510454252154172,9.141382066322402e-09,-1.0,-1.0,0.3356267009759573
