target_id,prot_ps,prot_acf,prot_cs,e_prot_ps,E_prot_ps,e_prot_acf,E_prot_acf,e_prot_cs,E_prot_cs,sph_ps,sph_acf,sph_cs,e_sph_ps,e_sph_acf,e_sph_cs,h_ps,fa_prob_ps,hacf,gacf,hcs
3545251,3.04957099218224,-1.0,3.0120216986671786,1.2922928840635826,1.2922928840635826,-1.0,-1.0,0.38800004061621424,0.38800004061621424,922.8395210496695,-1.0,915.1242190590493,274.360115426489,-1.0,274.5764482112229,15.836036604983303,1.3258570041951317e-07,-1.0,-1.0,0.3083594086325037
