target_id,prot_ps,prot_acf,prot_cs,e_prot_ps,E_prot_ps,e_prot_acf,E_prot_acf,e_prot_cs,E_prot_cs,sph_ps,sph_acf,sph_cs,e_sph_ps,e_sph_acf,e_sph_cs,h_ps,fa_prob_ps,hacf,gacf,hcs
3525551,47.06695346239132,-1.0,3.1355562941869723,7.389056098930532,7.389056098930532,-1.0,-1.0,0.44131458669466367,0.44131458669466367,1013.6213735980047,-1.0,627.9270707068059,197.15716386618624,-1.0,158.52943040478,18.316956739448422,1.1092942524447988e-08,-1.0,-1.0,0.29633848757849623
