target_id,prot_ps,prot_acf,prot_cs,e_prot_ps,E_prot_ps,e_prot_acf,E_prot_acf,e_prot_cs,E_prot_cs,sph_ps,sph_acf,sph_cs,e_sph_ps,e_sph_acf,e_sph_cs,h_ps,fa_prob_ps,hacf,gacf,hcs
3539634,3.1109302015602345,-1.0,3.0710696516945037,1.160737181552878,1.160737181552878,-1.0,-1.0,0.19417142652916372,0.19417142652916372,225.61922850942418,-1.0,224.75454189531646,26.298278889889207,-1.0,28.12294707663139,16.852971357830526,4.795650619122252e-08,-1.0,-1.0,0.24231956765709395
