target_id,prot_ps,prot_acf,prot_cs,e_prot_ps,E_prot_ps,e_prot_acf,E_prot_acf,e_prot_cs,E_prot_cs,sph_ps,sph_acf,sph_cs,e_sph_ps,e_sph_acf,e_sph_cs,h_ps,fa_prob_ps,hacf,gacf,hcs
3539038,1.1481318557424738,-1.0,28.91391380956862,3.5540030845611223,3.5540030845611223,-1.0,-1.0,3.4443467157379595,3.4443467157379595,666.8197321496739,-1.0,951.1192256178072,72.12963561072527,-1.0,270.76702353723977,15.98545130879641,1.1418438204003931e-07,-1.0,-1.0,0.18912233280214016
