target_id,prot_ps,prot_acf,prot_cs,e_prot_ps,E_prot_ps,e_prot_acf,E_prot_acf,e_prot_cs,E_prot_cs,sph_ps,sph_acf,sph_cs,e_sph_ps,e_sph_acf,e_sph_cs,h_ps,fa_prob_ps,hacf,gacf,hcs
3662806,1.6383965401153433,-1.0,1.6543174949974844,0.5728114263736244,0.5728114263736244,-1.0,-1.0,0.010652777946554892,0.010652777946554892,887.4240415578397,-1.0,900.8941026104789,170.07773397015214,-1.0,207.4636161181447,22.55171848125536,1.6066197676115655e-10,-1.0,-1.0,0.5898695113632346
