target_id,prot_ps,prot_acf,prot_cs,e_prot_ps,E_prot_ps,e_prot_acf,E_prot_acf,e_prot_cs,E_prot_cs,sph_ps,sph_acf,sph_cs,e_sph_ps,e_sph_acf,e_sph_cs,h_ps,fa_prob_ps,hacf,gacf,hcs
3653838,1.5048720119503762,-1.0,1.4919284274927216,1.5091347739441732,1.5091347739441732,-1.0,-1.0,0.01019744367960216,0.01019744367960216,927.5409638955887,-1.0,924.754662131667,147.1420298141067,-1.0,142.9783098713185,16.192093225398054,9.286739463931798e-08,-1.0,-1.0,0.3607268488017392
