target_id,prot_ps,prot_acf,prot_cs,e_prot_ps,E_prot_ps,e_prot_acf,E_prot_acf,e_prot_cs,E_prot_cs,sph_ps,sph_acf,sph_cs,e_sph_ps,e_sph_acf,e_sph_cs,h_ps,fa_prob_ps,hacf,gacf,hcs
3648701,3.0502874528453447,-1.0,3.0337972037494176,1.5460018895723073,1.5460018895723073,-1.0,-1.0,0.25339133507619743,0.25339133507619743,330.6160397622837,-1.0,329.50900062330624,150.73931402487375,-1.0,148.68668754063722,14.54665191138284,4.813592753859793e-07,-1.0,-1.0,0.4627585593746333
