target_id,prot_ps,prot_acf,prot_cs,e_prot_ps,E_prot_ps,e_prot_acf,E_prot_acf,e_prot_cs,E_prot_cs,sph_ps,sph_acf,sph_cs,e_sph_ps,e_sph_acf,e_sph_cs,h_ps,fa_prob_ps,hacf,gacf,hcs
3627629,0.13223704394064478,48.14197973720729,0.4045887940563262,0.2350875160509163,0.2350875160509163,-1.0,-1.0,0.10309728457634432,0.10309728457634432,182.66141747802098,570.645342033825,200.59045953823545,30.709703871641278,158.387999920025,36.53402769401516,12.158017952546496,5.246140195836149e-06,0.18469476215903033,0.0493270600165235,7.832249038923205
