target_id,prot_ps,prot_acf,prot_cs,e_prot_ps,E_prot_ps,e_prot_acf,E_prot_acf,e_prot_cs,E_prot_cs,sph_ps,sph_acf,sph_cs,e_sph_ps,e_sph_acf,e_sph_cs,h_ps,fa_prob_ps,hacf,gacf,hcs
3762238,3.484009642050871,-1.0,3.542944755759857,3.4309031114148256,3.4309031114148256,-1.0,-1.0,0.10473213931343768,0.10473213931343768,856.815436869657,-1.0,866.676733617427,174.58161540513117,-1.0,197.67218213027525,18.842231472555977,6.560287081291405e-09,-1.0,-1.0,0.3105276424015038
