target_id,prot_ps,prot_acf,prot_cs,e_prot_ps,E_prot_ps,e_prot_acf,E_prot_acf,e_prot_cs,E_prot_cs,sph_ps,sph_acf,sph_cs,e_sph_ps,e_sph_acf,e_sph_cs,h_ps,fa_prob_ps,hacf,gacf,hcs
3736200,8.236090157058676,8.234779107384384,8.169305361740888,0.33371741672531036,0.33371741672531036,-1.0,-1.0,0.0983310796224275,0.0983310796224275,4283.619923059268,4283.619923059268,4240.445117919159,1320.551214050159,1320.551214050159,1319.3029238248298,247.86838530067487,2.2497177022587144e-108,1.0978859001374164,0.669003608561037,0.9847796578822089
