target_id,prot_ps,prot_acf,prot_cs,e_prot_ps,E_prot_ps,e_prot_acf,E_prot_acf,e_prot_cs,E_prot_cs,sph_ps,sph_acf,sph_cs,e_sph_ps,e_sph_acf,e_sph_cs,h_ps,fa_prob_ps,hacf,gacf,hcs
3756713,3.0001159552122094,59.48258932773024,3.0358269210972826,6.628139490880776,6.628139490880776,-1.0,-1.0,0.2246614345265165,0.2246614345265165,635.3736252231669,879.5077792946997,633.9534446654382,148.37745687528937,93.0483826661249,143.14030593748632,14.992511654471532,3.0820162100955085e-07,0.1559963555421306,0.043550861449661235,0.4596042426166698
