target_id,prot_ps,prot_acf,prot_cs,e_prot_ps,E_prot_ps,e_prot_acf,E_prot_acf,e_prot_cs,E_prot_cs,sph_ps,sph_acf,sph_cs,e_sph_ps,e_sph_acf,e_sph_cs,h_ps,fa_prob_ps,hacf,gacf,hcs
3750168,2.967284516658736,56.96916907839477,2.9939464323408904,1.722018313107872,1.722018313107872,-1.0,-1.0,0.0856966086412105,0.0856966086412105,765.7868354703255,1290.1360247706612,816.2509253703835,251.37855704813117,228.79557692425038,316.9530784039397,17.96731513144326,1.573599408981746e-08,0.19536029824782544,0.05831335659314165,0.28944196815199447
