target_id,prot_ps,prot_acf,prot_cs,e_prot_ps,E_prot_ps,e_prot_acf,E_prot_acf,e_prot_cs,E_prot_cs,sph_ps,sph_acf,sph_cs,e_sph_ps,e_sph_acf,e_sph_cs,h_ps,fa_prob_ps,hacf,gacf,hcs
3859512,5.341818048647518,5.353644452989101,5.323499367609803,0.16523989117315865,0.16523989117315865,-1.0,-1.0,0.017878239548170253,0.017878239548170253,22953.645766690937,22911.551228530156,22887.707888891604,7251.702665278685,7107.068886519789,7160.796248782979,1617.4135887055754,0.0,1.5399603508440696,0.857686986282491,0.6848833376763874
