target_id,prot_ps,prot_acf,prot_cs,e_prot_ps,E_prot_ps,e_prot_acf,E_prot_acf,e_prot_cs,E_prot_cs,sph_ps,sph_acf,sph_cs,e_sph_ps,e_sph_acf,e_sph_cs,h_ps,fa_prob_ps,hacf,gacf,hcs
3847627,8.739510246363913,-1.0,8.658179475255313,0.45453778266674977,0.45453778266674977,-1.0,-1.0,0.24745131148803148,0.24745131148803148,235.06381731608076,-1.0,234.49398139903528,49.71804019369622,-1.0,47.171347702098274,40.37499044639927,2.9198762273663113e-18,-1.0,-1.0,0.2629258040970189
