target_id,prot_ps,prot_acf,prot_cs,e_prot_ps,E_prot_ps,e_prot_acf,E_prot_acf,e_prot_cs,E_prot_cs,sph_ps,sph_acf,sph_cs,e_sph_ps,e_sph_acf,e_sph_cs,h_ps,fa_prob_ps,hacf,gacf,hcs
3847849,47.08106943771908,54.59889664500952,1.2037947323959264,7.389056098907994,7.389056098907994,-1.0,-1.0,0.012181579279361062,0.012181579279361062,1011.5018694961759,1023.5019559761502,663.4581150381082,117.0795771951239,116.02661501945691,105.91046548219364,19.77921264268538,2.5703785769401583e-09,0.18924174194988222,0.0882415807377335,0.4117153861122268
