target_id,prot_ps,prot_acf,prot_cs,e_prot_ps,E_prot_ps,e_prot_acf,E_prot_acf,e_prot_cs,E_prot_cs,sph_ps,sph_acf,sph_cs,e_sph_ps,e_sph_acf,e_sph_cs,h_ps,fa_prob_ps,hacf,gacf,hcs
3866116,0.8581187610443093,-1.0,3.7148672640323634,7.389056098925193,7.389056098925193,-1.0,-1.0,0.7434835361646482,0.7434835361646482,651.876754692302,-1.0,805.267298251359,148.62521580030162,-1.0,256.0882570709192,16.395465107567485,7.577744805966042e-08,-1.0,-1.0,0.19062940821916252
