target_id,prot_ps,prot_acf,prot_cs,e_prot_ps,E_prot_ps,e_prot_acf,E_prot_acf,e_prot_cs,E_prot_cs,sph_ps,sph_acf,sph_cs,e_sph_ps,e_sph_acf,e_sph_cs,h_ps,fa_prob_ps,hacf,gacf,hcs
3869826,11.314053616197697,-1.0,0.7183885082271771,0.6934212605431814,0.6934212605431814,-1.0,-1.0,0.010786454598371537,0.010786454598371537,1240.6125974602182,-1.0,743.8636775689422,350.10577069653397,-1.0,196.86856034107814,24.852600220205005,1.6093587419498074e-11,-1.0,-1.0,0.11753590842235727
