target_id,prot_ps,prot_acf,prot_cs,e_prot_ps,E_prot_ps,e_prot_acf,E_prot_acf,e_prot_cs,E_prot_cs,sph_ps,sph_acf,sph_cs,e_sph_ps,e_sph_acf,e_sph_cs,h_ps,fa_prob_ps,hacf,gacf,hcs
3847540,1.657730294279171,0.6947470884770155,1.7397284444980325,0.16162962531317476,0.16162962531317476,-1.0,-1.0,0.12099657532058873,0.12099657532058873,303.9549285023334,276.7482889814246,307.2170735782471,73.64708826089358,93.6966033103554,75.53083970024623,39.53961464597502,6.732301274439978e-18,0.19116088387066313,0.26569780212402133,0.2808091047895985
