target_id,prot_ps,prot_acf,prot_cs,e_prot_ps,E_prot_ps,e_prot_acf,E_prot_acf,e_prot_cs,E_prot_cs,sph_ps,sph_acf,sph_cs,e_sph_ps,e_sph_acf,e_sph_cs,h_ps,fa_prob_ps,hacf,gacf,hcs
3974987,13.039075540312961,25.84856592817232,0.6068793739657851,0.8483847901764672,0.8483847901764672,-1.0,-1.0,1.5151530304002665,1.5151530304002665,2803.523575278354,2857.713204867518,1326.3829198718522,774.1384126153159,668.1700494972854,289.7568345987464,30.57495053695025,5.2658404631133856e-14,0.1930129052082743,0.029208084766377526,0.4312918654906842
