target_id,prot_ps,prot_acf,prot_cs,e_prot_ps,E_prot_ps,e_prot_acf,E_prot_acf,e_prot_cs,E_prot_cs,sph_ps,sph_acf,sph_cs,e_sph_ps,e_sph_acf,e_sph_cs,h_ps,fa_prob_ps,hacf,gacf,hcs
3951643,0.2822461367350841,-1.0,31.003439707444684,0.7308141787446921,0.7308141787446921,-1.0,-1.0,0.48523039611873997,0.48523039611873997,626.8703440312681,-1.0,1229.8616345275523,100.51815995625991,-1.0,296.0125620120402,14.372233422597667,5.730840639101225e-07,-1.0,-1.0,0.1989534846817694
