target_id,prot_ps,prot_acf,prot_cs,e_prot_ps,E_prot_ps,e_prot_acf,E_prot_acf,e_prot_cs,E_prot_cs,sph_ps,sph_acf,sph_cs,e_sph_ps,e_sph_acf,e_sph_cs,h_ps,fa_prob_ps,hacf,gacf,hcs
3968865,0.12626548657053535,-1.0,2.967398828317465,0.14656300966202088,0.14656300966202088,-1.0,-1.0,0.06658121040372605,0.06658121040372605,144.32086762770626,-1.0,347.47247555636517,40.116045233089004,-1.0,191.16755004009858,17.400042001541447,2.7749666869147035e-08,-1.0,-1.0,0.47427640014635075
