target_id,prot_ps,prot_acf,prot_cs,e_prot_ps,E_prot_ps,e_prot_acf,E_prot_acf,e_prot_cs,E_prot_cs,sph_ps,sph_acf,sph_cs,e_sph_ps,e_sph_acf,e_sph_cs,h_ps,fa_prob_ps,hacf,gacf,hcs
4059974,0.20257012668932478,-1.0,3.019049686421616,0.44565626255819646,0.44565626255819646,-1.0,-1.0,0.5203190861111086,0.5203190861111086,449.5014070999004,-1.0,648.5678710664343,73.07236964254552,-1.0,229.8125512209076,14.446213570865744,5.322175136793975e-07,-1.0,-1.0,0.31804022154334116
