target_id,prot_ps,prot_acf,prot_cs,e_prot_ps,E_prot_ps,e_prot_acf,E_prot_acf,e_prot_cs,E_prot_cs,sph_ps,sph_acf,sph_cs,e_sph_ps,e_sph_acf,e_sph_cs,h_ps,fa_prob_ps,hacf,gacf,hcs
4043144,0.7216716316035422,49.44961866363883,0.24749711362817406,1.5148594894137335,1.5148594894137335,-1.0,-1.0,0.01242369259789247,0.01242369259789247,299.1563119827195,512.103391316917,261.6076565365674,77.67889328850238,116.24337387544145,39.831105580846675,14.820700290902183,3.6597519066817656e-07,0.07013364228724968,0.012795995900302769,0.47926696927930684
