target_id,prot_ps,prot_acf,prot_cs,e_prot_ps,E_prot_ps,e_prot_acf,E_prot_acf,e_prot_cs,E_prot_cs,sph_ps,sph_acf,sph_cs,e_sph_ps,e_sph_acf,e_sph_cs,h_ps,fa_prob_ps,hacf,gacf,hcs
4065265,4.630973693484272,-1.0,4.581459238333626,0.1893439361088601,0.1893439361088601,-1.0,-1.0,0.13179976851451977,0.13179976851451977,1572.3407134587658,-1.0,1523.491182903222,776.6299210478281,-1.0,621.8958378920106,205.7834586419026,4.2597042268820835e-90,-1.0,-1.0,0.6884721924854342
