target_id,prot_ps,prot_acf,prot_cs,e_prot_ps,E_prot_ps,e_prot_acf,E_prot_acf,e_prot_cs,E_prot_cs,sph_ps,sph_acf,sph_cs,e_sph_ps,e_sph_acf,e_sph_cs,h_ps,fa_prob_ps,hacf,gacf,hcs
4141562,52.50646140282984,52.73945467500016,52.68106732334264,7.389056098930649,7.389056098930649,-1.0,-1.0,1.170946175946227,1.170946175946227,190.9583624675106,189.81052358964678,190.00060682038597,27.84427453331884,30.25248221188556,29.952968204745215,35.044474469985616,6.030844302398346e-16,0.2971113876244783,0.22924685611136575,0.1698349620432922
