target_id,prot_ps,prot_acf,prot_cs,e_prot_ps,E_prot_ps,e_prot_acf,E_prot_acf,e_prot_cs,E_prot_cs,sph_ps,sph_acf,sph_cs,e_sph_ps,e_sph_acf,e_sph_cs,h_ps,fa_prob_ps,hacf,gacf,hcs
4159856,47.070250713536716,-1.0,3.0337935395026574,1.8361443397073736,1.8361443397073736,-1.0,-1.0,0.31989923055294933,0.31989923055294933,1034.8983348096424,-1.0,664.2205963136574,212.95331392508447,-1.0,205.60364144936023,27.78519913380988,8.571194248453788e-13,-1.0,-1.0,0.15865862386171248
