target_id,prot_ps,prot_acf,prot_cs,e_prot_ps,E_prot_ps,e_prot_acf,E_prot_acf,e_prot_cs,E_prot_cs,sph_ps,sph_acf,sph_cs,e_sph_ps,e_sph_acf,e_sph_cs,h_ps,fa_prob_ps,hacf,gacf,hcs
4161096,3.1069494382254024,-1.0,3.095101523716003,1.6692332049989473,1.6692332049989473,-1.0,-1.0,0.11506683295364611,0.11506683295364611,799.3701940509316,-1.0,807.1868554844805,289.96346371678715,-1.0,292.07299942849625,18.261764387383252,1.1722398924135536e-08,-1.0,-1.0,0.3829759139724004
