target_id,prot_ps,prot_acf,prot_cs,e_prot_ps,E_prot_ps,e_prot_acf,E_prot_acf,e_prot_cs,E_prot_cs,sph_ps,sph_acf,sph_cs,e_sph_ps,e_sph_acf,e_sph_cs,h_ps,fa_prob_ps,hacf,gacf,hcs
4148191,0.3370138783377112,18.635512478649616,18.76418418174666,0.00890873873515416,0.00890873873515416,-1.0,-1.0,0.2089618288145079,0.2089618288145079,1462.6952798025914,5903.007670345253,5873.290893644453,872.5085771175815,1847.0094568306442,1861.5958247573444,22207.311591539918,0.0,0.8925811359343003,0.5702258068960263,0.004963358662529252
