target_id,prot_ps,prot_acf,prot_cs,e_prot_ps,E_prot_ps,e_prot_acf,E_prot_acf,e_prot_cs,E_prot_cs,sph_ps,sph_acf,sph_cs,e_sph_ps,e_sph_acf,e_sph_cs,h_ps,fa_prob_ps,hacf,gacf,hcs
4281678,0.6193813576709419,-1.0,1.165274769370652,7.389056098848842,7.389056098848842,-1.0,-1.0,0.009650339840098962,0.009650339840098962,380.1100680005749,-1.0,395.60400353229295,59.52511186746104,-1.0,61.33274616372141,14.534889090807207,4.870548505172297e-07,-1.0,-1.0,0.19950113846134884
