target_id,prot_ps,prot_acf,prot_cs,e_prot_ps,E_prot_ps,e_prot_acf,E_prot_acf,e_prot_cs,E_prot_cs,sph_ps,sph_acf,sph_cs,e_sph_ps,e_sph_acf,e_sph_cs,h_ps,fa_prob_ps,hacf,gacf,hcs
4263668,0.33171813908590764,51.92228063335642,0.6985623142427745,0.39706124799242626,0.39706124799242626,-1.0,-1.0,0.012204562068105222,0.012204562068105222,576.4966689864614,758.379884882125,586.2961572424203,73.38018412143153,80.73872545469321,70.27679323608476,13.456718593334871,1.4315989473730652e-06,0.1152155767856852,0.042808987182454336,0.4150698704155203
