target_id,prot_ps,prot_acf,prot_cs,e_prot_ps,E_prot_ps,e_prot_acf,E_prot_acf,e_prot_cs,E_prot_cs,sph_ps,sph_acf,sph_cs,e_sph_ps,e_sph_acf,e_sph_cs,h_ps,fa_prob_ps,hacf,gacf,hcs
4372768,1.0428930315277556,13.506777700036764,1.7343804916531593,0.5494957387122563,0.5494957387122563,-1.0,-1.0,0.0074332492755952335,0.0074332492755952335,955.9270686420474,1170.7277586817943,997.5178465727759,135.0213546478546,152.96254169948912,135.94886469288292,152.91478550110523,3.89002556464071e-67,0.05719558790455645,0.03978911901640475,8.940220162873896
