target_id,prot_ps,prot_acf,prot_cs,e_prot_ps,E_prot_ps,e_prot_acf,E_prot_acf,e_prot_cs,E_prot_cs,sph_ps,sph_acf,sph_cs,e_sph_ps,e_sph_acf,e_sph_cs,h_ps,fa_prob_ps,hacf,gacf,hcs
4357099,45.95266339862902,51.59511411329731,3.0141763496445497,2.608179780271882,2.608179780271882,-1.0,-1.0,1.1427354572551824,1.1427354572551824,227.65045752065848,226.8993783781465,180.93143372730057,27.638136567504013,24.96891060635266,27.55810896336041,19.59524554628965,3.089534062351201e-09,0.16454637803226024,0.05223858400516844,0.15773014335388144
