target_id,prot_ps,prot_acf,prot_cs,e_prot_ps,E_prot_ps,e_prot_acf,E_prot_acf,e_prot_cs,E_prot_cs,sph_ps,sph_acf,sph_cs,e_sph_ps,e_sph_acf,e_sph_cs,h_ps,fa_prob_ps,hacf,gacf,hcs
4354841,14.742574122816785,29.547108236700296,0.3236695674061776,0.9579119004559853,0.9579119004559853,-1.0,-1.0,0.01871069654537482,0.01871069654537482,1406.2426862166963,1461.803294176414,364.0320441423622,469.78199633402596,346.361338568103,95.26112784999061,30.131200884713245,8.207024362973779e-14,0.381412519803153,0.14343607704534292,0.990217192871093
