target_id,prot_ps,prot_acf,prot_cs,e_prot_ps,E_prot_ps,e_prot_acf,E_prot_acf,e_prot_cs,E_prot_cs,sph_ps,sph_acf,sph_cs,e_sph_ps,e_sph_acf,e_sph_cs,h_ps,fa_prob_ps,hacf,gacf,hcs
4372247,5.625353276474233,11.279390417039394,11.631871367571877,0.23957357811616053,0.23957357811616053,-1.0,-1.0,0.4648266523515862,0.4648266523515862,1563.0760514895796,1652.5641316792044,1645.641818710242,563.8606979041103,487.8755480515066,446.1673305450481,160.67121519642677,1.6648604617379434e-70,0.580158491654214,0.43980149179086214,0.2440284816212433
