target_id,prot_ps,prot_acf,prot_cs,e_prot_ps,E_prot_ps,e_prot_acf,E_prot_acf,e_prot_cs,E_prot_cs,sph_ps,sph_acf,sph_cs,e_sph_ps,e_sph_acf,e_sph_cs,h_ps,fa_prob_ps,hacf,gacf,hcs
4365996,14.888272690914746,-1.0,28.580800129423555,4.272915245778225,4.272915245778225,-1.0,-1.0,0.3735567086021729,0.3735567086021729,599.5284911075535,-1.0,657.17384531189,401.3147727612309,-1.0,309.9063597662572,15.406771750671387,2.0366858435449819e-07,-1.0,-1.0,0.3302235239747465
