target_id,prot_ps,prot_acf,prot_cs,e_prot_ps,E_prot_ps,e_prot_acf,E_prot_acf,e_prot_cs,E_prot_cs,sph_ps,sph_acf,sph_cs,e_sph_ps,e_sph_acf,e_sph_cs,h_ps,fa_prob_ps,hacf,gacf,hcs
4460061,3.125509435735814,6.681819196790457,0.24289925965634873,0.17394872871455058,0.17394872871455058,-1.0,-1.0,0.013224252806797648,0.013224252806797648,420.7277141501038,460.48845408063204,213.6638630541672,130.82175085440605,101.94981399409218,71.38539845737093,44.03103477419475,7.543355319985622e-20,0.08731598269369864,0.14159928374175074,1.0919784352481763
