target_id,prot_ps,prot_acf,prot_cs,e_prot_ps,E_prot_ps,e_prot_acf,E_prot_acf,e_prot_cs,E_prot_cs,sph_ps,sph_acf,sph_cs,e_sph_ps,e_sph_acf,e_sph_cs,h_ps,fa_prob_ps,hacf,gacf,hcs
4556565,0.3496859306985696,-1.0,3.135561010264792,0.478229442939308,0.478229442939308,-1.0,-1.0,0.4236449103866767,0.4236449103866767,402.7284521474617,-1.0,642.7352996325357,113.12433640095837,-1.0,225.33352406955427,43.508904959604834,1.2715184386663316e-19,-1.0,-1.0,0.13511057665883677
