target_id,prot_ps,prot_acf,prot_cs,e_prot_ps,E_prot_ps,e_prot_acf,E_prot_acf,e_prot_cs,E_prot_cs,sph_ps,sph_acf,sph_cs,e_sph_ps,e_sph_acf,e_sph_cs,h_ps,fa_prob_ps,hacf,gacf,hcs
4557341,1.3071046606451273,35.146010760217905,1.2946809545159346,2.459248151919997,2.459248151919997,-1.0,-1.0,0.6514916591563907,0.6514916591563907,477.97138997954005,1237.88115431509,467.362801329751,322.61919136424564,290.6108763428847,316.7149180830737,13.479938977162742,1.3987396495086462e-06,0.4394545943606468,0.2244342285667808,1.7253767696228381
