target_id,prot_ps,prot_acf,prot_cs,e_prot_ps,E_prot_ps,e_prot_acf,E_prot_acf,e_prot_cs,E_prot_cs,sph_ps,sph_acf,sph_cs,e_sph_ps,e_sph_acf,e_sph_cs,h_ps,fa_prob_ps,hacf,gacf,hcs
4661205,45.862980073919644,-1.0,0.40702117538237104,7.389056098930649,7.389056098930649,-1.0,-1.0,0.012616493624078105,0.012616493624078105,1655.3813884284725,-1.0,565.8236629311091,195.0635816406791,-1.0,153.07650924210074,21.453883048674292,4.816116419825565e-10,-1.0,-1.0,0.16138727769290584
