target_id,prot_ps,prot_acf,prot_cs,e_prot_ps,E_prot_ps,e_prot_acf,E_prot_acf,e_prot_cs,E_prot_cs,sph_ps,sph_acf,sph_cs,e_sph_ps,e_sph_acf,e_sph_cs,h_ps,fa_prob_ps,hacf,gacf,hcs
4646583,0.6266361996778764,-1.0,2.498001770043359,7.38905609885757,7.38905609885757,-1.0,-1.0,0.00981416909576723,0.00981416909576723,155.7158256154241,-1.0,241.409317746356,43.58715925116318,-1.0,117.12986293233325,13.99690043482136,8.341100950712003e-07,-1.0,-1.0,0.3651085033406173
