target_id,prot_ps,prot_acf,prot_cs,e_prot_ps,E_prot_ps,e_prot_acf,E_prot_acf,e_prot_cs,E_prot_cs,sph_ps,sph_acf,sph_cs,e_sph_ps,e_sph_acf,e_sph_cs,h_ps,fa_prob_ps,hacf,gacf,hcs
4660434,5.168081253347524,-1.0,5.138277099039406,2.4013653726507784,2.4013653726507784,-1.0,-1.0,0.1234206202652313,0.1234206202652313,267.1483417663309,-1.0,268.6487611109381,80.68745128906465,-1.0,89.44774016871222,24.665684700309882,1.9401229020186575e-11,-1.0,-1.0,0.23795642532918249
