target_id,prot_ps,prot_acf,prot_cs,e_prot_ps,E_prot_ps,e_prot_acf,E_prot_acf,e_prot_cs,E_prot_cs,sph_ps,sph_acf,sph_cs,e_sph_ps,e_sph_acf,e_sph_cs,h_ps,fa_prob_ps,hacf,gacf,hcs
4658549,11.576058058622955,11.442953199148178,11.576408419446842,0.44896529310308064,0.44896529310308064,-1.0,-1.0,0.07061039187515748,0.07061039187515748,2831.3901594559165,2796.6323023382115,2831.3901594559165,819.5929509625024,847.9520131547221,819.5929509625024,223.23937335486931,1.1178203415737596e-97,0.7022513933631529,0.5294651988655108,0.915177278793949
