target_id,prot_ps,prot_acf,prot_cs,e_prot_ps,E_prot_ps,e_prot_acf,E_prot_acf,e_prot_cs,E_prot_cs,sph_ps,sph_acf,sph_cs,e_sph_ps,e_sph_acf,e_sph_cs,h_ps,fa_prob_ps,hacf,gacf,hcs
4640018,15.52678435663582,15.63178206095472,15.684909686259923,1.015971136468298,1.015971136468298,-1.0,-1.0,0.7190877090966189,0.7190877090966189,4305.474757491012,4308.797601700043,4320.023266493834,1636.5488080542407,1620.7418155826915,1587.5075746858956,69.61025993331454,5.870136864524864e-31,1.05625020154769,0.6310697093826625,0.9898981136379167
