target_id,prot_ps,prot_acf,prot_cs,e_prot_ps,E_prot_ps,e_prot_acf,E_prot_acf,e_prot_cs,E_prot_cs,sph_ps,sph_acf,sph_cs,e_sph_ps,e_sph_acf,e_sph_cs,h_ps,fa_prob_ps,hacf,gacf,hcs
4738756,0.10676213338195062,-1.0,2.7916616610903295,0.15828694242547717,0.15828694242547717,-1.0,-1.0,1.0601165556828858,1.0601165556828858,672.6914342474754,-1.0,727.1311668942766,124.93960581961817,-1.0,84.72494315117196,11.785822837087478,7.611709009785405e-06,-1.0,-1.0,0.15269520823410673
