target_id,prot_ps,prot_acf,prot_cs,e_prot_ps,E_prot_ps,e_prot_acf,E_prot_acf,e_prot_cs,E_prot_cs,sph_ps,sph_acf,sph_cs,e_sph_ps,e_sph_acf,e_sph_cs,h_ps,fa_prob_ps,hacf,gacf,hcs
4860614,45.95235216122125,57.868436716496944,4.569205331359411,1.6730065743218945,1.6730065743218945,-1.0,-1.0,0.1259776632178901,0.1259776632178901,230.30112140604365,226.02384197202522,186.01259436332634,37.742661934569256,37.55572431618544,52.07391450959158,39.005838025387014,1.148100176111818e-17,0.19449770110966907,0.05162303985533593,0.22960023587050266
