target_id,prot_ps,prot_acf,prot_cs,e_prot_ps,E_prot_ps,e_prot_acf,E_prot_acf,e_prot_cs,E_prot_cs,sph_ps,sph_acf,sph_cs,e_sph_ps,e_sph_acf,e_sph_cs,h_ps,fa_prob_ps,hacf,gacf,hcs
4851871,0.13056699534577315,0.14303557528182864,0.37098166195325627,0.0034358204807001516,0.0034358204807001516,-1.0,-1.0,0.019930824040484706,0.019930824040484706,479.9730870307047,482.18288630544663,501.929813108413,109.60972541245891,108.39663130842413,106.10765017059983,50054.95622246606,0.0,0.17380098078054146,0.7281596455124204,0.00022344244863924703
