target_id,prot_ps,prot_acf,prot_cs,e_prot_ps,E_prot_ps,e_prot_acf,E_prot_acf,e_prot_cs,E_prot_cs,sph_ps,sph_acf,sph_cs,e_sph_ps,e_sph_acf,e_sph_cs,h_ps,fa_prob_ps,hacf,gacf,hcs
4838866,14.599904974628362,-1.0,0.16510483171790222,4.962915771703589,4.962915771703589,-1.0,-1.0,0.009675692251863629,0.009675692251863629,598.0737162380102,-1.0,453.640841292219,179.86093694011367,-1.0,66.61061442998744,14.035748252758582,8.023280660907531e-07,-1.0,-1.0,0.21036196938421364
