target_id,prot_ps,prot_acf,prot_cs,e_prot_ps,E_prot_ps,e_prot_acf,E_prot_acf,e_prot_cs,E_prot_cs,sph_ps,sph_acf,sph_cs,e_sph_ps,e_sph_acf,e_sph_cs,h_ps,fa_prob_ps,hacf,gacf,hcs
4917326,0.3573530971657699,-1.0,1.1934882557624953,0.640129778681072,0.640129778681072,-1.0,-1.0,1.707734592676572,1.707734592676572,534.0313756560264,-1.0,549.3493210131369,49.514165446250374,-1.0,36.5441519486874,9.338797235092315,8.794514983973438e-05,-1.0,-1.0,0.11686554710997644
