target_id,prot_ps,prot_acf,prot_cs,e_prot_ps,E_prot_ps,e_prot_acf,E_prot_acf,e_prot_cs,E_prot_cs,sph_ps,sph_acf,sph_cs,e_sph_ps,e_sph_acf,e_sph_cs,h_ps,fa_prob_ps,hacf,gacf,hcs
4901971,52.84414412904577,58.52114240825176,0.42590291870382313,7.3890560989305945,7.3890560989305945,-1.0,-1.0,0.01199265117913277,0.01199265117913277,753.8921395146893,742.3777575654673,346.4848383505277,79.42837881905425,65.3332135243712,97.66382231937877,33.69551998545124,2.3239223110703258e-15,0.19145554261786402,0.002753051210540999,11.942766782224124
