target_id,prot_ps,prot_acf,prot_cs,e_prot_ps,E_prot_ps,e_prot_acf,E_prot_acf,e_prot_cs,E_prot_cs,sph_ps,sph_acf,sph_cs,e_sph_ps,e_sph_acf,e_sph_cs,h_ps,fa_prob_ps,hacf,gacf,hcs
4908380,0.30830560501072324,-1.0,1.8161483065038917,0.5311534193804968,0.5311534193804968,-1.0,-1.0,0.055443264859882366,0.055443264859882366,531.9836876935367,-1.0,685.3113110230767,67.38918943409888,-1.0,206.95807788195904,13.417731037479014,1.4885158064826412e-06,-1.0,-1.0,0.3197205904908445
