target_id,prot_ps,prot_acf,prot_cs,e_prot_ps,E_prot_ps,e_prot_acf,E_prot_acf,e_prot_cs,E_prot_cs,sph_ps,sph_acf,sph_cs,e_sph_ps,e_sph_acf,e_sph_cs,h_ps,fa_prob_ps,hacf,gacf,hcs
4989057,0.22129094896131987,-1.0,1.2106284560888105,7.389056098930519,7.389056098930519,-1.0,-1.0,0.010304783907674961,0.010304783907674961,319.07299065171776,-1.0,497.63342362785176,62.78072359215404,-1.0,256.5082477735157,24.088119221908936,3.456708380078262e-11,-1.0,-1.0,0.6520943640528563
