target_id,prot_ps,prot_acf,prot_cs,e_prot_ps,E_prot_ps,e_prot_acf,E_prot_acf,e_prot_cs,E_prot_cs,sph_ps,sph_acf,sph_cs,e_sph_ps,e_sph_acf,e_sph_cs,h_ps,fa_prob_ps,hacf,gacf,hcs
4936404,2.076227787519714,-1.0,2.0019000535923985,0.4669661790166773,0.4669661790166773,-1.0,-1.0,0.1334524134482547,0.1334524134482547,529.1643100745147,-1.0,529.115186387149,74.7766999209486,-1.0,68.84647689636873,27.851606790241803,8.020489209274939e-13,-1.0,-1.0,0.20539424478987736
