target_id,prot_ps,prot_acf,prot_cs,e_prot_ps,E_prot_ps,e_prot_acf,E_prot_acf,e_prot_cs,E_prot_cs,sph_ps,sph_acf,sph_cs,e_sph_ps,e_sph_acf,e_sph_cs,h_ps,fa_prob_ps,hacf,gacf,hcs
4990599,0.2728419629035189,57.846101976465434,3.175916506606161,7.389056098929444,7.389056098929444,-1.0,-1.0,0.34230744942110886,0.34230744942110886,595.34182484185,956.5386208890951,706.9129018817579,107.46279166264307,0.0,119.64885773114507,8.247572483847119,0.0002618935370695983,0.1626269454963776,0.02313150739580945,0.4949086114332822
