target_id,prot_ps,prot_acf,prot_cs,e_prot_ps,E_prot_ps,e_prot_acf,E_prot_acf,e_prot_cs,E_prot_cs,sph_ps,sph_acf,sph_cs,e_sph_ps,e_sph_acf,e_sph_cs,h_ps,fa_prob_ps,hacf,gacf,hcs
4921316,47.067518719043555,-1.0,3.1355516495648774,2.2515895750647137,2.2515895750647137,-1.0,-1.0,0.9004496976485453,0.9004496976485453,556.5704549546964,-1.0,504.7476722296597,27.32890006969861,-1.0,43.72658209589655,17.942052316754904,1.6138593578904756e-08,-1.0,-1.0,0.0854982986556076
