target_id,prot_ps,prot_acf,prot_cs,e_prot_ps,E_prot_ps,e_prot_acf,E_prot_acf,e_prot_cs,E_prot_cs,sph_ps,sph_acf,sph_cs,e_sph_ps,e_sph_acf,e_sph_cs,h_ps,fa_prob_ps,hacf,gacf,hcs
5037811,45.86289655847882,53.41392840910703,3.0748767968639736,1.8959765172106315,1.8959765172106315,-1.0,-1.0,0.18537193569595414,0.18537193569595414,1099.5196982138928,1143.745858715751,767.5568246220788,278.7946742560388,189.47304579826334,205.35091940791978,20.246985176397196,1.6100748370393356e-09,0.14979739812911796,0.011179397586371691,0.25389051044289107
