target_id,prot_ps,prot_acf,prot_cs,e_prot_ps,E_prot_ps,e_prot_acf,E_prot_acf,e_prot_cs,E_prot_cs,sph_ps,sph_acf,sph_cs,e_sph_ps,e_sph_acf,e_sph_cs,h_ps,fa_prob_ps,hacf,gacf,hcs
5022778,5.666926957175447,11.810671704821289,11.887502371966837,0.4019498631559197,0.4019498631559197,-1.0,-1.0,0.6000649644579628,0.6000649644579628,2649.1495574272894,2880.4141759560734,2664.4640832913456,836.0430630841929,792.0497260178937,897.5211095169936,53.76952481350297,4.4482796163216505e-24,0.7814152456573602,0.47164572766469753,0.7287287935473875
