target_id,prot_ps,prot_acf,prot_cs,e_prot_ps,E_prot_ps,e_prot_acf,E_prot_acf,e_prot_cs,E_prot_cs,sph_ps,sph_acf,sph_cs,e_sph_ps,e_sph_acf,e_sph_cs,h_ps,fa_prob_ps,hacf,gacf,hcs
5034865,0.34574793027663325,-1.0,2.765504607800392,0.3584995996978805,0.3584995996978805,-1.0,-1.0,0.34303871336661673,0.34303871336661673,475.2359884387875,-1.0,553.3845468891246,53.78273809160187,-1.0,102.83697836642145,28.98006676472083,2.594877849955219e-13,-1.0,-1.0,0.16307831238323753
