target_id,prot_ps,prot_acf,prot_cs,e_prot_ps,E_prot_ps,e_prot_acf,E_prot_acf,e_prot_cs,E_prot_cs,sph_ps,sph_acf,sph_cs,e_sph_ps,e_sph_acf,e_sph_cs,h_ps,fa_prob_ps,hacf,gacf,hcs
5084267,0.2830849563002843,43.033341192640364,1.3927452423456657,0.4494323365463474,0.4494323365463474,-1.0,-1.0,0.035691231301490906,0.035691231301490906,612.5937517980655,1497.1767682437935,769.273191475483,87.08394938595963,565.9341256231759,247.76786017910877,14.243387080956984,6.518919034906982e-07,0.17172352733816826,0.056921385409464294,0.3815476083863268
