target_id,prot_ps,prot_acf,prot_cs,e_prot_ps,E_prot_ps,e_prot_acf,E_prot_acf,e_prot_cs,E_prot_cs,sph_ps,sph_acf,sph_cs,e_sph_ps,e_sph_acf,e_sph_cs,h_ps,fa_prob_ps,hacf,gacf,hcs
5040077,5.088210848148789,15.284887362271547,15.35518149666488,0.19395140086506993,0.19395140086506993,-1.0,-1.0,1.0545586596301215,1.0545586596301215,2302.8051425760877,2394.634050371681,2544.027554635246,1078.8140567787298,864.9561061942501,746.5007590715278,71.87800884331467,6.07823363065525e-32,0.9496648442156882,0.5681819217208329,0.5265380837339396
