target_id,prot_ps,prot_acf,prot_cs,e_prot_ps,E_prot_ps,e_prot_acf,E_prot_acf,e_prot_cs,E_prot_cs,sph_ps,sph_acf,sph_cs,e_sph_ps,e_sph_acf,e_sph_cs,h_ps,fa_prob_ps,hacf,gacf,hcs
5090873,33.17074288988695,33.04126758640632,1.7397238851618024,7.389056098930649,7.389056098930649,-1.0,-1.0,0.7483962509950242,0.7483962509950242,1187.6050655269914,1187.0528469471433,799.3416419096242,166.27649819920163,171.49982437413715,270.92324789495296,23.478387760604594,6.360126469716722e-11,0.11437631874364104,0.09053584076788154,0.7245827416268095
