target_id,prot_ps,prot_acf,prot_cs,e_prot_ps,E_prot_ps,e_prot_acf,E_prot_acf,e_prot_cs,E_prot_cs,sph_ps,sph_acf,sph_cs,e_sph_ps,e_sph_acf,e_sph_cs,h_ps,fa_prob_ps,hacf,gacf,hcs
5023872,0.1163148810697919,-1.0,1.902521165964421,0.23728988221267625,0.23728988221267625,-1.0,-1.0,0.4748188285243951,0.4748188285243951,498.66661787876114,-1.0,632.1335796678388,88.07310418345998,-1.0,156.56817492476378,13.471591017611104,1.4104651454145877e-06,-1.0,-1.0,0.4906980362119027
