target_id,prot_ps,prot_acf,prot_cs,e_prot_ps,E_prot_ps,e_prot_acf,E_prot_acf,e_prot_cs,E_prot_cs,sph_ps,sph_acf,sph_cs,e_sph_ps,e_sph_acf,e_sph_cs,h_ps,fa_prob_ps,hacf,gacf,hcs
5091497,1.0992654317427595,2.227261696010828,1.1059377285959633,0.029077797321821006,0.029077797321821006,-1.0,-1.0,0.008458135598708554,0.008458135598708554,4732.53250990038,4951.689986909479,4754.563111957509,1555.4183679390924,1402.957921768401,1535.0604571639726,727.4248190326251,1.2117558e-316,1.162320833318112,0.8787907342624198,0.7118308782572407
