target_id,prot_ps,prot_acf,prot_cs,e_prot_ps,E_prot_ps,e_prot_acf,E_prot_acf,e_prot_cs,E_prot_cs,sph_ps,sph_acf,sph_cs,e_sph_ps,e_sph_acf,e_sph_cs,h_ps,fa_prob_ps,hacf,gacf,hcs
5083302,10.348261056864642,-1.0,1.7137512648225584,6.745565049620532,6.745565049620532,-1.0,-1.0,0.015890592669193272,0.015890592669193272,990.4172375110627,-1.0,633.1524565745267,296.88066463446023,-1.0,136.68110156046134,18.485638681299882,9.371068797494417e-09,-1.0,-1.0,0.348303069391952
