target_id,prot_ps,prot_acf,prot_cs,e_prot_ps,E_prot_ps,e_prot_acf,E_prot_acf,e_prot_cs,E_prot_cs,sph_ps,sph_acf,sph_cs,e_sph_ps,e_sph_acf,e_sph_cs,h_ps,fa_prob_ps,hacf,gacf,hcs
5097781,6.9870206047238455,-1.0,6.882698299572166,2.662666519172321,2.662666519172321,-1.0,-1.0,0.07872636678767617,0.07872636678767617,363.34661076511736,-1.0,361.83015049479474,94.1426359049654,-1.0,77.19301526993478,26.615100394887726,2.761905171268311e-12,-1.0,-1.0,0.2331540807648057
