target_id,prot_ps,prot_acf,prot_cs,e_prot_ps,E_prot_ps,e_prot_acf,E_prot_acf,e_prot_cs,E_prot_cs,sph_ps,sph_acf,sph_cs,e_sph_ps,e_sph_acf,e_sph_cs,h_ps,fa_prob_ps,hacf,gacf,hcs
5184384,4.048764592623559,9.992143600713462,0.34922446410817154,0.2854374788548598,0.2854374788548598,-1.0,-1.0,0.012992566717266105,0.012992566717266105,156.99611303677452,173.06602863008757,77.30764876213297,50.10433451626449,47.050453018111014,34.1441769916388,19.511832882790873,3.3582934869141647e-09,0.13103790235403662,0.06365264650479906,4.071552015975094
