target_id,prot_ps,prot_acf,prot_cs,e_prot_ps,E_prot_ps,e_prot_acf,E_prot_acf,e_prot_cs,E_prot_cs,sph_ps,sph_acf,sph_cs,e_sph_ps,e_sph_acf,e_sph_cs,h_ps,fa_prob_ps,hacf,gacf,hcs
5182046,0.5310575690242717,-1.0,0.7802464390750483,0.8823275129175394,0.8823275129175394,-1.0,-1.0,0.010198675700643256,0.010198675700643256,636.0334303958564,-1.0,645.409126799806,74.28514611559878,-1.0,76.00048526803643,14.148623329811292,7.166893672146042e-07,-1.0,-1.0,0.2629396276288405
