target_id,prot_ps,prot_acf,prot_cs,e_prot_ps,E_prot_ps,e_prot_acf,E_prot_acf,e_prot_cs,E_prot_cs,sph_ps,sph_acf,sph_cs,e_sph_ps,e_sph_acf,e_sph_cs,h_ps,fa_prob_ps,hacf,gacf,hcs
5193446,15.688879247520823,31.754017112776637,15.850036032199858,4.781601422314286,4.781601422314286,-1.0,-1.0,0.6288973105444263,0.6288973105444263,1288.8404027839688,1454.0250465251984,1285.2125857914587,461.4592842058047,312.6076197062563,496.20614590904637,17.892216938008115,1.6963244225273464e-08,0.4628118845567465,0.21593201038275028,1.2790806076101893
