target_id,prot_ps,prot_acf,prot_cs,e_prot_ps,E_prot_ps,e_prot_acf,E_prot_acf,e_prot_cs,E_prot_cs,sph_ps,sph_acf,sph_cs,e_sph_ps,e_sph_acf,e_sph_cs,h_ps,fa_prob_ps,hacf,gacf,hcs
5182286,15.67914658986125,15.488789209164679,15.562706463915283,0.672965201751216,0.672965201751216,-1.0,-1.0,0.3085960999575125,0.3085960999575125,1877.5623798367,1878.836681050041,1877.4547592156343,474.9654560237719,509.35235391302933,489.32562286076563,87.75925783543926,7.702622007332642e-39,0.6963199347649308,0.35285576526031254,0.9847899103617868
