target_id,prot_ps,prot_acf,prot_cs,e_prot_ps,E_prot_ps,e_prot_acf,E_prot_acf,e_prot_cs,E_prot_cs,sph_ps,sph_acf,sph_cs,e_sph_ps,e_sph_acf,e_sph_cs,h_ps,fa_prob_ps,hacf,gacf,hcs
5104481,1.4080822543668836,56.397074181586504,1.3621119438204912,0.3435596128812721,0.3435596128812721,-1.0,-1.0,0.06928315271311934,0.06928315271311934,327.2080746780947,403.8260140625872,327.70802482636105,54.994486967931834,17.784949815302387,56.53365858737831,35.78355263541172,2.880053448529997e-16,0.023705127271480626,0.00023625872646212612,0.0898981658978245
