target_id,prot_ps,prot_acf,prot_cs,e_prot_ps,E_prot_ps,e_prot_acf,E_prot_acf,e_prot_cs,E_prot_cs,sph_ps,sph_acf,sph_cs,e_sph_ps,e_sph_acf,e_sph_cs,h_ps,fa_prob_ps,hacf,gacf,hcs
5127332,5.219784346564225,16.203938642516732,16.015131085067985,0.2740239640183239,0.2740239640183239,-1.0,-1.0,1.3928190180599964,1.3928190180599964,2157.7989306853046,2334.2428199825936,2320.335777657873,875.733291539777,691.6039712595066,676.9972525121564,39.01197563337897,1.1410751677219645e-17,0.7777869820065543,0.442007263012421,0.8006352376654506
