target_id,prot_ps,prot_acf,prot_cs,e_prot_ps,E_prot_ps,e_prot_acf,E_prot_acf,e_prot_cs,E_prot_cs,sph_ps,sph_acf,sph_cs,e_sph_ps,e_sph_acf,e_sph_cs,h_ps,fa_prob_ps,hacf,gacf,hcs
5112402,4.899705123430437,4.863191383890808,4.842902610546074,0.17392335354604943,0.17392335354604943,-1.0,-1.0,0.043183629261242154,0.043183629261242154,6397.878775553897,6370.576681688786,6520.861078518862,2748.2391415335646,2731.564894696606,2635.813436805804,704.5698481554377,1.021416409442535e-306,1.182112321112132,0.7416886388959378,0.6718266800847932
