target_id,prot_ps,prot_acf,prot_cs,e_prot_ps,E_prot_ps,e_prot_acf,E_prot_acf,e_prot_cs,E_prot_cs,sph_ps,sph_acf,sph_cs,e_sph_ps,e_sph_acf,e_sph_cs,h_ps,fa_prob_ps,hacf,gacf,hcs
5165628,11.47915877065748,55.02716705063358,2.0026782928453764,0.4934752733314849,0.4934752733314849,-1.0,-1.0,1.0577706331947376,1.0577706331947376,2284.2756903892487,2578.9940411091557,1523.9864745015138,651.303002619529,261.1178393462628,425.28895846563296,27.557631629788037,1.0761496006542175e-12,0.22763625809690893,0.08415115490976303,4.494790401629959
