target_id,prot_ps,prot_acf,prot_cs,e_prot_ps,E_prot_ps,e_prot_acf,E_prot_acf,e_prot_cs,E_prot_cs,sph_ps,sph_acf,sph_cs,e_sph_ps,e_sph_acf,e_sph_cs,h_ps,fa_prob_ps,hacf,gacf,hcs
5176599,41.68688709681908,-1.0,0.9493491477612405,7.389056098930649,7.389056098930649,-1.0,-1.0,0.43433397691577874,0.43433397691577874,528.32778402896,-1.0,482.24395284743315,20.5168208435378,-1.0,44.20246337293066,13.819022669267865,9.96494048945377e-07,-1.0,-1.0,0.06379265217614438
