target_id,prot_ps,prot_acf,prot_cs,e_prot_ps,E_prot_ps,e_prot_acf,E_prot_acf,e_prot_cs,E_prot_cs,sph_ps,sph_acf,sph_cs,e_sph_ps,e_sph_acf,e_sph_cs,h_ps,fa_prob_ps,hacf,gacf,hcs
5184355,42.926375716656665,48.22371155023575,1.4653060827404258,7.389056098930649,7.389056098930649,-1.0,-1.0,0.9144249291744944,0.9144249291744944,762.6831246407853,765.732939967478,278.55492926522726,223.7740569873898,246.81436249703185,101.54292361285987,20.307430016865126,1.5156370112811047e-09,0.31108422178288586,0.11273190306809892,2.0350833052796324
