target_id,prot_ps,prot_acf,prot_cs,e_prot_ps,E_prot_ps,e_prot_acf,E_prot_acf,e_prot_cs,E_prot_cs,sph_ps,sph_acf,sph_cs,e_sph_ps,e_sph_acf,e_sph_cs,h_ps,fa_prob_ps,hacf,gacf,hcs
5115791,0.15132365357087316,50.103389447554946,2.6095855898642917,7.389056098926098,7.389056098926098,-1.0,-1.0,0.6374144759319199,0.6374144759319199,458.26971000115606,663.0703660110322,526.2415574273881,71.4815314978157,75.66273985031725,103.91426309420771,12.73124866236184,2.9572562491452395e-06,0.10367486246553263,0.038805518086767736,0.47965990729074887
