target_id,prot_ps,prot_acf,prot_cs,e_prot_ps,E_prot_ps,e_prot_acf,E_prot_acf,e_prot_cs,E_prot_cs,sph_ps,sph_acf,sph_cs,e_sph_ps,e_sph_acf,e_sph_cs,h_ps,fa_prob_ps,hacf,gacf,hcs
5256849,13.331464112573322,39.45677906880155,3.3377860491396865,5.027439459095968,5.027439459095968,-1.0,-1.0,1.7997593786032475,1.7997593786032475,1812.1306784720332,2044.9965341808627,1478.938935759742,517.9815168522674,344.95388904833504,568.0090042515938,24.420869130723943,2.478285256528424e-11,0.2945971794006963,0.10546963751065566,0.5178988920362085
