target_id,prot_ps,prot_acf,prot_cs,e_prot_ps,E_prot_ps,e_prot_acf,E_prot_acf,e_prot_cs,E_prot_cs,sph_ps,sph_acf,sph_cs,e_sph_ps,e_sph_acf,e_sph_cs,h_ps,fa_prob_ps,hacf,gacf,hcs
5273639,0.22167643830126413,-1.0,0.6397790505085139,0.25583003285114353,0.25583003285114353,-1.0,-1.0,0.10813040040223278,0.10813040040223278,678.7038861320323,-1.0,691.5624261408285,122.04583704954977,-1.0,118.10400822980301,10.534650439964915,2.6598640833556862e-05,-1.0,-1.0,0.18291819235739126
