target_id,prot_ps,prot_acf,prot_cs,e_prot_ps,E_prot_ps,e_prot_acf,E_prot_acf,e_prot_cs,E_prot_cs,sph_ps,sph_acf,sph_cs,e_sph_ps,e_sph_acf,e_sph_cs,h_ps,fa_prob_ps,hacf,gacf,hcs
5268127,45.86455219651362,48.489306438714266,2.852348203025812,7.389056097414896,7.389056097414896,-1.0,-1.0,1.513529811776638,1.513529811776638,325.2180182141901,331.1035340849893,256.2296030545607,36.35133242626093,45.749515047513206,53.84563209555515,23.843926875226853,4.412798848660052e-11,0.18073442761785086,0.06953537546961265,1.4484180078947124
