target_id,prot_ps,prot_acf,prot_cs,e_prot_ps,E_prot_ps,e_prot_acf,E_prot_acf,e_prot_cs,E_prot_cs,sph_ps,sph_acf,sph_cs,e_sph_ps,e_sph_acf,e_sph_cs,h_ps,fa_prob_ps,hacf,gacf,hcs
5219735,0.3854283861807241,-1.0,3.151139515767423,0.5121442855873478,0.5121442855873478,-1.0,-1.0,0.061616589635386784,0.061616589635386784,640.646430099469,-1.0,770.609854344754,68.5285753407443,-1.0,150.9425032320941,16.33132062548548,8.079743431219348e-08,-1.0,-1.0,0.29673945584408523
