target_id,prot_ps,prot_acf,prot_cs,e_prot_ps,E_prot_ps,e_prot_acf,E_prot_acf,e_prot_cs,E_prot_cs,sph_ps,sph_acf,sph_cs,e_sph_ps,e_sph_acf,e_sph_cs,h_ps,fa_prob_ps,hacf,gacf,hcs
5271780,5.481667244160594,10.93200592789799,11.08260197217576,0.2466659254647593,0.2466659254647593,-1.0,-1.0,0.2537137290578534,0.2537137290578534,819.0214013178634,843.774945932725,849.1537848820008,128.1030885836753,126.7088287807161,109.68621604467567,99.9076469491632,4.080000628967731e-44,0.08178225859534516,0.19979458994996072,0.6794716784006021
