target_id,prot_ps,prot_acf,prot_cs,e_prot_ps,E_prot_ps,e_prot_acf,E_prot_acf,e_prot_cs,E_prot_cs,sph_ps,sph_acf,sph_cs,e_sph_ps,e_sph_acf,e_sph_cs,h_ps,fa_prob_ps,hacf,gacf,hcs
5285093,53.869007540842254,54.10865755751729,2.930613167257979,7.389056098930647,7.389056098930647,-1.0,-1.0,0.233400325339429,0.233400325339429,1537.5269967836387,1487.7972280117308,645.2936114901712,615.7526746738882,727.2416201744122,581.4655878439152,22.467308212326287,1.74812313412244e-10,0.4223039322587946,0.17604005231739098,3.2627238050859635
