target_id,prot_ps,prot_acf,prot_cs,e_prot_ps,E_prot_ps,e_prot_acf,E_prot_acf,e_prot_cs,E_prot_cs,sph_ps,sph_acf,sph_cs,e_sph_ps,e_sph_acf,e_sph_cs,h_ps,fa_prob_ps,hacf,gacf,hcs
5298758,47.08116083101358,-1.0,46.568035419322555,3.0139719924521575,3.0139719924521575,-1.0,-1.0,1.3733934528389027,1.3733934528389027,706.203740859245,-1.0,708.2014812805438,66.60171762740653,-1.0,67.35581109916647,26.244105280837996,4.002486668502486e-12,-1.0,-1.0,0.271254815823716
