target_id,prot_ps,prot_acf,prot_cs,e_prot_ps,E_prot_ps,e_prot_acf,E_prot_acf,e_prot_cs,E_prot_cs,sph_ps,sph_acf,sph_cs,e_sph_ps,e_sph_acf,e_sph_cs,h_ps,fa_prob_ps,hacf,gacf,hcs
5200185,1.852526748542472,3.739387754816562,3.762682301485911,0.05668767454496532,0.05668767454496532,-1.0,-1.0,0.057776021075914855,0.057776021075914855,5035.144192207107,5297.71793653139,5278.679861307225,2064.2040750914634,1938.478395891757,1917.4809792045487,1177.3150644943692,0.0,1.1348910954442564,0.8335781224466944,0.4373662060882026
