target_id,prot_ps,prot_acf,prot_cs,e_prot_ps,E_prot_ps,e_prot_acf,E_prot_acf,e_prot_cs,E_prot_cs,sph_ps,sph_acf,sph_cs,e_sph_ps,e_sph_acf,e_sph_cs,h_ps,fa_prob_ps,hacf,gacf,hcs
5389030,0.13990778726081055,13.894936069846153,14.097660748371242,0.16627571079261094,0.16627571079261094,-1.0,-1.0,0.2336704199475357,0.2336704199475357,217.91197506755418,1178.1340116353053,1183.8758864245754,86.53475658596354,342.98301669819426,339.02462274845243,233.9324759594644,2.5375613614513086e-102,0.6346305808031778,0.3903573362199988,0.1553249540712868
