target_id,prot_ps,prot_acf,prot_cs,e_prot_ps,E_prot_ps,e_prot_acf,E_prot_acf,e_prot_cs,E_prot_cs,sph_ps,sph_acf,sph_cs,e_sph_ps,e_sph_acf,e_sph_cs,h_ps,fa_prob_ps,hacf,gacf,hcs
5351652,12.162601978179728,38.19060042779893,3.9058906029512817,6.4000933521777075,6.4000933521777075,-1.0,-1.0,0.013792513544699505,0.013792513544699505,552.2612598665249,566.0877561407328,473.8653797357617,174.06445093520946,130.66947526669108,149.50573849680177,19.089847685796453,5.1213503839930055e-09,0.13418080989497724,0.03632940142499302,0.4585438870029431
