target_id,prot_ps,prot_acf,prot_cs,e_prot_ps,E_prot_ps,e_prot_acf,E_prot_acf,e_prot_cs,E_prot_cs,sph_ps,sph_acf,sph_cs,e_sph_ps,e_sph_acf,e_sph_cs,h_ps,fa_prob_ps,hacf,gacf,hcs
5306984,3.1650396827103195,3.1468049585819244,2.94438399086325,0.10238123020686181,0.10238123020686181,-1.0,-1.0,0.00792544550159415,0.00792544550159415,18096.347566285276,18053.75323432781,17948.539427075033,4021.1569092966215,4085.9637197176994,4186.206319205407,27604.093358804268,0.0,1.73669800822001,0.9358992977269993,0.1844190246638451
