target_id,prot_ps,prot_acf,prot_cs,e_prot_ps,E_prot_ps,e_prot_acf,E_prot_acf,e_prot_cs,E_prot_cs,sph_ps,sph_acf,sph_cs,e_sph_ps,e_sph_acf,e_sph_cs,h_ps,fa_prob_ps,hacf,gacf,hcs
5356088,3.0217794324184615,-1.0,3.006880670526223,1.8070116585892293,1.8070116585892293,-1.0,-1.0,0.4516592729370473,0.4516592729370473,207.10467677624433,-1.0,203.98149188061834,35.67507087399277,-1.0,29.695893306851524,11.545041990662916,9.683937327538984e-06,-1.0,-1.0,0.23747432396712087
