target_id,prot_ps,prot_acf,prot_cs,e_prot_ps,E_prot_ps,e_prot_acf,E_prot_acf,e_prot_cs,E_prot_cs,sph_ps,sph_acf,sph_cs,e_sph_ps,e_sph_acf,e_sph_cs,h_ps,fa_prob_ps,hacf,gacf,hcs
5303625,2.9316103878138713,57.60275569977239,2.9925234381807964,1.9139045041682978,1.9139045041682978,-1.0,-1.0,0.23494456728379415,0.23494456728379415,1996.2829540732912,4315.293440208852,1965.0359157433502,1380.3494895193123,597.0332698758069,1232.0674736752458,24.71112139133613,1.853942831780445e-11,0.28028232218599963,0.06910449945969971,4.210712257462181
