target_id,prot_ps,prot_acf,prot_cs,e_prot_ps,E_prot_ps,e_prot_acf,E_prot_acf,e_prot_cs,E_prot_cs,sph_ps,sph_acf,sph_cs,e_sph_ps,e_sph_acf,e_sph_cs,h_ps,fa_prob_ps,hacf,gacf,hcs
5352151,7.501741844213152,7.478737503290176,7.42953573509426,0.2722095491791744,0.2722095491791744,-1.0,-1.0,0.03362513961988562,0.03362513961988562,7643.25925279231,7657.6814233203095,7603.852911305372,2353.6328169258577,2336.952405923869,2398.019091113099,1270.1378097002075,0.0,1.4141044141434802,0.8258911334536307,0.7831700674863626
