target_id,prot_ps,prot_acf,prot_cs,e_prot_ps,E_prot_ps,e_prot_acf,E_prot_acf,e_prot_cs,E_prot_cs,sph_ps,sph_acf,sph_cs,e_sph_ps,e_sph_acf,e_sph_cs,h_ps,fa_prob_ps,hacf,gacf,hcs
5376067,0.4939950050089664,59.85035419417545,3.94647319595213,0.5682202248476956,0.5682202248476956,-1.0,-1.0,0.020527638826411104,0.020527638826411104,612.410884775554,836.4907640170053,708.6427734763172,84.2857141201559,39.71245190212542,121.6029298526847,192.13530432704192,3.6032761902343564e-84,0.0027127835418041166,0.001561405586484294,0.08085532835727546
