target_id,prot_ps,prot_acf,prot_cs,e_prot_ps,E_prot_ps,e_prot_acf,E_prot_acf,e_prot_cs,E_prot_cs,sph_ps,sph_acf,sph_cs,e_sph_ps,e_sph_acf,e_sph_cs,h_ps,fa_prob_ps,hacf,gacf,hcs
5388229,0.30875218046701913,0.6334455139003694,0.6113149953848285,0.008030097658153513,0.008030097658153513,-1.0,-1.0,0.0095100839568615,0.0095100839568615,8140.801904747275,8202.837921133443,8204.228460205528,3632.146378629394,3647.689277216054,3648.337627795076,216912.0431032844,0.0,1.5301385479536775,0.9500290170222901,0.0036284346696520116
