target_id,prot_ps,prot_acf,prot_cs,e_prot_ps,E_prot_ps,e_prot_acf,E_prot_acf,e_prot_cs,E_prot_cs,sph_ps,sph_acf,sph_cs,e_sph_ps,e_sph_acf,e_sph_cs,h_ps,fa_prob_ps,hacf,gacf,hcs
5344019,46.36910334088044,59.21599404606968,0.24274879546838862,7.389056098930649,7.389056098930649,-1.0,-1.0,0.010751880887317287,0.010751880887317287,183.21704741572339,182.38374792784242,104.27103341203167,29.980421900519172,26.116709315642517,12.664832064106333,20.98552169729356,7.693141615356009e-10,0.20895040311796367,0.07982353276549557,0.40099896575616956
