target_id,prot_ps,prot_acf,prot_cs,e_prot_ps,E_prot_ps,e_prot_acf,E_prot_acf,e_prot_cs,E_prot_cs,sph_ps,sph_acf,sph_cs,e_sph_ps,e_sph_acf,e_sph_cs,h_ps,fa_prob_ps,hacf,gacf,hcs
5344559,33.165230588200096,33.42894155532122,33.40445771229913,1.4020802432609532,1.4020802432609532,-1.0,-1.0,0.9775874248326236,0.9775874248326236,3645.9112114824657,3647.658261569643,3647.2668536676947,796.0398173600225,836.7289572002655,834.3058721736035,27.932071049313656,7.400408190808899e-13,0.9089771730905514,0.45818665397960157,0.9974857951228628
