target_id,prot_ps,prot_acf,prot_cs,e_prot_ps,E_prot_ps,e_prot_acf,E_prot_acf,e_prot_cs,E_prot_cs,sph_ps,sph_acf,sph_cs,e_sph_ps,e_sph_acf,e_sph_cs,h_ps,fa_prob_ps,hacf,gacf,hcs
5343801,11.411777654301375,23.130545875057578,23.238025266667826,0.4652773164186467,0.4652773164186467,-1.0,-1.0,1.0085550709811633,1.0085550709811633,2894.7051205005682,2897.527846911513,2987.517917823474,858.8734851648043,715.9840264660519,671.1664444989099,83.5043396228084,5.426578462696253e-37,0.8080829735811891,0.51932813677005,0.929842105217972
