target_id,prot_ps,prot_acf,prot_cs,e_prot_ps,E_prot_ps,e_prot_acf,E_prot_acf,e_prot_cs,E_prot_cs,sph_ps,sph_acf,sph_cs,e_sph_ps,e_sph_acf,e_sph_cs,h_ps,fa_prob_ps,hacf,gacf,hcs
5477660,0.14337637980381465,-1.0,3.164170611437634,0.07109231634816941,0.07109231634816941,-1.0,-1.0,0.016716943326385493,0.016716943326385493,424.3065650143797,-1.0,704.915803695921,82.36701666078436,-1.0,197.2440238795834,1793.7711161179936,0.0,-1.0,-1.0,0.010794376339472556
