target_id,prot_ps,prot_acf,prot_cs,e_prot_ps,E_prot_ps,e_prot_acf,E_prot_acf,e_prot_cs,E_prot_cs,sph_ps,sph_acf,sph_cs,e_sph_ps,e_sph_acf,e_sph_cs,h_ps,fa_prob_ps,hacf,gacf,hcs
5476871,2.853938912782055,-1.0,2.9534778026863937,2.199290261749647,2.199290261749647,-1.0,-1.0,0.498035100588975,0.498035100588975,1124.5185713619057,-1.0,1197.8386010472186,394.3244064968526,-1.0,547.0731830396339,12.815047078439482,2.719541988435765e-06,-1.0,-1.0,0.4006797096242299
