target_id,prot_ps,prot_acf,prot_cs,e_prot_ps,E_prot_ps,e_prot_acf,E_prot_acf,e_prot_cs,E_prot_cs,sph_ps,sph_acf,sph_cs,e_sph_ps,e_sph_acf,e_sph_cs,h_ps,fa_prob_ps,hacf,gacf,hcs
5456893,0.137665518472615,53.96538495225832,1.4480776685551482,0.28111866631601384,0.28111866631601384,-1.0,-1.0,0.010215020420227655,0.010215020420227655,461.7810063807006,669.781240167382,501.733805052904,76.2977435619616,218.299284899301,73.79130761777165,15.11931452761932,2.71497059658189e-07,0.2122203251322619,0.14343656899859913,0.15682168159629217
