target_id,prot_ps,prot_acf,prot_cs,e_prot_ps,E_prot_ps,e_prot_acf,E_prot_acf,e_prot_cs,E_prot_cs,sph_ps,sph_acf,sph_cs,e_sph_ps,e_sph_acf,e_sph_cs,h_ps,fa_prob_ps,hacf,gacf,hcs
5442451,9.189758288715764,9.133910397067666,9.173565270995029,0.4136303900667524,0.4136303900667524,-1.0,-1.0,0.14355839226876022,0.14355839226876022,4668.33812205919,4755.9536840838,4791.942516799002,1734.3953864225937,1688.5716357847202,1665.148279788675,260.87764439246257,5.038236947388249e-114,1.2471361858882952,0.7737506127423117,0.9179166348664289
