target_id,prot_ps,prot_acf,prot_cs,e_prot_ps,E_prot_ps,e_prot_acf,E_prot_acf,e_prot_cs,E_prot_cs,sph_ps,sph_acf,sph_cs,e_sph_ps,e_sph_acf,e_sph_cs,h_ps,fa_prob_ps,hacf,gacf,hcs
5440148,0.14785919381681462,-1.0,5.631883617338581,7.389056098930642,7.389056098930642,-1.0,-1.0,0.1512236688213444,0.1512236688213444,542.4176420397348,-1.0,588.8964872315635,86.59625511619544,-1.0,65.66706873620352,10.475384948613469,2.8222671514220283e-05,-1.0,-1.0,0.10797245610473734
