target_id,prot_ps,prot_acf,prot_cs,e_prot_ps,E_prot_ps,e_prot_acf,E_prot_acf,e_prot_cs,E_prot_cs,sph_ps,sph_acf,sph_cs,e_sph_ps,e_sph_acf,e_sph_cs,h_ps,fa_prob_ps,hacf,gacf,hcs
5515865,0.18252137000503593,-1.0,3.1669393470429448,0.40686817853845697,0.40686817853845697,-1.0,-1.0,0.0963584617085273,0.0963584617085273,181.85305505645866,-1.0,239.49490517478597,23.295184572044676,-1.0,47.63805926535756,17.244578469374545,3.241714234394101e-08,-1.0,-1.0,0.18821977489418326
