target_id,prot_ps,prot_acf,prot_cs,e_prot_ps,E_prot_ps,e_prot_acf,E_prot_acf,e_prot_cs,E_prot_cs,sph_ps,sph_acf,sph_cs,e_sph_ps,e_sph_acf,e_sph_cs,h_ps,fa_prob_ps,hacf,gacf,hcs
5536250,4.494690421572215,4.495407789945602,4.48591194703583,0.19796803506691382,0.19796803506691382,-1.0,-1.0,0.14413798259224367,0.14413798259224367,3297.0838512145247,3289.3192486284734,3321.713467658421,1657.2983452220403,1654.5999496892591,1649.4782267301925,202.81908810249564,8.256371241328373e-89,1.3019993786068036,0.8009990659814671,0.9369989099535172
