target_id,prot_ps,prot_acf,prot_cs,e_prot_ps,E_prot_ps,e_prot_acf,E_prot_acf,e_prot_cs,E_prot_cs,sph_ps,sph_acf,sph_cs,e_sph_ps,e_sph_acf,e_sph_cs,h_ps,fa_prob_ps,hacf,gacf,hcs
5535947,7.1565999601005625,13.629269632510841,14.027526884835266,0.6169929848845438,0.6169929848845438,-1.0,-1.0,0.5455321776790485,0.5455321776790485,1330.0689728728917,1364.673485339002,1375.3038323136732,401.23974062428374,372.52071523472466,375.3630767233734,74.6421581103672,3.831092300313733e-33,0.6333072236499809,0.4366393003593199,0.8714839648779908
