target_id,prot_ps,prot_acf,prot_cs,e_prot_ps,E_prot_ps,e_prot_acf,E_prot_acf,e_prot_cs,E_prot_cs,sph_ps,sph_acf,sph_cs,e_sph_ps,e_sph_acf,e_sph_cs,h_ps,fa_prob_ps,hacf,gacf,hcs
5563810,2.570458687575189,-1.0,2.5773807452913546,0.08643355091485447,0.08643355091485447,-1.0,-1.0,0.017511606432576165,0.017511606432576165,814.6471055923125,-1.0,807.3958324603885,138.52631869542589,-1.0,115.33950464143834,95.33617928876285,3.944785645132805e-42,-1.0,-1.0,0.050454158266569245
