target_id,prot_ps,prot_acf,prot_cs,e_prot_ps,E_prot_ps,e_prot_acf,E_prot_acf,e_prot_cs,E_prot_cs,sph_ps,sph_acf,sph_cs,e_sph_ps,e_sph_acf,e_sph_cs,h_ps,fa_prob_ps,hacf,gacf,hcs
5544402,0.16195253065921186,-1.0,3.03378793942742,0.47050817700435466,0.47050817700435466,-1.0,-1.0,0.22374834236459334,0.22374834236459334,401.6113669335504,-1.0,448.1047476617638,54.62232676835114,-1.0,53.98163086748156,12.800728401137173,2.758762354367552e-06,-1.0,-1.0,0.22003774464135312
