target_id,prot_ps,prot_acf,prot_cs,e_prot_ps,E_prot_ps,e_prot_acf,E_prot_acf,e_prot_cs,E_prot_cs,sph_ps,sph_acf,sph_cs,e_sph_ps,e_sph_acf,e_sph_cs,h_ps,fa_prob_ps,hacf,gacf,hcs
5512227,45.9052654678138,54.04656424187124,0.5767997267477937,7.389056098930649,7.389056098930649,-1.0,-1.0,0.023547097687167225,0.023547097687167225,1488.187751412007,1624.6734218667395,901.6268848389736,262.2947124681053,164.90338754221145,136.14187697170917,16.14425994912909,9.741750212856359e-08,0.17484942800845943,0.06028003943854406,0.18200393215056526
