target_id,prot_ps,prot_acf,prot_cs,e_prot_ps,E_prot_ps,e_prot_acf,E_prot_acf,e_prot_cs,E_prot_cs,sph_ps,sph_acf,sph_cs,e_sph_ps,e_sph_acf,e_sph_cs,h_ps,fa_prob_ps,hacf,gacf,hcs
5536952,0.5670008846142931,58.256310601718724,3.5284267506237286,0.5186405182066187,0.5186405182066187,-1.0,-1.0,0.14972550633708337,0.14972550633708337,692.0811545882045,1219.381377972275,957.3432604384279,88.73127292109258,281.4971797593374,306.83882203209396,25.452695806920193,8.831503827528718e-12,0.1608383048088286,0.041314971124580546,2.8883961689857713
