target_id,prot_ps,prot_acf,prot_cs,e_prot_ps,E_prot_ps,e_prot_acf,E_prot_acf,e_prot_cs,E_prot_cs,sph_ps,sph_acf,sph_cs,e_sph_ps,e_sph_acf,e_sph_cs,h_ps,fa_prob_ps,hacf,gacf,hcs
5559651,0.2573874185620402,57.11223104270175,0.6684620807446371,0.26801323590591736,0.26801323590591736,-1.0,-1.0,0.016546049821095168,0.016546049821095168,268.5519418298627,645.4635740952692,296.08401980689786,35.2058965286508,81.88458400123105,47.42982242959689,122.34387173681856,7.357522688610976e-54,0.3710237775250017,0.1982114347496799,0.17158109132930874
