target_id,prot_ps,prot_acf,prot_cs,e_prot_ps,E_prot_ps,e_prot_acf,E_prot_acf,e_prot_cs,E_prot_cs,sph_ps,sph_acf,sph_cs,e_sph_ps,e_sph_acf,e_sph_cs,h_ps,fa_prob_ps,hacf,gacf,hcs
5623673,0.561189379737155,-1.0,3.2771464536152783,7.389056098930535,7.389056098930535,-1.0,-1.0,0.9157095686112755,0.9157095686112755,627.8896980852194,-1.0,707.2125721923605,78.17401184762056,-1.0,163.26415109772967,20.686613034075744,1.037332799337747e-09,-1.0,-1.0,0.1551292512857288
