target_id,prot_ps,prot_acf,prot_cs,e_prot_ps,E_prot_ps,e_prot_acf,E_prot_acf,e_prot_cs,E_prot_cs,sph_ps,sph_acf,sph_cs,e_sph_ps,e_sph_acf,e_sph_cs,h_ps,fa_prob_ps,hacf,gacf,hcs
5636733,52.141254772001815,51.963099678047,3.1601939781638846,7.389056098930052,7.389056098930052,-1.0,-1.0,0.015908899159948683,0.015908899159948683,235.80187129098718,236.4977968187652,184.17726396171327,20.765656648452886,20.557898664903345,35.8985654235485,16.065109535097832,1.0544150053726872e-07,0.21821360524021574,0.11303567214738891,0.22510822784514345
