target_id,prot_ps,prot_acf,prot_cs,e_prot_ps,E_prot_ps,e_prot_acf,E_prot_acf,e_prot_cs,E_prot_cs,sph_ps,sph_acf,sph_cs,e_sph_ps,e_sph_acf,e_sph_cs,h_ps,fa_prob_ps,hacf,gacf,hcs
5616138,0.4764361673958301,29.077161979395896,2.4072947665443647,0.6026630326503702,0.6026630326503702,-1.0,-1.0,1.3912851942042508,1.3912851942042508,343.5752283497093,498.0376496403868,411.3047530081963,41.26930583305759,74.39773614171233,89.20225149745146,37.31799308382689,6.208712186545697e-17,0.1302360492666123,0.014238030738480385,0.24993220857158813
