target_id,prot_ps,prot_acf,prot_cs,e_prot_ps,E_prot_ps,e_prot_acf,E_prot_acf,e_prot_cs,E_prot_cs,sph_ps,sph_acf,sph_cs,e_sph_ps,e_sph_acf,e_sph_cs,h_ps,fa_prob_ps,hacf,gacf,hcs
5630990,0.6086398671863537,-1.0,4.901480040813135,7.389056098930637,7.389056098930637,-1.0,-1.0,0.08298723343688794,0.08298723343688794,422.1082337914406,-1.0,467.32814586337946,44.80373984908633,-1.0,66.21475608057203,12.617078521108228,3.314915180903529e-06,-1.0,-1.0,0.14696862446479322
