target_id,prot_ps,prot_acf,prot_cs,e_prot_ps,E_prot_ps,e_prot_acf,E_prot_acf,e_prot_cs,E_prot_cs,sph_ps,sph_acf,sph_cs,e_sph_ps,e_sph_acf,e_sph_cs,h_ps,fa_prob_ps,hacf,gacf,hcs
5613405,5.191059426908954,10.38032229244709,10.397662228936143,0.19284643202210072,0.19284643202210072,-1.0,-1.0,0.23108939200298662,0.23108939200298662,7372.633472323665,7575.817197917719,7585.786867013632,2617.291415309675,2310.650139022879,2302.592769972006,329.5423706520328,7.613193576580661e-144,0.9661522186873306,0.5925598500257563,0.421562755498207
