target_id,prot_ps,prot_acf,prot_cs,e_prot_ps,E_prot_ps,e_prot_acf,E_prot_acf,e_prot_cs,E_prot_cs,sph_ps,sph_acf,sph_cs,e_sph_ps,e_sph_acf,e_sph_cs,h_ps,fa_prob_ps,hacf,gacf,hcs
5702714,8.063628021833482,-1.0,5.0378774448640815,7.389056098929398,7.389056098929398,-1.0,-1.0,0.3040012611225226,0.3040012611225226,561.2361168511259,-1.0,533.9923846034918,111.2026957206563,-1.0,86.74951414682809,13.532242261837384,1.3274612667607011e-06,-1.0,-1.0,0.14303868180589152
