target_id,prot_ps,prot_acf,prot_cs,e_prot_ps,E_prot_ps,e_prot_acf,E_prot_acf,e_prot_cs,E_prot_cs,sph_ps,sph_acf,sph_cs,e_sph_ps,e_sph_acf,e_sph_cs,h_ps,fa_prob_ps,hacf,gacf,hcs
5702820,52.12478104281466,56.437948057428,52.68897255775518,2.973919977409043,2.973919977409043,-1.0,-1.0,2.5649027475290427,2.5649027475290427,345.41120242144524,344.48682085534443,343.3797864408454,31.382651883692123,40.76246968646607,32.3913289838179,21.744081443203566,3.6030095658729766e-10,0.16231582058126504,0.12810675013893408,0.1378335087612382
