target_id,prot_ps,prot_acf,prot_cs,e_prot_ps,E_prot_ps,e_prot_acf,E_prot_acf,e_prot_cs,E_prot_cs,sph_ps,sph_acf,sph_cs,e_sph_ps,e_sph_acf,e_sph_cs,h_ps,fa_prob_ps,hacf,gacf,hcs
5782846,0.10451753078725198,10.236962073482573,0.5981640318438619,0.252426387721171,0.252426387721171,-1.0,-1.0,0.015197523269609233,0.015197523269609233,293.96147732482945,350.65092296208866,315.4864402577569,56.339410786076776,53.477457021969855,47.636510772559156,12.056193641025164,5.808468372616094e-06,0.0001411292373385553,0.10491456397562295,1.4368394998602045
