target_id,prot_ps,prot_acf,prot_cs,e_prot_ps,E_prot_ps,e_prot_acf,E_prot_acf,e_prot_cs,E_prot_cs,sph_ps,sph_acf,sph_cs,e_sph_ps,e_sph_acf,e_sph_cs,h_ps,fa_prob_ps,hacf,gacf,hcs
5784065,4.4369338071079625,9.113453747704625,4.4090210696046315,0.169842319540556,0.169842319540556,-1.0,-1.0,0.014183526038295473,0.014183526038295473,1970.1456193369345,2104.0602673362964,1966.7830658439598,825.2762935583431,717.9500937074632,838.7687760642721,94.40639172621076,9.995971677038421e-42,0.8479073019459197,0.49983621818436597,0.42038973265482615
