target_id,prot_ps,prot_acf,prot_cs,e_prot_ps,E_prot_ps,e_prot_acf,E_prot_acf,e_prot_cs,E_prot_cs,sph_ps,sph_acf,sph_cs,e_sph_ps,e_sph_acf,e_sph_cs,h_ps,fa_prob_ps,hacf,gacf,hcs
5796099,54.05575557541029,-1.0,0.6973444313810765,7.389056098920517,7.389056098920517,-1.0,-1.0,0.012017208015921118,0.012017208015921118,600.7459313676993,-1.0,466.3615631614109,66.69355140358923,-1.0,61.97483470775882,17.178513550111642,3.4631105698851294e-08,-1.0,-1.0,0.09474440471757245
