target_id,prot_ps,prot_acf,prot_cs,e_prot_ps,E_prot_ps,e_prot_acf,E_prot_acf,e_prot_cs,E_prot_cs,sph_ps,sph_acf,sph_cs,e_sph_ps,e_sph_acf,e_sph_cs,h_ps,fa_prob_ps,hacf,gacf,hcs
5769516,0.7818064909938368,58.0502265826799,1.5033669629711988,0.5245372353761447,0.5245372353761447,-1.0,-1.0,0.10696628664538965,0.10696628664538965,334.87695289233596,630.6878764786887,357.97377541204526,64.41389654629674,0.0,80.2323690431969,10.390468676028418,3.072393160228955e-05,0.20311004097341306,0.02341381733724636,0.10732236386243928
