target_id,prot_ps,prot_acf,prot_cs,e_prot_ps,E_prot_ps,e_prot_acf,E_prot_acf,e_prot_cs,E_prot_cs,sph_ps,sph_acf,sph_cs,e_sph_ps,e_sph_acf,e_sph_cs,h_ps,fa_prob_ps,hacf,gacf,hcs
5703130,0.2214291875153533,17.409476447850466,0.5365878538950203,0.35043768098443034,0.35043768098443034,-1.0,-1.0,0.014760760070762715,0.014760760070762715,212.099792907508,384.6410180204262,233.76633246997895,23.19265910633283,0.0,28.355391637305495,11.168653145214043,1.4109628162454092e-05,0.2644189925998091,0.329273669624164,0.1571407266723242
