target_id,prot_ps,prot_acf,prot_cs,e_prot_ps,E_prot_ps,e_prot_acf,E_prot_acf,e_prot_cs,E_prot_cs,sph_ps,sph_acf,sph_cs,e_sph_ps,e_sph_acf,e_sph_cs,h_ps,fa_prob_ps,hacf,gacf,hcs
5792823,5.01759157666576,-1.0,5.050042259889438,2.4426823456005637,2.4426823456005637,-1.0,-1.0,0.09265121303307004,0.09265121303307004,464.3502976721021,-1.0,458.65685177382005,127.64758689120174,-1.0,108.39468526386916,16.71565388824807,5.501533412782085e-08,-1.0,-1.0,0.3820236368527043
