target_id,prot_ps,prot_acf,prot_cs,e_prot_ps,E_prot_ps,e_prot_acf,E_prot_acf,e_prot_cs,E_prot_cs,sph_ps,sph_acf,sph_cs,e_sph_ps,e_sph_acf,e_sph_cs,h_ps,fa_prob_ps,hacf,gacf,hcs
5771734,52.81859584355102,56.08952146489173,2.703535367948934,7.389056098927797,7.389056098927797,-1.0,-1.0,0.6340256338906587,0.6340256338906587,836.0242114678875,853.3713320231624,664.7779471161149,81.97718563502453,31.76926847632135,62.10935045564685,23.9099082200681,4.131034264522384e-11,0.13333786633393443,0.027424878965578586,0.2127185712177058
