target_id,prot_ps,prot_acf,prot_cs,e_prot_ps,E_prot_ps,e_prot_acf,E_prot_acf,e_prot_cs,E_prot_cs,sph_ps,sph_acf,sph_cs,e_sph_ps,e_sph_acf,e_sph_cs,h_ps,fa_prob_ps,hacf,gacf,hcs
5801326,4.729382772728104,-1.0,4.732141296247982,0.31590601136929974,0.31590601136929974,-1.0,-1.0,0.08890363520143932,0.08890363520143932,188.5780409024757,-1.0,188.5780409024757,51.5286111467277,-1.0,51.5286111467277,16.924192146178207,4.4659796545410985e-08,-1.0,-1.0,0.3428640210260832
