target_id,prot_ps,prot_acf,prot_cs,e_prot_ps,E_prot_ps,e_prot_acf,E_prot_acf,e_prot_cs,E_prot_cs,sph_ps,sph_acf,sph_cs,e_sph_ps,e_sph_acf,e_sph_cs,h_ps,fa_prob_ps,hacf,gacf,hcs
5881857,3.7835786453283524,-1.0,3.783868083862458,2.4912995527613755,2.4912995527613755,-1.0,-1.0,0.014870223056794129,0.014870223056794129,405.11934204788486,-1.0,405.11934204788486,64.10570792207338,-1.0,64.10570792207338,15.264324483209348,2.3484867104962428e-07,-1.0,-1.0,0.2745873197571785
