target_id,prot_ps,prot_acf,prot_cs,e_prot_ps,E_prot_ps,e_prot_acf,E_prot_acf,e_prot_cs,E_prot_cs,sph_ps,sph_acf,sph_cs,e_sph_ps,e_sph_acf,e_sph_cs,h_ps,fa_prob_ps,hacf,gacf,hcs
5807917,11.58345792195514,10.911596889607608,11.585958094803784,1.6045841889999062,1.6045841889999062,-1.0,-1.0,0.06532844209767046,0.06532844209767046,2513.2021875850296,2459.247875364013,2511.531308303024,598.9197131572226,665.430347576246,601.3173019326994,44.631538353199275,4.1377969423909203e-20,0.14870776143791367,0.006737752024639767,1.1209740937705612
