target_id,prot_ps,prot_acf,prot_cs,e_prot_ps,E_prot_ps,e_prot_acf,E_prot_acf,e_prot_cs,E_prot_cs,sph_ps,sph_acf,sph_cs,e_sph_ps,e_sph_acf,e_sph_cs,h_ps,fa_prob_ps,hacf,gacf,hcs
5894044,0.6401798642201626,0.6334469430148602,0.4908674090298972,0.01977884150881363,0.01977884150881363,-1.0,-1.0,0.007307767053227618,0.007307767053227618,314.1473909991236,313.0719623006947,301.60920333824544,66.08512624024841,64.22431846529592,63.34489108166476,37024.56165319828,0.0,0.36135372536005544,0.7691453772935054,0.007625966283759254
