target_id,prot_ps,prot_acf,prot_cs,e_prot_ps,E_prot_ps,e_prot_acf,E_prot_acf,e_prot_cs,E_prot_cs,sph_ps,sph_acf,sph_cs,e_sph_ps,e_sph_acf,e_sph_cs,h_ps,fa_prob_ps,hacf,gacf,hcs
5892037,17.798748317837383,16.08132350584492,17.699428105313686,0.6830746876482834,0.6830746876482834,-1.0,-1.0,0.20117378450392365,0.20117378450392365,920.1196310045384,930.005114167209,917.5451370663448,280.588896431533,264.34216508957076,293.3198080131359,116.57497398622904,2.355765567701543e-51,0.33061421571129584,0.20606169744253633,0.9412146482169961
