target_id,prot_ps,prot_acf,prot_cs,e_prot_ps,E_prot_ps,e_prot_acf,E_prot_acf,e_prot_cs,E_prot_cs,sph_ps,sph_acf,sph_cs,e_sph_ps,e_sph_acf,e_sph_cs,h_ps,fa_prob_ps,hacf,gacf,hcs
5876826,53.83803384149069,-1.0,28.787792117793032,7.389056098930649,7.389056098930649,-1.0,-1.0,0.4685455163644594,0.4685455163644594,1157.4586998121054,-1.0,1085.3093874198462,172.70142121994766,-1.0,375.5904652926534,15.639410090745425,1.6139515651760914e-07,-1.0,-1.0,0.14289484158325333
