target_id,prot_ps,prot_acf,prot_cs,e_prot_ps,E_prot_ps,e_prot_acf,E_prot_acf,e_prot_cs,E_prot_cs,sph_ps,sph_acf,sph_cs,e_sph_ps,e_sph_acf,e_sph_cs,h_ps,fa_prob_ps,hacf,gacf,hcs
5819225,47.08114697038232,58.685639068484306,28.582426028350532,4.026889235306787,4.026889235306787,-1.0,-1.0,1.665224348846229,1.665224348846229,721.7011737424717,720.2725741970834,719.6350489775184,57.12979723530341,67.13902696499333,88.02528158664202,24.464362945625393,2.3728056589154523e-11,0.19424244490907222,0.11881494176299234,0.2832354415534192
