target_id,prot_ps,prot_acf,prot_cs,e_prot_ps,E_prot_ps,e_prot_acf,E_prot_acf,e_prot_cs,E_prot_cs,sph_ps,sph_acf,sph_cs,e_sph_ps,e_sph_acf,e_sph_cs,h_ps,fa_prob_ps,hacf,gacf,hcs
5967092,0.6237850922576978,-1.0,3.30256893234169,7.38905609885344,7.38905609885344,-1.0,-1.0,0.10510653383512464,0.10510653383512464,159.82543449970424,-1.0,201.57201011147424,22.9436095639392,-1.0,39.325764370873046,14.281176547185616,6.277169132511568e-07,-1.0,-1.0,0.15569179895195
