target_id,prot_ps,prot_acf,prot_cs,e_prot_ps,E_prot_ps,e_prot_acf,E_prot_acf,e_prot_cs,E_prot_cs,sph_ps,sph_acf,sph_cs,e_sph_ps,e_sph_acf,e_sph_cs,h_ps,fa_prob_ps,hacf,gacf,hcs
5906298,45.96707070832165,52.841669079847634,2.7157657353526456,5.6491877177155905,5.6491877177155905,-1.0,-1.0,0.008674899884908329,0.008674899884908329,418.74629649577145,420.2040406174695,280.619736272799,113.04935907290456,95.02474806641288,95.95996923619506,14.42147956265403,5.455455342503273e-07,0.22645089007158473,0.0975045989730211,4.562035871978696
