target_id,prot_ps,prot_acf,prot_cs,e_prot_ps,E_prot_ps,e_prot_acf,E_prot_acf,e_prot_cs,E_prot_cs,sph_ps,sph_acf,sph_cs,e_sph_ps,e_sph_acf,e_sph_cs,h_ps,fa_prob_ps,hacf,gacf,hcs
5988823,0.8183606895313251,53.47501408215612,1.5272153429500757,0.5384487983797748,0.5384487983797748,-1.0,-1.0,0.8271482377173501,0.8271482377173501,576.1751721591718,1008.0978687402679,660.3657347163659,87.55402628328594,117.09711066588675,162.0159789105865,132.44747818001338,3.011556978539527e-58,0.09511470147406331,0.025639564204575045,0.05426800381877999
