target_id,prot_ps,prot_acf,prot_cs,e_prot_ps,E_prot_ps,e_prot_acf,E_prot_acf,e_prot_cs,E_prot_cs,sph_ps,sph_acf,sph_cs,e_sph_ps,e_sph_acf,e_sph_cs,h_ps,fa_prob_ps,hacf,gacf,hcs
5984745,9.234726727402943,-1.0,1.9824901056848467,7.389056098929746,7.389056098929746,-1.0,-1.0,0.24753222169957925,0.24753222169957925,210.25041358563698,-1.0,170.83086965123462,36.028083697014246,-1.0,25.469661600791227,19.145946165970958,4.84196035609161e-09,-1.0,-1.0,0.1616299902620243
