target_id,prot_ps,prot_acf,prot_cs,e_prot_ps,E_prot_ps,e_prot_acf,E_prot_acf,e_prot_cs,E_prot_cs,sph_ps,sph_acf,sph_cs,e_sph_ps,e_sph_acf,e_sph_cs,h_ps,fa_prob_ps,hacf,gacf,hcs
5953057,0.3708051077334121,-1.0,0.45001001420843484,0.30901657697830637,0.30901657697830637,-1.0,-1.0,0.01156432935075914,0.01156432935075914,229.5683275969521,-1.0,232.00339028864948,18.39410892653437,-1.0,18.258115812509825,10.503051062302006,2.745256196509899e-05,-1.0,-1.0,0.34485821480491097
