target_id,prot_ps,prot_acf,prot_cs,e_prot_ps,E_prot_ps,e_prot_acf,E_prot_acf,e_prot_cs,E_prot_cs,sph_ps,sph_acf,sph_cs,e_sph_ps,e_sph_acf,e_sph_cs,h_ps,fa_prob_ps,hacf,gacf,hcs
5943512,1.1834680009542797,-1.0,2.1400112774894016,3.887980490744732,3.887980490744732,-1.0,-1.0,0.012371432819006947,0.012371432819006947,688.606015227355,-1.0,773.8873000659457,114.88739439190257,-1.0,194.3732920803288,14.437125400357184,5.370764431375632e-07,-1.0,-1.0,0.29858596023588946
