target_id,prot_ps,prot_acf,prot_cs,e_prot_ps,E_prot_ps,e_prot_acf,E_prot_acf,e_prot_cs,E_prot_cs,sph_ps,sph_acf,sph_cs,e_sph_ps,e_sph_acf,e_sph_cs,h_ps,fa_prob_ps,hacf,gacf,hcs
6061235,6.230819915985275,-1.0,3.7915796149868757,2.732766698934743,2.732766698934743,-1.0,-1.0,0.06708120250640215,0.06708120250640215,749.0115845950315,-1.0,703.5775609418308,138.12990456079712,-1.0,141.22315638188198,17.314477147995344,3.0228605829377454e-08,-1.0,-1.0,0.20068991544606865
