target_id,prot_ps,prot_acf,prot_cs,e_prot_ps,E_prot_ps,e_prot_acf,E_prot_acf,e_prot_cs,E_prot_cs,sph_ps,sph_acf,sph_cs,e_sph_ps,e_sph_acf,e_sph_cs,h_ps,fa_prob_ps,hacf,gacf,hcs
6070481,41.689658010067106,-1.0,41.72422884670117,7.389056098929758,7.389056098929758,-1.0,-1.0,0.7618591439543603,0.7618591439543603,871.3804381544804,-1.0,871.1040238117049,124.48138891975798,-1.0,125.88283928319404,22.16122654009301,2.3741141770943424e-10,-1.0,-1.0,0.32793378553204905
