target_id,prot_ps,prot_acf,prot_cs,e_prot_ps,E_prot_ps,e_prot_acf,E_prot_acf,e_prot_cs,E_prot_cs,sph_ps,sph_acf,sph_cs,e_sph_ps,e_sph_acf,e_sph_cs,h_ps,fa_prob_ps,hacf,gacf,hcs
6066938,0.26390539988454526,59.93247147789225,0.7299125237091122,0.3388948095852455,0.3388948095852455,-1.0,-1.0,0.010534901253818656,0.010534901253818656,152.7295158751612,278.6699723431369,160.5822188770062,25.35547479160375,64.54053074745252,29.642971789044953,12.174701412852801,5.159342480485073e-06,0.29439622160968565,0.18841774534186723,2.41221039410747
