target_id,prot_ps,prot_acf,prot_cs,e_prot_ps,E_prot_ps,e_prot_acf,E_prot_acf,e_prot_cs,E_prot_cs,sph_ps,sph_acf,sph_cs,e_sph_ps,e_sph_acf,e_sph_cs,h_ps,fa_prob_ps,hacf,gacf,hcs
6034386,0.7859530654865254,-1.0,1.6183456610888245,7.389056098929334,7.389056098929334,-1.0,-1.0,1.1306087287338524,1.1306087287338524,651.3714480857527,-1.0,720.8915415299459,109.87497511963377,-1.0,152.3736196036852,11.567947256971783,9.464645223724057e-06,-1.0,-1.0,0.19044164204892777
