target_id,prot_ps,prot_acf,prot_cs,e_prot_ps,E_prot_ps,e_prot_acf,E_prot_acf,e_prot_cs,E_prot_cs,sph_ps,sph_acf,sph_cs,e_sph_ps,e_sph_acf,e_sph_cs,h_ps,fa_prob_ps,hacf,gacf,hcs
6029090,0.6338950403262867,-1.0,0.6191401277203111,7.389056098926247,7.389056098926247,-1.0,-1.0,0.35325225401381355,0.35325225401381355,596.5358813762239,-1.0,596.5263307692577,67.16176945380582,-1.0,66.62281863834333,14.492566910175267,5.081104914442321e-07,-1.0,-1.0,0.12426978005882151
