target_id,prot_ps,prot_acf,prot_cs,e_prot_ps,E_prot_ps,e_prot_acf,E_prot_acf,e_prot_cs,E_prot_cs,sph_ps,sph_acf,sph_cs,e_sph_ps,e_sph_acf,e_sph_cs,h_ps,fa_prob_ps,hacf,gacf,hcs
6032882,14.45064345872229,28.99541724845767,14.542810900869336,0.936186061167075,0.936186061167075,-1.0,-1.0,0.8619205386083518,0.8619205386083518,2325.127305475608,2379.7908827496944,2341.822630179133,686.1892347561989,498.82459362511355,682.9959042489901,29.312405882600693,1.8611607017976788e-13,0.6774391197028258,0.4189707814685485,0.4224151192610899
