target_id,prot_ps,prot_acf,prot_cs,e_prot_ps,E_prot_ps,e_prot_acf,E_prot_acf,e_prot_cs,E_prot_cs,sph_ps,sph_acf,sph_cs,e_sph_ps,e_sph_acf,e_sph_cs,h_ps,fa_prob_ps,hacf,gacf,hcs
6183900,0.10561772933198833,4.229902692139149,0.42482935734093197,0.4688359671658254,0.4688359671658254,-1.0,-1.0,0.28499799668569786,0.28499799668569786,167.33183629159822,468.9101470575775,348.15741263087904,57.47688234083625,72.06994089369056,136.9465266110197,6.228466557968399,0.0019724742536696366,0.41711588159628227,0.2690666832020671,1.222370385553323
