target_id,prot_ps,prot_acf,prot_cs,e_prot_ps,E_prot_ps,e_prot_acf,E_prot_acf,e_prot_cs,E_prot_cs,sph_ps,sph_acf,sph_cs,e_sph_ps,e_sph_acf,e_sph_cs,h_ps,fa_prob_ps,hacf,gacf,hcs
6146617,7.433640539158316,6.579675448127091,7.4444327927380805,0.44499441536298884,0.44499441536298884,-1.0,-1.0,0.34064004700548073,0.34064004700548073,546.75996391775,538.896505741052,547.732444536312,160.67032303382763,144.87488653438265,160.2149876858112,34.45571346888533,1.0866101824568608e-15,0.19379827237221225,0.21531771074301337,0.8444182308554679
