target_id,prot_ps,prot_acf,prot_cs,e_prot_ps,E_prot_ps,e_prot_acf,E_prot_acf,e_prot_cs,E_prot_cs,sph_ps,sph_acf,sph_cs,e_sph_ps,e_sph_acf,e_sph_cs,h_ps,fa_prob_ps,hacf,gacf,hcs
6191658,5.943023952866741,-1.0,5.88235925784692,2.409080330518531,2.409080330518531,-1.0,-1.0,0.2240495352878914,0.2240495352878914,374.2246376260347,-1.0,372.6665921350035,61.388641036623625,-1.0,58.752190933091846,14.978456339693352,3.1256407784259233e-07,-1.0,-1.0,0.24017924680067815
