target_id,prot_ps,prot_acf,prot_cs,e_prot_ps,E_prot_ps,e_prot_acf,E_prot_acf,e_prot_cs,E_prot_cs,sph_ps,sph_acf,sph_cs,e_sph_ps,e_sph_acf,e_sph_cs,h_ps,fa_prob_ps,hacf,gacf,hcs
6147228,2.8381199661052894,-1.0,5.401588163376392,2.569903728603351,2.569903728603351,-1.0,-1.0,0.06441953496802692,0.06441953496802692,257.9830439021324,-1.0,307.80074004209627,77.19018984715717,-1.0,98.94902177359899,75.88557596564418,1.1048748859331015e-33,-1.0,-1.0,0.16067840788117135
