target_id,prot_ps,prot_acf,prot_cs,e_prot_ps,E_prot_ps,e_prot_acf,E_prot_acf,e_prot_cs,E_prot_cs,sph_ps,sph_acf,sph_cs,e_sph_ps,e_sph_acf,e_sph_cs,h_ps,fa_prob_ps,hacf,gacf,hcs
6199422,0.28969140058762044,56.09062842093408,2.53848406875506,0.33006073295859706,0.33006073295859706,-1.0,-1.0,0.08005376106973593,0.08005376106973593,146.0839747002903,202.50824004860638,170.83541871206927,20.815643955878855,19.376684227583247,37.15922679276293,12.143805980979375,5.321230518006463e-06,0.02623586679597099,0.0490374978926055,0.5282512438959084
