target_id,prot_ps,prot_acf,prot_cs,e_prot_ps,E_prot_ps,e_prot_acf,E_prot_acf,e_prot_cs,E_prot_cs,sph_ps,sph_acf,sph_cs,e_sph_ps,e_sph_acf,e_sph_cs,h_ps,fa_prob_ps,hacf,gacf,hcs
6139022,47.068488866763666,51.81992269679904,0.939353973702842,3.1990153490660846,3.1990153490660846,-1.0,-1.0,0.010572396464521844,0.010572396464521844,368.81176831909625,366.0062952022736,239.2033638082612,41.22260878096732,43.64182164779695,27.861630564633455,20.070418927384967,1.9210019705148324e-09,0.17323349958537704,0.06439559379613309,0.40978861039009995
