target_id,prot_ps,prot_acf,prot_cs,e_prot_ps,E_prot_ps,e_prot_acf,E_prot_acf,e_prot_cs,E_prot_cs,sph_ps,sph_acf,sph_cs,e_sph_ps,e_sph_acf,e_sph_cs,h_ps,fa_prob_ps,hacf,gacf,hcs
6101339,3.1662440376133327,-1.0,2.724179250709712,1.4225338109965089,1.4225338109965089,-1.0,-1.0,0.42091039119500967,0.42091039119500967,899.380032334744,-1.0,877.8163495234855,123.53379900457136,-1.0,111.63182056685667,14.455996886672132,5.270360489461383e-07,-1.0,-1.0,0.22781239112567284
