target_id,prot_ps,prot_acf,prot_cs,e_prot_ps,E_prot_ps,e_prot_acf,E_prot_acf,e_prot_cs,E_prot_cs,sph_ps,sph_acf,sph_cs,e_sph_ps,e_sph_acf,e_sph_cs,h_ps,fa_prob_ps,hacf,gacf,hcs
6129282,6.175505346896405,-1.0,4.071952512279023,2.4528318932686792,2.4528318932686792,-1.0,-1.0,0.04321250045543695,0.04321250045543695,361.083741320595,-1.0,350.1496632925733,52.677290767539986,-1.0,59.77310288616394,25.447052734989406,8.88148152011644e-12,-1.0,-1.0,0.22237504968075247
