target_id,prot_ps,prot_acf,prot_cs,e_prot_ps,E_prot_ps,e_prot_acf,E_prot_acf,e_prot_cs,E_prot_cs,sph_ps,sph_acf,sph_cs,e_sph_ps,e_sph_acf,e_sph_cs,h_ps,fa_prob_ps,hacf,gacf,hcs
6203753,19.459918599341446,19.228144293185323,1.5272173267509785,5.609348873384594,5.609348873384594,-1.0,-1.0,0.14267858709447398,0.14267858709447398,1483.8423087782114,1491.4153429924831,842.9797036696591,482.57230836596153,468.8471492428909,506.07544113994334,19.199989262622886,4.587231001212259e-09,0.30707989274031033,0.08627662801727759,1.2113907815385825
