target_id,prot_ps,prot_acf,prot_cs,e_prot_ps,E_prot_ps,e_prot_acf,E_prot_acf,e_prot_cs,E_prot_cs,sph_ps,sph_acf,sph_cs,e_sph_ps,e_sph_acf,e_sph_cs,h_ps,fa_prob_ps,hacf,gacf,hcs
6229103,20.140126287809046,19.677743854466826,3.390871592958952,2.570767120137266,2.570767120137266,-1.0,-1.0,0.10416326319931893,0.10416326319931893,843.9518823487398,859.1810533556745,666.5783774207484,260.1618117610093,222.4069341922629,337.1392002216619,49.02062505384537,5.135858380018909e-22,0.4234524027615366,0.07578143755592172,1.1399514120501182
