target_id,prot_ps,prot_acf,prot_cs,e_prot_ps,E_prot_ps,e_prot_acf,E_prot_acf,e_prot_cs,E_prot_cs,sph_ps,sph_acf,sph_cs,e_sph_ps,e_sph_acf,e_sph_cs,h_ps,fa_prob_ps,hacf,gacf,hcs
6280366,15.642967177148748,15.427542426623404,15.640727788876095,0.6204500118493821,0.6204500118493821,-1.0,-1.0,0.10506594604849778,0.10506594604849778,270.9632272657303,271.2204370077738,270.9632272657303,88.66534647880145,96.93923106050715,88.66534647880145,137.1369614902663,2.768052735389358e-60,0.5497565002013394,0.18466849597091603,0.9368379911841851
