target_id,prot_ps,prot_acf,prot_cs,e_prot_ps,E_prot_ps,e_prot_acf,E_prot_acf,e_prot_cs,E_prot_cs,sph_ps,sph_acf,sph_cs,e_sph_ps,e_sph_acf,e_sph_cs,h_ps,fa_prob_ps,hacf,gacf,hcs
6268136,0.17376764897777497,54.802242203615606,2.225423792611531,7.389056098930631,7.389056098930631,-1.0,-1.0,0.012645830983578252,0.012645830983578252,507.28162583150623,756.8663435573743,557.0777604462404,79.26005066267045,180.48298753962666,105.66493632413116,13.854804523789708,9.614680288564988e-07,0.12188784550275254,0.012654622619109376,0.2271908589474075
