target_id,prot_ps,prot_acf,prot_cs,e_prot_ps,E_prot_ps,e_prot_acf,E_prot_acf,e_prot_cs,E_prot_cs,sph_ps,sph_acf,sph_cs,e_sph_ps,e_sph_acf,e_sph_cs,h_ps,fa_prob_ps,hacf,gacf,hcs
6204977,54.039278743761756,59.25769405439496,1.889114691411557,7.389056098930647,7.389056098930647,-1.0,-1.0,0.08261265171781063,0.08261265171781063,731.7510965827374,751.9335888820217,500.7000364917464,110.56361542777539,98.74335493903807,112.34947883269032,15.325446339334404,2.2092416495101719e-07,0.2255625312613549,0.12352511519265877,0.39941403808447984
