target_id,prot_ps,prot_acf,prot_cs,e_prot_ps,E_prot_ps,e_prot_acf,E_prot_acf,e_prot_cs,E_prot_cs,sph_ps,sph_acf,sph_cs,e_sph_ps,e_sph_acf,e_sph_cs,h_ps,fa_prob_ps,hacf,gacf,hcs
6219926,8.118361516675172,16.40827395627275,16.20087173876818,0.3571899309642934,0.3571899309642934,-1.0,-1.0,1.2400465997714838,1.2400465997714838,1910.1816447696021,1997.8675230845859,1991.6364304397923,718.3932484868646,650.3298643688577,667.990423789338,32.666733490093655,6.501564919802735e-15,0.5763632748147702,0.34729392944664805,1.0075191607567697
