target_id,prot_ps,prot_acf,prot_cs,e_prot_ps,E_prot_ps,e_prot_acf,E_prot_acf,e_prot_cs,E_prot_cs,sph_ps,sph_acf,sph_cs,e_sph_ps,e_sph_acf,e_sph_cs,h_ps,fa_prob_ps,hacf,gacf,hcs
6226669,45.8361736578076,-1.0,46.09841745002082,1.8429112004189565,1.8429112004189565,-1.0,-1.0,1.1131417282255265,1.1131417282255265,1410.8431112187275,-1.0,1414.5849288565385,155.32796944390677,-1.0,167.40969063706123,29.220912840150994,2.039476931338059e-13,-1.0,-1.0,0.14515816899225611
