target_id,prot_ps,prot_acf,prot_cs,e_prot_ps,E_prot_ps,e_prot_acf,E_prot_acf,e_prot_cs,E_prot_cs,sph_ps,sph_acf,sph_cs,e_sph_ps,e_sph_acf,e_sph_cs,h_ps,fa_prob_ps,hacf,gacf,hcs
6290523,54.0559406610084,-1.0,2.9896073009644764,7.389056098930488,7.389056098930488,-1.0,-1.0,0.18426586423034855,0.18426586423034855,403.70478485383205,-1.0,292.7709876387513,77.48677516886704,-1.0,67.06918402464234,16.315831135073925,8.205868826976824e-08,-1.0,-1.0,0.17389281259356287
