target_id,prot_ps,prot_acf,prot_cs,e_prot_ps,E_prot_ps,e_prot_acf,E_prot_acf,e_prot_cs,E_prot_cs,sph_ps,sph_acf,sph_cs,e_sph_ps,e_sph_acf,e_sph_cs,h_ps,fa_prob_ps,hacf,gacf,hcs
6207387,0.5670345894082607,-1.0,3.74243227285333,0.9049936105914352,0.9049936105914352,-1.0,-1.0,0.911114825888812,0.911114825888812,430.9929145717637,-1.0,495.35682402958656,62.70379362869243,-1.0,127.55539254365303,18.482981856617048,9.395999187553253e-09,-1.0,-1.0,0.17177331755982256
