target_id,prot_ps,prot_acf,prot_cs,e_prot_ps,E_prot_ps,e_prot_acf,E_prot_acf,e_prot_cs,E_prot_cs,sph_ps,sph_acf,sph_cs,e_sph_ps,e_sph_acf,e_sph_cs,h_ps,fa_prob_ps,hacf,gacf,hcs
6267785,0.34019020406113265,-1.0,5.016806610412896,0.4281525870044223,0.4281525870044223,-1.0,-1.0,0.23934431470888373,0.23934431470888373,127.93465603941544,-1.0,372.99077547262004,44.139458768025136,-1.0,275.1014534240333,15.208414974263539,2.4835293579486676e-07,-1.0,-1.0,0.32146544662216314
