target_id,prot_ps,prot_acf,prot_cs,e_prot_ps,E_prot_ps,e_prot_acf,E_prot_acf,e_prot_cs,E_prot_cs,sph_ps,sph_acf,sph_cs,e_sph_ps,e_sph_acf,e_sph_cs,h_ps,fa_prob_ps,hacf,gacf,hcs
6291911,13.24342988329924,43.01312315510586,1.041130640596834,3.474792209469488,3.474792209469488,-1.0,-1.0,0.08385691429965074,0.08385691429965074,204.81736313889098,219.37269119281828,105.18159683065761,88.81061860676331,51.83716561678549,35.19789131797428,15.691388265850238,1.5322042503401846e-07,0.26581923360345716,0.17839105812903108,0.3962229645338926
