target_id,prot_ps,prot_acf,prot_cs,e_prot_ps,E_prot_ps,e_prot_acf,E_prot_acf,e_prot_cs,E_prot_cs,sph_ps,sph_acf,sph_cs,e_sph_ps,e_sph_acf,e_sph_cs,h_ps,fa_prob_ps,hacf,gacf,hcs
6268520,6.478673152917248,-1.0,6.543704088564646,0.5613821246394552,0.5613821246394552,-1.0,-1.0,0.018317557196700016,0.018317557196700016,283.34395080086847,-1.0,266.0690255189055,102.06483192213608,-1.0,74.96347044508597,84.16219425671184,2.8107579612361157e-37,-1.0,-1.0,0.3553988817613765
