target_id,prot_ps,prot_acf,prot_cs,e_prot_ps,E_prot_ps,e_prot_acf,E_prot_acf,e_prot_cs,E_prot_cs,sph_ps,sph_acf,sph_cs,e_sph_ps,e_sph_acf,e_sph_cs,h_ps,fa_prob_ps,hacf,gacf,hcs
6310904,12.368804240887354,59.21690359991044,1.4495709049259526,4.626179207784304,4.626179207784304,-1.0,-1.0,0.00914354901923146,0.00914354901923146,422.9251841331227,446.1701527248987,273.1312611733721,126.10445204096642,46.97070963961565,55.43759028970671,11.985108046952003,6.236396371613714e-06,0.18370556231804644,0.056700031077899546,7.60196355881156
