target_id,prot_ps,prot_acf,prot_cs,e_prot_ps,E_prot_ps,e_prot_acf,E_prot_acf,e_prot_cs,E_prot_cs,sph_ps,sph_acf,sph_cs,e_sph_ps,e_sph_acf,e_sph_cs,h_ps,fa_prob_ps,hacf,gacf,hcs
6468494,26.528744692395144,-1.0,1.6923205913696435,1.2953645688721718,1.2953645688721718,-1.0,-1.0,1.240265456839418,1.240265456839418,602.8697521351112,-1.0,455.01106314897834,70.54262547470687,-1.0,69.75619464293251,16.925094305241757,4.461952447381987e-08,-1.0,-1.0,0.14665376987799636
