target_id,prot_ps,prot_acf,prot_cs,e_prot_ps,E_prot_ps,e_prot_acf,E_prot_acf,e_prot_cs,E_prot_cs,sph_ps,sph_acf,sph_cs,e_sph_ps,e_sph_acf,e_sph_cs,h_ps,fa_prob_ps,hacf,gacf,hcs
6430612,0.13818572585824035,-1.0,1.5778900400642308,0.5033207224969423,0.5033207224969423,-1.0,-1.0,0.1248014582488681,0.1248014582488681,264.90718384991703,-1.0,289.5793460700562,38.82507266034574,-1.0,33.44819892040692,12.136596004495624,5.359735106694415e-06,-1.0,-1.0,0.2768617429088643
