target_id,prot_ps,prot_acf,prot_cs,e_prot_ps,E_prot_ps,e_prot_acf,E_prot_acf,e_prot_cs,E_prot_cs,sph_ps,sph_acf,sph_cs,e_sph_ps,e_sph_acf,e_sph_cs,h_ps,fa_prob_ps,hacf,gacf,hcs
6444709,0.12298799133365448,52.14688603952527,0.7484876315159964,0.03354400432945404,0.03354400432945404,-1.0,-1.0,0.04996500559278814,0.04996500559278814,321.9022925449995,427.0941413036008,357.3218829320423,66.61236259284637,18.621213100852206,37.217225959867356,201.4192421388223,3.3476079454614554e-88,0.004110586564881626,0.008323256855244286,0.014740796058917647
