target_id,prot_ps,prot_acf,prot_cs,e_prot_ps,E_prot_ps,e_prot_acf,E_prot_acf,e_prot_cs,E_prot_cs,sph_ps,sph_acf,sph_cs,e_sph_ps,e_sph_acf,e_sph_cs,h_ps,fa_prob_ps,hacf,gacf,hcs
6431832,0.15842384803817905,26.093854155857116,13.647351217286081,0.100221697644104,0.100221697644104,-1.0,-1.0,0.07796578991807394,0.07796578991807394,188.28490891307462,386.36916853199745,375.47404600441007,27.658588204031727,58.581180550596585,82.37516046880042,502.5814108528704,5.3909655858853285e-219,0.09411333292703923,0.011872484978071652,0.09647172911649271
