target_id,prot_ps,prot_acf,prot_cs,e_prot_ps,E_prot_ps,e_prot_acf,E_prot_acf,e_prot_cs,E_prot_cs,sph_ps,sph_acf,sph_cs,e_sph_ps,e_sph_acf,e_sph_cs,h_ps,fa_prob_ps,hacf,gacf,hcs
6464993,4.774937367316661,46.384628363884985,0.5365441260671497,2.280694675157538,2.280694675157538,-1.0,-1.0,0.009395248960724085,0.009395248960724085,214.83762580218513,238.41286146485527,153.9973049743169,45.20349164772584,13.618429925020683,27.09499998715441,17.983744747178644,1.5479569996436194e-08,0.08724701852836546,0.03322158012182793,0.2920780618660385
