target_id,prot_ps,prot_acf,prot_cs,e_prot_ps,E_prot_ps,e_prot_acf,E_prot_acf,e_prot_cs,E_prot_cs,sph_ps,sph_acf,sph_cs,e_sph_ps,e_sph_acf,e_sph_cs,h_ps,fa_prob_ps,hacf,gacf,hcs
6441032,0.5642999280178571,-1.0,3.054634953369387,5.037804299350641,5.037804299350641,-1.0,-1.0,0.3986318833593896,0.3986318833593896,572.4806175760633,-1.0,656.5932310906888,85.35085861599237,-1.0,156.30529569416305,21.05642212548638,7.166581799420569e-10,-1.0,-1.0,0.19157610533072894
