target_id,prot_ps,prot_acf,prot_cs,e_prot_ps,E_prot_ps,e_prot_acf,E_prot_acf,e_prot_cs,E_prot_cs,sph_ps,sph_acf,sph_cs,e_sph_ps,e_sph_acf,e_sph_cs,h_ps,fa_prob_ps,hacf,gacf,hcs
6584502,0.23274366233576962,-1.0,1.2795402552746233,0.3951171616150423,0.3951171616150423,-1.0,-1.0,2.1771739499591356,2.1771739499591356,677.4603831486302,-1.0,731.5625396758094,85.38892322341665,-1.0,95.85781689723466,12.59732844343224,3.3810358077056677e-06,-1.0,-1.0,0.24512225240618796
