target_id,prot_ps,prot_acf,prot_cs,e_prot_ps,E_prot_ps,e_prot_acf,E_prot_acf,e_prot_cs,E_prot_cs,sph_ps,sph_acf,sph_cs,e_sph_ps,e_sph_acf,e_sph_cs,h_ps,fa_prob_ps,hacf,gacf,hcs
6548903,0.6512739042535802,-1.0,2.7714367129560564,2.344537759890077,2.344537759890077,-1.0,-1.0,1.9819957368185241,1.9819957368185241,487.1799677545193,-1.0,571.5138150253073,72.50662385811926,-1.0,147.23117451448522,10.353675110867771,3.187542851820139e-05,-1.0,-1.0,0.2497785015626903
