target_id,prot_ps,prot_acf,prot_cs,e_prot_ps,E_prot_ps,e_prot_acf,E_prot_acf,e_prot_cs,E_prot_cs,sph_ps,sph_acf,sph_cs,e_sph_ps,e_sph_acf,e_sph_cs,h_ps,fa_prob_ps,hacf,gacf,hcs
6520259,2.676315562713533,2.6563890744000673,2.695721709498332,0.10171286671533893,0.10171286671533893,-1.0,-1.0,0.043830171466156746,0.043830171466156746,3072.60109563911,3071.062023873623,3071.8127758805017,1004.8753655272301,1021.873596391697,1021.2116813358349,1251.1783539838107,0.0,1.2804886168292653,0.8661720614042394,0.3570622256954957
