target_id,prot_ps,prot_acf,prot_cs,e_prot_ps,E_prot_ps,e_prot_acf,E_prot_acf,e_prot_cs,E_prot_cs,sph_ps,sph_acf,sph_cs,e_sph_ps,e_sph_acf,e_sph_cs,h_ps,fa_prob_ps,hacf,gacf,hcs
6585265,5.04155831160489,15.263752800878137,0.4652686094725505,0.3900875953168472,0.3900875953168472,-1.0,-1.0,0.14116928667146897,0.14116928667146897,1264.976379226131,1415.4380882507,487.39255793815886,410.36822827511077,294.95457666082154,294.9836150331828,29.309468772332917,1.8666351716301761e-13,0.5441703383687939,0.3403044068598498,0.7960186922340222
