target_id,prot_ps,prot_acf,prot_cs,e_prot_ps,E_prot_ps,e_prot_acf,E_prot_acf,e_prot_cs,E_prot_cs,sph_ps,sph_acf,sph_cs,e_sph_ps,e_sph_acf,e_sph_cs,h_ps,fa_prob_ps,hacf,gacf,hcs
6530559,0.6375917793766966,-1.0,2.8892390146851534,0.6681461799368017,0.6681461799368017,-1.0,-1.0,0.9339657907861173,0.9339657907861173,319.37846279947024,-1.0,368.3501954240929,24.95928526736046,-1.0,58.24740763029011,9.724171445152537,5.981994374589276e-05,-1.0,-1.0,0.4340680810811766
