target_id,prot_ps,prot_acf,prot_cs,e_prot_ps,E_prot_ps,e_prot_acf,E_prot_acf,e_prot_cs,E_prot_cs,sph_ps,sph_acf,sph_cs,e_sph_ps,e_sph_acf,e_sph_cs,h_ps,fa_prob_ps,hacf,gacf,hcs
6504214,21.945731961768082,21.884118349291384,21.960733766652325,1.0409520786915432,1.0409520786915432,-1.0,-1.0,0.212028841811099,0.212028841811099,2063.9729527375894,2077.5510766745897,2061.2807530238133,760.4191970372335,754.8390629994443,762.0990697637417,178.69657793938856,2.4720785479393574e-78,1.008036059479072,0.5583902812340289,0.9978591919853403
