target_id,prot_ps,prot_acf,prot_cs,e_prot_ps,E_prot_ps,e_prot_acf,E_prot_acf,e_prot_cs,E_prot_cs,sph_ps,sph_acf,sph_cs,e_sph_ps,e_sph_acf,e_sph_cs,h_ps,fa_prob_ps,hacf,gacf,hcs
6503870,46.015238585539606,51.83947629015893,5.197291188516573,7.389056098930614,7.389056098930614,-1.0,-1.0,0.10456483379740618,0.10456483379740618,394.77252395158206,379.5762489505781,349.8027680417533,35.136444116172925,44.557224016633405,69.59173249280823,17.454659542113514,2.627469463556061e-08,0.13502191515445966,0.08689234242257271,0.2813436729375236
