target_id,prot_ps,prot_acf,prot_cs,e_prot_ps,E_prot_ps,e_prot_acf,E_prot_acf,e_prot_cs,E_prot_cs,sph_ps,sph_acf,sph_cs,e_sph_ps,e_sph_acf,e_sph_cs,h_ps,fa_prob_ps,hacf,gacf,hcs
6633929,0.17964435928461475,0.1838981006294489,0.18344411183610965,0.004701916675818518,0.004701916675818518,-1.0,-1.0,0.012851820667899607,0.012851820667899607,38661.728060837755,38656.59219883512,38667.962667962274,720.8016070752609,700.2286239453421,632.7003701807188,502117.1781013624,0.0,1.262071688933983,0.7132313019430577,0.00019303758027849796
