target_id,prot_ps,prot_acf,prot_cs,e_prot_ps,E_prot_ps,e_prot_acf,E_prot_acf,e_prot_cs,E_prot_cs,sph_ps,sph_acf,sph_cs,e_sph_ps,e_sph_acf,e_sph_cs,h_ps,fa_prob_ps,hacf,gacf,hcs
6664519,0.26832142903643486,17.96047095162794,0.7842125996854156,0.3642499843876706,0.3642499843876706,-1.0,-1.0,0.5593622898535603,0.5593622898535603,337.5703660607445,708.0441179820625,368.5822704200636,28.55513127497474,0.0,42.23011446903936,11.526421262911285,9.865948620387862e-06,0.008148572996703598,0.051209692629737215,4.499930692243964
