target_id,prot_ps,prot_acf,prot_cs,e_prot_ps,E_prot_ps,e_prot_acf,E_prot_acf,e_prot_cs,E_prot_cs,sph_ps,sph_acf,sph_cs,e_sph_ps,e_sph_acf,e_sph_cs,h_ps,fa_prob_ps,hacf,gacf,hcs
6690679,0.5672899718217953,22.068457547575235,2.93556318001612,0.7279071946708917,0.7279071946708917,-1.0,-1.0,0.07967152623995027,0.07967152623995027,591.4172165029385,1313.2035870437646,1056.8879135207449,167.0200997949563,277.69981827604033,441.05029931241484,30.67836382578551,4.748493814751614e-14,0.4104592942850468,0.1420137712243715,0.6837360108573812
