target_id,prot_ps,prot_acf,prot_cs,e_prot_ps,E_prot_ps,e_prot_acf,E_prot_acf,e_prot_cs,E_prot_cs,sph_ps,sph_acf,sph_cs,e_sph_ps,e_sph_acf,e_sph_cs,h_ps,fa_prob_ps,hacf,gacf,hcs
6695363,17.985645386587926,36.2288860171102,17.974266775477187,0.724666712681014,0.724666712681014,-1.0,-1.0,0.47574449804390606,0.47574449804390606,2100.698729087354,2152.80284259768,2101.9385335385177,609.8776878531503,529.7442644855298,608.6043448059218,18.783793530408644,6.955079851942614e-09,0.5702242461591339,0.33221423928871263,0.9494226627686191
