target_id,prot_ps,prot_acf,prot_cs,e_prot_ps,E_prot_ps,e_prot_acf,E_prot_acf,e_prot_cs,E_prot_cs,sph_ps,sph_acf,sph_cs,e_sph_ps,e_sph_acf,e_sph_cs,h_ps,fa_prob_ps,hacf,gacf,hcs
6611419,25.801637614406044,25.70564403105527,25.833231345000893,0.8173785697967917,0.8173785697967917,-1.0,-1.0,0.3438394934346766,0.3438394934346766,31366.6851750958,31241.729001582607,31395.623581179454,12172.011510977016,12245.092685288222,12060.721567095648,130.41177025127948,2.3061513420600496e-57,1.5144960558024696,0.7541193364975614,0.9944347697638429
