target_id,prot_ps,prot_acf,prot_cs,e_prot_ps,E_prot_ps,e_prot_acf,E_prot_acf,e_prot_cs,E_prot_cs,sph_ps,sph_acf,sph_cs,e_sph_ps,e_sph_acf,e_sph_cs,h_ps,fa_prob_ps,hacf,gacf,hcs
6636067,1.4814013236713388,52.04467467823997,1.484366740685996,0.03985894849150318,0.03985894849150318,-1.0,-1.0,0.014365134742491154,0.014365134742491154,330.3315279874835,468.7711827037098,328.22268408777035,89.23947865614078,29.637973643087964,86.43496843172956,5505.119183889286,0.0,0.16920042316505035,0.12502644176237962,0.00686098816349751
