target_id,prot_ps,prot_acf,prot_cs,e_prot_ps,E_prot_ps,e_prot_acf,E_prot_acf,e_prot_cs,E_prot_cs,sph_ps,sph_acf,sph_cs,e_sph_ps,e_sph_acf,e_sph_cs,h_ps,fa_prob_ps,hacf,gacf,hcs
6611625,0.8888644992839545,-1.0,28.597709781229405,1.2242521801824668,1.2242521801824668,-1.0,-1.0,0.3299018848583488,0.3299018848583488,495.634418699468,-1.0,747.5721501385585,55.554651645080014,-1.0,151.64119467749623,12.40914608899692,4.081091466615777e-06,-1.0,-1.0,0.17029356521037797
