target_id,prot_ps,prot_acf,prot_cs,e_prot_ps,E_prot_ps,e_prot_acf,E_prot_acf,e_prot_cs,E_prot_cs,sph_ps,sph_acf,sph_cs,e_sph_ps,e_sph_acf,e_sph_cs,h_ps,fa_prob_ps,hacf,gacf,hcs
6629156,0.7097073889100901,0.1021687313914299,0.7151871571856251,0.29394833681861815,0.29394833681861815,-1.0,-1.0,0.02156442892347269,0.02156442892347269,3639.814700788919,3509.72514124491,3642.4868000864244,368.23063808353993,951.6125248421421,376.33832022759356,686.8827027062126,4.904926454930881e-299,0.0461107362325981,0.13342349886181878,3.881028526561562e-05
