target_id,prot_ps,prot_acf,prot_cs,e_prot_ps,E_prot_ps,e_prot_acf,E_prot_acf,e_prot_cs,E_prot_cs,sph_ps,sph_acf,sph_cs,e_sph_ps,e_sph_acf,e_sph_cs,h_ps,fa_prob_ps,hacf,gacf,hcs
6613055,0.30147225617213586,59.9730548937805,28.543700392018074,0.8351997032879991,0.8351997032879991,-1.0,-1.0,2.615305676302435,2.615305676302435,561.324988691291,677.7783914475207,667.39866776045,72.77662045263298,51.24261951624023,81.45813444302013,16.358665145513783,7.861800083194554e-08,0.11800779116040684,0.06749320579513353,0.4636597331214706
