target_id,prot_ps,prot_acf,prot_cs,e_prot_ps,E_prot_ps,e_prot_acf,E_prot_acf,e_prot_cs,E_prot_cs,sph_ps,sph_acf,sph_cs,e_sph_ps,e_sph_acf,e_sph_cs,h_ps,fa_prob_ps,hacf,gacf,hcs
6720468,0.12938185243232028,-1.0,2.944692918851776,0.20583928767571255,0.20583928767571255,-1.0,-1.0,0.101335526199606,0.101335526199606,546.4921425082766,-1.0,825.1226466311809,96.196919582786,-1.0,275.8711083392801,27.799575598147534,8.448852309428019e-13,-1.0,-1.0,0.267925108272934
