target_id,prot_ps,prot_acf,prot_cs,e_prot_ps,E_prot_ps,e_prot_acf,E_prot_acf,e_prot_cs,E_prot_cs,sph_ps,sph_acf,sph_cs,e_sph_ps,e_sph_acf,e_sph_cs,h_ps,fa_prob_ps,hacf,gacf,hcs
6776058,3.5754801663783424,-1.0,3.5806075634853918,1.2012817367053403,1.2012817367053403,-1.0,-1.0,0.09215135038334361,0.09215135038334361,904.3686056421053,-1.0,906.090859361408,358.3210176616455,-1.0,369.2084237700957,39.178531528434746,9.660062763480948e-18,-1.0,-1.0,0.3499104113306104
