target_id,prot_ps,prot_acf,prot_cs,e_prot_ps,E_prot_ps,e_prot_acf,E_prot_acf,e_prot_cs,E_prot_cs,sph_ps,sph_acf,sph_cs,e_sph_ps,e_sph_acf,e_sph_cs,h_ps,fa_prob_ps,hacf,gacf,hcs
6779680,18.954786952660207,18.61511698225513,18.822945283344225,0.9559171097779836,0.9559171097779836,-1.0,-1.0,0.6982915731806263,0.6982915731806263,2300.979327350618,2326.5931166298624,2326.149687836415,772.848211507701,752.2836846487451,745.5594271197591,95.65122310738084,2.878734530261789e-42,0.9090734869766122,0.47057467464991026,0.9774265056611947
