target_id,prot_ps,prot_acf,prot_cs,e_prot_ps,E_prot_ps,e_prot_acf,E_prot_acf,e_prot_cs,E_prot_cs,sph_ps,sph_acf,sph_cs,e_sph_ps,e_sph_acf,e_sph_cs,h_ps,fa_prob_ps,hacf,gacf,hcs
6756058,0.2019071287629099,58.15336578711867,2.7241766432672736,0.23958541931605437,0.23958541931605437,-1.0,-1.0,0.3140752613093091,0.3140752613093091,552.5060660422139,731.0852998356524,587.548277854858,72.1119391937459,30.87045436046984,68.38920068520305,13.245984631458628,1.767428961567504e-06,0.1698897628034873,0.11863091350808783,0.05145958054333808
