target_id,prot_ps,prot_acf,prot_cs,e_prot_ps,E_prot_ps,e_prot_acf,E_prot_acf,e_prot_cs,E_prot_cs,sph_ps,sph_acf,sph_cs,e_sph_ps,e_sph_acf,e_sph_cs,h_ps,fa_prob_ps,hacf,gacf,hcs
6793401,0.14429073261361816,-1.0,1.4240222613047806,7.389056098930649,7.389056098930649,-1.0,-1.0,1.5120940100120628,1.5120940100120628,581.0109337903805,-1.0,626.4297049961574,99.90162929684409,-1.0,94.47995921957096,11.545117850749689,9.683202731076649e-06,-1.0,-1.0,0.12141824623354511
