target_id,prot_ps,prot_acf,prot_cs,e_prot_ps,E_prot_ps,e_prot_acf,E_prot_acf,e_prot_cs,E_prot_cs,sph_ps,sph_acf,sph_cs,e_sph_ps,e_sph_acf,e_sph_cs,h_ps,fa_prob_ps,hacf,gacf,hcs
6765437,5.4461965934718375,50.34873017668724,2.765502086896449,7.276083409127105,7.276083409127105,-1.0,-1.0,0.3014450215936808,0.3014450215936808,309.2331373361423,391.2826413298478,246.4738152352009,127.82398022529101,80.04070862018575,91.29720797808804,13.682685288509504,1.1420504298017642e-06,0.46387888831447055,0.24340768667698667,0.41660918469522024
