target_id,prot_ps,prot_acf,prot_cs,e_prot_ps,E_prot_ps,e_prot_acf,E_prot_acf,e_prot_cs,E_prot_cs,sph_ps,sph_acf,sph_cs,e_sph_ps,e_sph_acf,e_sph_cs,h_ps,fa_prob_ps,hacf,gacf,hcs
6864510,0.18150950162928053,26.502509130630642,1.0780069699213206,7.389056098930573,7.389056098930573,-1.0,-1.0,0.0119296002935123,0.0119296002935123,519.5641293500807,1111.0784302154664,620.596508277538,86.3079012151107,245.31021839470137,131.73213804257287,10.369363655268891,3.1379251765074485e-05,0.2684905203809407,0.004173748795476884,0.5440978324645069
