target_id,prot_ps,prot_acf,prot_cs,e_prot_ps,E_prot_ps,e_prot_acf,E_prot_acf,e_prot_cs,E_prot_cs,sph_ps,sph_acf,sph_cs,e_sph_ps,e_sph_acf,e_sph_cs,h_ps,fa_prob_ps,hacf,gacf,hcs
6864359,0.6923715526720092,-1.0,1.1733041337411854,1.2470406407990187,1.2470406407990187,-1.0,-1.0,0.12238910971645581,0.12238910971645581,469.03263855327225,-1.0,478.4932380915915,64.04750696714886,-1.0,65.43756415621347,12.324995844536653,4.439379939507451e-06,-1.0,-1.0,0.19091318209172392
