target_id,prot_ps,prot_acf,prot_cs,e_prot_ps,E_prot_ps,e_prot_acf,E_prot_acf,e_prot_cs,E_prot_cs,sph_ps,sph_acf,sph_cs,e_sph_ps,e_sph_acf,e_sph_cs,h_ps,fa_prob_ps,hacf,gacf,hcs
6852178,0.4889748693204253,-1.0,2.372162951235754,0.47012398645401976,0.47012398645401976,-1.0,-1.0,0.010928497799314084,0.010928497799314084,348.1515638219308,-1.0,394.96681953501985,48.17561209863058,-1.0,95.89656587090852,17.01880576921872,4.062810496868556e-08,-1.0,-1.0,0.31328292619552256
