target_id,prot_ps,prot_acf,prot_cs,e_prot_ps,E_prot_ps,e_prot_acf,E_prot_acf,e_prot_cs,E_prot_cs,sph_ps,sph_acf,sph_cs,e_sph_ps,e_sph_acf,e_sph_cs,h_ps,fa_prob_ps,hacf,gacf,hcs
6871755,54.056218614853506,-1.0,0.7484864375134931,7.389056098930504,7.389056098930504,-1.0,-1.0,0.12203181438787894,0.12203181438787894,480.02510165702506,-1.0,397.84218693638013,26.328953301565953,-1.0,44.11035555858939,12.535582051999597,3.5963825964734046e-06,-1.0,-1.0,0.1400611640884178
