target_id,prot_ps,prot_acf,prot_cs,e_prot_ps,E_prot_ps,e_prot_acf,E_prot_acf,e_prot_cs,E_prot_cs,sph_ps,sph_acf,sph_cs,e_sph_ps,e_sph_acf,e_sph_cs,h_ps,fa_prob_ps,hacf,gacf,hcs
6870808,0.31983083923492434,-1.0,0.5689961212650668,0.4387959352267433,0.4387959352267433,-1.0,-1.0,0.26627008269909247,0.26627008269909247,277.7705118996128,-1.0,296.06848437069846,34.31239613013801,-1.0,53.67156970422761,11.625767522988065,8.93291737242352e-06,-1.0,-1.0,0.42588162860022655
