target_id,prot_ps,prot_acf,prot_cs,e_prot_ps,E_prot_ps,e_prot_acf,E_prot_acf,e_prot_cs,E_prot_cs,sph_ps,sph_acf,sph_cs,e_sph_ps,e_sph_acf,e_sph_cs,h_ps,fa_prob_ps,hacf,gacf,hcs
6837899,14.030206175331433,55.27315016370267,3.0950920721982063,0.8953906925962519,0.8953906925962519,-1.0,-1.0,0.240510136066576,0.240510136066576,975.3330027661699,1045.027946394416,723.4128255780217,255.55704921245157,106.89900878220885,239.13102050378956,22.753438979018018,1.31312783412772e-10,0.2191234704201394,0.17500743583479023,0.2522106033045989
