target_id,prot_ps,prot_acf,prot_cs,e_prot_ps,E_prot_ps,e_prot_acf,E_prot_acf,e_prot_cs,E_prot_cs,sph_ps,sph_acf,sph_cs,e_sph_ps,e_sph_acf,e_sph_cs,h_ps,fa_prob_ps,hacf,gacf,hcs
6888154,1.7305675087674763,1.307763785123825,3.4625506227806233,0.05827057128159859,0.05827057128159859,-1.0,-1.0,0.07262905050423722,0.07262905050423722,406.18115123417124,391.009149060922,456.32285927751235,43.13279839752372,34.181301134264416,64.96897352489455,72.74252628142082,2.5604850018336794e-32,0.42113696343056894,0.6113851807396946,0.9624950643915691
