target_id,prot_ps,prot_acf,prot_cs,e_prot_ps,E_prot_ps,e_prot_acf,E_prot_acf,e_prot_cs,E_prot_cs,sph_ps,sph_acf,sph_cs,e_sph_ps,e_sph_acf,e_sph_cs,h_ps,fa_prob_ps,hacf,gacf,hcs
6879140,0.5954175414091968,-1.0,0.5928100520001857,7.389056098861395,7.389056098861395,-1.0,-1.0,0.00956988013695633,0.00956988013695633,560.8808993703609,-1.0,560.8808993703609,96.11775291113008,-1.0,96.11775291113008,14.392171273239718,5.617711517694322e-07,-1.0,-1.0,0.15730946976566243
