target_id,prot_ps,prot_acf,prot_cs,e_prot_ps,E_prot_ps,e_prot_acf,E_prot_acf,e_prot_cs,E_prot_cs,sph_ps,sph_acf,sph_cs,e_sph_ps,e_sph_acf,e_sph_cs,h_ps,fa_prob_ps,hacf,gacf,hcs
6875450,1.334479302507164,30.875398366246372,1.3001996016176416,0.3552793008872206,0.3552793008872206,-1.0,-1.0,0.04898524088396563,0.04898524088396563,287.62240367708506,419.4024336221788,283.81833970099217,53.88796421619194,0.0,45.691541827191514,14.90214580764693,3.373496836421053e-07,6.186187368697853e-06,0.008667614269626426,0.5188900767388013
