target_id,prot_ps,prot_acf,prot_cs,e_prot_ps,E_prot_ps,e_prot_acf,E_prot_acf,e_prot_cs,E_prot_cs,sph_ps,sph_acf,sph_cs,e_sph_ps,e_sph_acf,e_sph_cs,h_ps,fa_prob_ps,hacf,gacf,hcs
6801987,1.6358601498896324,4.801933658309281,1.0731810882315038,0.5005903905915624,0.5005903905915624,-1.0,-1.0,0.053370662185769684,0.053370662185769684,314.92842553339744,359.82045248280747,301.0728096065484,80.60240569797091,75.79557289422814,87.56867156394163,21.25821609784928,5.856984215309806e-10,0.2420673455892365,0.29346106038586195,0.5434078326607754
