target_id,prot_ps,prot_acf,prot_cs,e_prot_ps,E_prot_ps,e_prot_acf,E_prot_acf,e_prot_cs,E_prot_cs,sph_ps,sph_acf,sph_cs,e_sph_ps,e_sph_acf,e_sph_cs,h_ps,fa_prob_ps,hacf,gacf,hcs
6843172,53.23870442118769,55.10893333470449,0.28340400263255083,7.389056098930649,7.389056098930649,-1.0,-1.0,0.014802890538991706,0.014802890538991706,153.60050143706317,157.19439822755623,83.81969792948826,19.440754756073282,19.714457399345914,9.400334407533514,25.1872191784505,1.151674355141234e-11,0.28852317685290774,0.19079774031123387,0.10337045029410111
