target_id,prot_ps,prot_acf,prot_cs,e_prot_ps,E_prot_ps,e_prot_acf,E_prot_acf,e_prot_cs,E_prot_cs,sph_ps,sph_acf,sph_cs,e_sph_ps,e_sph_acf,e_sph_cs,h_ps,fa_prob_ps,hacf,gacf,hcs
6947848,0.5667820925485584,17.695640004239976,0.39212393958587194,0.4355482683691327,0.4355482683691327,-1.0,-1.0,0.013992987332426455,0.013992987332426455,195.4530090531449,386.600154356584,176.1895126076018,56.83527325200739,71.71920991554681,43.9523911591837,91.7468434132455,1.4284076702117329e-40,0.26648900937677145,0.1179028937288801,0.19233723625702073
