target_id,prot_ps,prot_acf,prot_cs,e_prot_ps,E_prot_ps,e_prot_acf,E_prot_acf,e_prot_cs,E_prot_cs,sph_ps,sph_acf,sph_cs,e_sph_ps,e_sph_acf,e_sph_cs,h_ps,fa_prob_ps,hacf,gacf,hcs
6929817,0.1602041373397066,-1.0,0.763580959769897,7.389056098929779,7.389056098929779,-1.0,-1.0,0.43970802470507775,0.43970802470507775,634.1758382996898,-1.0,671.5471886361432,89.97150175118992,-1.0,97.72280585794552,9.262348298253452,9.493213422288929e-05,-1.0,-1.0,0.26419233189203395
