target_id,prot_ps,prot_acf,prot_cs,e_prot_ps,E_prot_ps,e_prot_acf,E_prot_acf,e_prot_cs,E_prot_cs,sph_ps,sph_acf,sph_cs,e_sph_ps,e_sph_acf,e_sph_cs,h_ps,fa_prob_ps,hacf,gacf,hcs
6953213,13.615500947391268,27.42212000116706,13.472802236638964,0.8046269588486811,0.8046269588486811,-1.0,-1.0,0.522085478746117,0.522085478746117,1354.3802504511016,1413.424883543066,1354.6356997360333,606.4815776375312,502.8108967172983,591.2479111945809,41.16133513764297,1.3300234002473816e-18,0.9208802794616375,0.5090596124188967,0.7349607701719423
