target_id,prot_ps,prot_acf,prot_cs,e_prot_ps,E_prot_ps,e_prot_acf,E_prot_acf,e_prot_cs,E_prot_cs,sph_ps,sph_acf,sph_cs,e_sph_ps,e_sph_acf,e_sph_cs,h_ps,fa_prob_ps,hacf,gacf,hcs
6945291,24.634884595479164,-1.0,2.9938481147960068,1.2435112239907957,1.2435112239907957,-1.0,-1.0,0.37009897400319935,0.37009897400319935,1239.4336699631317,-1.0,472.68887341556206,411.1160396548907,-1.0,261.5152966680302,14.325586280713,6.004501093579978e-07,-1.0,-1.0,0.599237980433902
