target_id,prot_ps,prot_acf,prot_cs,e_prot_ps,E_prot_ps,e_prot_acf,E_prot_acf,e_prot_cs,E_prot_cs,sph_ps,sph_acf,sph_cs,e_sph_ps,e_sph_acf,e_sph_cs,h_ps,fa_prob_ps,hacf,gacf,hcs
7018095,10.206385661158896,30.34402885939926,1.5576601481158288,0.3448980276126378,0.3448980276126378,-1.0,-1.0,1.0389258162174557,1.0389258162174557,1053.6178482923053,1097.760449157219,630.3283416756777,526.9196149466763,454.2997334408326,312.9254581663168,22.503296217408977,1.6863302404149867e-10,0.23283220884345263,0.028735739486743857,3.1553812580808303
