target_id,prot_ps,prot_acf,prot_cs,e_prot_ps,E_prot_ps,e_prot_acf,E_prot_acf,e_prot_cs,E_prot_cs,sph_ps,sph_acf,sph_cs,e_sph_ps,e_sph_acf,e_sph_cs,h_ps,fa_prob_ps,hacf,gacf,hcs
7045031,1.2907707474454302,49.265548962168396,1.2881638745182997,0.037537727763869926,0.037537727763869926,-1.0,-1.0,0.008256123782617662,0.008256123782617662,642.7300900266923,711.2367384362964,642.7300900266923,85.82761748630809,37.85013892040091,85.82761748630809,422.99594097436477,1.9733174999855323e-184,0.046215219013167774,0.008948484787041572,0.015092746342440566
