target_id,prot_ps,prot_acf,prot_cs,e_prot_ps,E_prot_ps,e_prot_acf,E_prot_acf,e_prot_cs,E_prot_cs,sph_ps,sph_acf,sph_cs,e_sph_ps,e_sph_acf,e_sph_cs,h_ps,fa_prob_ps,hacf,gacf,hcs
7019144,46.362687265461794,-1.0,3.0814547175680076,7.389056098930649,7.389056098930649,-1.0,-1.0,0.12396599990288251,0.12396599990288251,873.9311696530314,-1.0,677.330590176495,108.78687277627957,-1.0,140.29999797535658,17.832234197126827,1.8011881794481102e-08,-1.0,-1.0,0.26626301180223066
