target_id,prot_ps,prot_acf,prot_cs,e_prot_ps,E_prot_ps,e_prot_acf,E_prot_acf,e_prot_cs,E_prot_cs,sph_ps,sph_acf,sph_cs,e_sph_ps,e_sph_acf,e_sph_cs,h_ps,fa_prob_ps,hacf,gacf,hcs
7049645,0.1604989781016978,39.069256998598576,3.135553078679368,7.389056098930649,7.389056098930649,-1.0,-1.0,0.4161928728480893,0.4161928728480893,152.77119743222423,246.48844880087265,194.44578429791153,23.90476217770564,67.8244714352782,55.79681893412652,13.68455883633331,1.1399127468552536e-06,0.13332432191398294,0.024608385470469663,0.3546479591989504
