target_id,prot_ps,prot_acf,prot_cs,e_prot_ps,E_prot_ps,e_prot_acf,E_prot_acf,e_prot_cs,E_prot_cs,sph_ps,sph_acf,sph_cs,e_sph_ps,e_sph_acf,e_sph_cs,h_ps,fa_prob_ps,hacf,gacf,hcs
7020085,28.609145014183735,-1.0,28.619759430047125,7.3890560989304435,7.3890560989304435,-1.0,-1.0,0.31019453266024505,0.31019453266024505,814.0194889216144,-1.0,813.9953419264227,186.8493612295992,-1.0,186.62623228623627,15.753083126500275,1.4405320499194562e-07,-1.0,-1.0,0.28150504984230074
