target_id,prot_ps,prot_acf,prot_cs,e_prot_ps,E_prot_ps,e_prot_acf,E_prot_acf,e_prot_cs,E_prot_cs,sph_ps,sph_acf,sph_cs,e_sph_ps,e_sph_acf,e_sph_cs,h_ps,fa_prob_ps,hacf,gacf,hcs
7109448,0.24420643815493606,-1.0,7.677366451844573,0.5420654536083557,0.5420654536083557,-1.0,-1.0,0.3091605203805401,0.3091605203805401,316.97513992870915,-1.0,533.2069323125961,52.99989707637497,-1.0,169.25935149658545,14.440611309613963,5.35207502763652e-07,-1.0,-1.0,0.21707558140137326
