target_id,prot_ps,prot_acf,prot_cs,e_prot_ps,E_prot_ps,e_prot_acf,E_prot_acf,e_prot_cs,E_prot_cs,sph_ps,sph_acf,sph_cs,e_sph_ps,e_sph_acf,e_sph_cs,h_ps,fa_prob_ps,hacf,gacf,hcs
7121057,15.363361691022128,15.304857477080077,15.368002754763637,0.6187927946935062,0.6187927946935062,-1.0,-1.0,0.40118551748055115,0.40118551748055115,5524.360988654944,5538.260075194298,5524.401552634391,2798.694751359876,2797.934744877521,2797.1458582097503,162.06281066799485,4.140145510082081e-71,1.189212855995906,0.6064614772598806,0.9870774339594495
