target_id,prot_ps,prot_acf,prot_cs,e_prot_ps,E_prot_ps,e_prot_acf,E_prot_acf,e_prot_cs,E_prot_cs,sph_ps,sph_acf,sph_cs,e_sph_ps,e_sph_acf,e_sph_cs,h_ps,fa_prob_ps,hacf,gacf,hcs
7122183,0.6148573516613101,57.60275044897571,5.983056554181356,1.3187777774798521,1.3187777774798521,-1.0,-1.0,0.1258217796593943,0.1258217796593943,628.360288786211,801.0043716105752,747.8641987338522,90.1992828744238,52.08036735320199,140.22207288808528,19.096901208826008,5.085353921298164e-09,0.09313632523396384,0.023615353010917897,0.44800541826880796
