target_id,prot_ps,prot_acf,prot_cs,e_prot_ps,E_prot_ps,e_prot_acf,E_prot_acf,e_prot_cs,E_prot_cs,sph_ps,sph_acf,sph_cs,e_sph_ps,e_sph_acf,e_sph_cs,h_ps,fa_prob_ps,hacf,gacf,hcs
7106387,1.1604796587065538,1.2873253994621336,0.53257390091359,7.389056098912099,7.389056098912099,-1.0,-1.0,0.011726955758468575,0.011726955758468575,156.42002374875364,159.78479210691307,140.97351080274976,40.268710565199854,39.726506077720074,45.34603197694295,22.64419953197668,1.4647013982350043e-10,0.2759287753025734,0.39786730094440326,1.0232486423162257
