target_id,prot_ps,prot_acf,prot_cs,e_prot_ps,E_prot_ps,e_prot_acf,E_prot_acf,e_prot_cs,E_prot_cs,sph_ps,sph_acf,sph_cs,e_sph_ps,e_sph_acf,e_sph_cs,h_ps,fa_prob_ps,hacf,gacf,hcs
7213390,58.38071477361024,55.64096431620419,0.5071661562738774,7.389056098930643,7.389056098930643,-1.0,-1.0,0.010939775500643472,0.010939775500643472,242.49163450702721,243.56633146501957,204.80416397952337,36.47294897063364,35.41360316653804,23.58071110337663,11.50535666612223,1.0075975146082182e-05,0.11098611073579631,0.08074629553555707,0.1429916546484973
