target_id,prot_ps,prot_acf,prot_cs,e_prot_ps,E_prot_ps,e_prot_acf,E_prot_acf,e_prot_cs,E_prot_cs,sph_ps,sph_acf,sph_cs,e_sph_ps,e_sph_acf,e_sph_cs,h_ps,fa_prob_ps,hacf,gacf,hcs
7282182,5.480519835474707,5.455795460846275,5.424903052908263,0.1726002362189924,0.1726002362189924,-1.0,-1.0,0.018155417495397817,0.018155417495397817,7173.841751078944,7128.650072624126,7187.130553265668,2462.8925181335626,2484.5153684861875,2415.6219678027496,1774.8093451948534,0.0,1.386849438147066,0.8078138417041594,0.5726814546238852
