target_id,prot_ps,prot_acf,prot_cs,e_prot_ps,E_prot_ps,e_prot_acf,E_prot_acf,e_prot_cs,E_prot_cs,sph_ps,sph_acf,sph_cs,e_sph_ps,e_sph_acf,e_sph_cs,h_ps,fa_prob_ps,hacf,gacf,hcs
7283710,16.590703893377643,32.48960031196475,1.2946799218654634,5.395554032246728,5.395554032246728,-1.0,-1.0,0.6226297827637045,0.6226297827637045,1523.7182063017963,1557.844620654632,900.700027037032,439.0462230499368,393.881304146345,358.3915655453955,14.741979603109526,3.959493241853815e-07,0.31320893339881517,0.10768909811637752,0.8590287359113148
