target_id,prot_ps,prot_acf,prot_cs,e_prot_ps,E_prot_ps,e_prot_acf,E_prot_acf,e_prot_cs,E_prot_cs,sph_ps,sph_acf,sph_cs,e_sph_ps,e_sph_acf,e_sph_cs,h_ps,fa_prob_ps,hacf,gacf,hcs
7220937,2.201383615637459,-1.0,0.12378578913644288,4.232383056503298,4.232383056503298,-1.0,-1.0,0.009607221103887828,0.009607221103887828,388.8987216282197,-1.0,325.81684135042923,65.54074271162783,-1.0,51.09264419723074,13.585661901858018,1.2584095429166828e-06,-1.0,-1.0,0.2246581373545368
