target_id,prot_ps,prot_acf,prot_cs,e_prot_ps,E_prot_ps,e_prot_acf,E_prot_acf,e_prot_cs,E_prot_cs,sph_ps,sph_acf,sph_cs,e_sph_ps,e_sph_acf,e_sph_cs,h_ps,fa_prob_ps,hacf,gacf,hcs
7270857,0.4774277844860184,-1.0,2.852338777791086,7.389056098815954,7.389056098815954,-1.0,-1.0,1.592995793206379,1.592995793206379,398.32728636257286,-1.0,451.7373705234702,58.68674823536127,-1.0,92.58587478423652,11.668535880140762,8.558925681875506e-06,-1.0,-1.0,0.25935141769708514
