target_id,prot_ps,prot_acf,prot_cs,e_prot_ps,E_prot_ps,e_prot_acf,E_prot_acf,e_prot_cs,E_prot_cs,sph_ps,sph_acf,sph_cs,e_sph_ps,e_sph_acf,e_sph_cs,h_ps,fa_prob_ps,hacf,gacf,hcs
7206786,0.3561174849037056,-1.0,0.37022557949830576,0.6104588481353205,0.6104588481353205,-1.0,-1.0,0.010052523449240718,0.010052523449240718,615.3306717224534,-1.0,615.9711429834687,101.53741888600675,-1.0,103.08587245360718,12.631333061714109,3.2679977753176284e-06,-1.0,-1.0,0.16670616535694807
