target_id,prot_ps,prot_acf,prot_cs,e_prot_ps,E_prot_ps,e_prot_acf,E_prot_acf,e_prot_cs,E_prot_cs,sph_ps,sph_acf,sph_cs,e_sph_ps,e_sph_acf,e_sph_cs,h_ps,fa_prob_ps,hacf,gacf,hcs
7367141,9.66568115952638,19.371153507381678,19.668055258924138,0.3352416117457034,0.3352416117457034,-1.0,-1.0,0.4123537516768657,0.4123537516768657,2947.153085838292,3061.8147823676277,3050.30820681257,932.0419678649081,784.7437211540981,783.7353554230364,123.29261928017418,2.849021897465435e-54,1.038788204467414,0.6322561173945233,0.8448655050411263
