target_id,prot_ps,prot_acf,prot_cs,e_prot_ps,E_prot_ps,e_prot_acf,E_prot_acf,e_prot_cs,E_prot_cs,sph_ps,sph_acf,sph_cs,e_sph_ps,e_sph_acf,e_sph_cs,h_ps,fa_prob_ps,hacf,gacf,hcs
7367544,16.399014043332514,52.67804784607142,1.4362839344842362,1.042661168634294,1.042661168634294,-1.0,-1.0,0.060478677342020434,0.060478677342020434,880.4824201228757,903.5896922302096,529.9922764237315,233.04341531009348,143.20264966151643,136.0347487177463,22.79600438782147,1.258406882657742e-10,0.15508409987348667,0.06358405440504714,0.5877471905332864
