target_id,prot_ps,prot_acf,prot_cs,e_prot_ps,E_prot_ps,e_prot_acf,E_prot_acf,e_prot_cs,E_prot_cs,sph_ps,sph_acf,sph_cs,e_sph_ps,e_sph_acf,e_sph_cs,h_ps,fa_prob_ps,hacf,gacf,hcs
7301275,7.313754931705208,58.82869788771495,7.322886884111954,0.21817012744143435,0.21817012744143435,-1.0,-1.0,0.033162594946991884,0.033162594946991884,225.6089581444623,245.34423381078972,225.4031803895229,59.33202317404354,36.791523579538,57.97997490471883,121.28870082917254,2.1134234049506084e-53,0.12197876517627537,0.055622334538134664,0.03895203055648289
