target_id,prot_ps,prot_acf,prot_cs,e_prot_ps,E_prot_ps,e_prot_acf,E_prot_acf,e_prot_cs,E_prot_cs,sph_ps,sph_acf,sph_cs,e_sph_ps,e_sph_acf,e_sph_cs,h_ps,fa_prob_ps,hacf,gacf,hcs
7376530,45.59413788836843,-1.0,0.22252360853366557,7.389056098930647,7.389056098930647,-1.0,-1.0,0.10951105236576754,0.10951105236576754,123.68902850072898,-1.0,84.88523806518145,35.1889015754523,-1.0,13.025386750966321,14.06830989632908,7.766237047719016e-07,-1.0,-1.0,0.187898729687878
