target_id,prot_ps,prot_acf,prot_cs,e_prot_ps,E_prot_ps,e_prot_acf,E_prot_acf,e_prot_cs,E_prot_cs,sph_ps,sph_acf,sph_cs,e_sph_ps,e_sph_acf,e_sph_cs,h_ps,fa_prob_ps,hacf,gacf,hcs
7336529,0.4119437590949584,51.0842096991837,2.9934805212827076,0.7078183334633903,0.7078183334633903,-1.0,-1.0,0.18730235326659034,0.18730235326659034,924.9143897516187,1466.0505803050867,1127.310560044611,113.66322604463447,164.81985316479984,264.113086146074,11.616271811223399,9.018145792857695e-06,0.14267554206444066,0.056050057477599946,0.3987689939498333
