target_id,prot_ps,prot_acf,prot_cs,e_prot_ps,E_prot_ps,e_prot_acf,E_prot_acf,e_prot_cs,E_prot_cs,sph_ps,sph_acf,sph_cs,e_sph_ps,e_sph_acf,e_sph_cs,h_ps,fa_prob_ps,hacf,gacf,hcs
7377586,18.01873435118404,17.286906016990542,18.03001228057953,0.7347425202826791,0.7347425202826791,-1.0,-1.0,0.1585778345581199,0.1585778345581199,377.1255562792983,376.24687851420686,377.08494756957475,41.558851125353236,34.46648242606444,41.52836864163448,94.14450890001099,1.2988508509614687e-41,0.03143719297109793,0.06969608336843613,0.9921865980878253
