target_id,prot_ps,prot_acf,prot_cs,e_prot_ps,E_prot_ps,e_prot_acf,E_prot_acf,e_prot_cs,E_prot_cs,sph_ps,sph_acf,sph_cs,e_sph_ps,e_sph_acf,e_sph_cs,h_ps,fa_prob_ps,hacf,gacf,hcs
7423752,54.041109830789544,54.16971448203549,0.590222712158554,7.389056098930649,7.389056098930649,-1.0,-1.0,0.013708583679825618,0.013708583679825618,904.2742269614924,928.9395457354664,571.0838395151418,184.1884808475435,191.88409161959092,148.82131005153906,14.54727419445667,4.810598268370208e-07,0.20897125382696247,0.13060577718267882,0.2628524099469994
