target_id,prot_ps,prot_acf,prot_cs,e_prot_ps,E_prot_ps,e_prot_acf,E_prot_acf,e_prot_cs,E_prot_cs,sph_ps,sph_acf,sph_cs,e_sph_ps,e_sph_acf,e_sph_cs,h_ps,fa_prob_ps,hacf,gacf,hcs
7419577,0.26980444774065054,59.073885101825,3.054432495683431,0.23804103978178615,0.23804103978178615,-1.0,-1.0,0.12579868359484508,0.12579868359484508,347.57427946139177,890.8974569243335,503.882963149267,66.15693871090355,140.96275032181381,224.7964849014851,38.089104107872046,2.8715227759798444e-17,0.40393958853484724,0.2999769501720447,0.1949560472056774
