target_id,prot_ps,prot_acf,prot_cs,e_prot_ps,E_prot_ps,e_prot_acf,E_prot_acf,e_prot_cs,E_prot_cs,sph_ps,sph_acf,sph_cs,e_sph_ps,e_sph_acf,e_sph_cs,h_ps,fa_prob_ps,hacf,gacf,hcs
7434397,0.10237830422576556,-1.0,2.992387182381935,0.1656069115513325,0.1656069115513325,-1.0,-1.0,0.42301868495520256,0.42301868495520256,284.0065631969995,-1.0,646.8058324598763,41.26468953483815,-1.0,185.1506495154434,10.64349885136235,2.3855426236213474e-05,-1.0,-1.0,0.6399905466710092
