target_id,prot_ps,prot_acf,prot_cs,e_prot_ps,E_prot_ps,e_prot_acf,E_prot_acf,e_prot_cs,E_prot_cs,sph_ps,sph_acf,sph_cs,e_sph_ps,e_sph_acf,e_sph_cs,h_ps,fa_prob_ps,hacf,gacf,hcs
7499730,54.04197774716747,55.436656375881284,0.715057669452724,6.925515215972594,6.925515215972594,-1.0,-1.0,0.012000339943834093,0.012000339943834093,724.4291383691237,740.6321110811392,406.17027170682076,137.87483680854223,145.7223797468006,69.88517431164694,21.385063903096917,5.159228366027744e-10,0.26275001996537806,0.15923211769316373,0.2923606732577072
