target_id,prot_ps,prot_acf,prot_cs,e_prot_ps,E_prot_ps,e_prot_acf,E_prot_acf,e_prot_cs,E_prot_cs,sph_ps,sph_acf,sph_cs,e_sph_ps,e_sph_acf,e_sph_cs,h_ps,fa_prob_ps,hacf,gacf,hcs
7455166,6.8812801945280295,14.201471463311464,0.7636100555164739,0.43371946462877436,0.43371946462877436,-1.0,-1.0,0.06565024643659066,0.06565024643659066,1703.2213886151426,1780.709272624418,904.3346236887451,636.403474999628,554.7934015774175,570.8343850393308,51.31042678867331,5.201933327242649e-23,0.45812909681092917,0.2751507853115919,0.33931142249014323
