target_id,prot_ps,prot_acf,prot_cs,e_prot_ps,E_prot_ps,e_prot_acf,E_prot_acf,e_prot_cs,E_prot_cs,sph_ps,sph_acf,sph_cs,e_sph_ps,e_sph_acf,e_sph_cs,h_ps,fa_prob_ps,hacf,gacf,hcs
7422626,9.861577496774034,18.390299985185266,3.135546147474088,0.3689951929666815,0.3689951929666815,-1.0,-1.0,0.13257101384549494,0.13257101384549494,1116.4801053739614,1157.4902404153925,952.1797056250387,327.15046220344374,268.25874261804256,249.85744716041813,29.380903666035472,1.7379435438013008e-13,0.20629287566936008,0.053316087209863264,1.9047314362906274
