target_id,prot_ps,prot_acf,prot_cs,e_prot_ps,E_prot_ps,e_prot_acf,E_prot_acf,e_prot_cs,E_prot_cs,sph_ps,sph_acf,sph_cs,e_sph_ps,e_sph_acf,e_sph_cs,h_ps,fa_prob_ps,hacf,gacf,hcs
7435878,53.853870218662074,56.94928693771362,28.740939953628345,2.7516248570893684,2.7516248570893684,-1.0,-1.0,0.45247267061563856,0.45247267061563856,559.9248253936056,558.4826207008234,550.6074756539745,34.37368188972771,44.10452230196235,61.50267500326112,34.350144410561704,1.2075964563011091e-15,0.13171810537890882,0.07131288093179274,0.45957275496236055
