target_id,prot_ps,prot_acf,prot_cs,e_prot_ps,E_prot_ps,e_prot_acf,E_prot_acf,e_prot_cs,E_prot_cs,sph_ps,sph_acf,sph_cs,e_sph_ps,e_sph_acf,e_sph_cs,h_ps,fa_prob_ps,hacf,gacf,hcs
7421536,0.6390180257721942,44.64761250419542,3.1258547945112034,7.389056098930649,7.389056098930649,-1.0,-1.0,0.20331624105003546,0.20331624105003546,260.7681504200115,548.0947117856688,449.64729954435995,77.21269994479347,74.16906395590541,164.25847060143113,11.219038096116986,1.3416327855176659e-05,0.11056305999507443,0.04799713203575995,0.7161398982736766
