target_id,prot_ps,prot_acf,prot_cs,e_prot_ps,E_prot_ps,e_prot_acf,E_prot_acf,e_prot_cs,E_prot_cs,sph_ps,sph_acf,sph_cs,e_sph_ps,e_sph_acf,e_sph_cs,h_ps,fa_prob_ps,hacf,gacf,hcs
7594324,1.03145260434538,0.572158781811595,1.0364960151994767,0.7150330733079259,0.7150330733079259,-1.0,-1.0,0.012772517483380026,0.012772517483380026,313.41405178004294,303.0004680422243,315.42705638238783,55.86655914600028,63.31764404917685,53.18773587733244,20.6547607650118,1.0709060565026973e-09,0.21192993956849823,0.3363940525235637,0.7231070706273107
