target_id,prot_ps,prot_acf,prot_cs,e_prot_ps,E_prot_ps,e_prot_acf,E_prot_acf,e_prot_cs,E_prot_cs,sph_ps,sph_acf,sph_cs,e_sph_ps,e_sph_acf,e_sph_cs,h_ps,fa_prob_ps,hacf,gacf,hcs
7546791,0.12118219873072701,0.12260224297642708,0.12260224297642708,0.0031473905571740134,0.0031473905571740134,-1.0,-1.0,0.01226022429764271,0.01226022429764271,14124.34079629509,14127.813876828364,14127.813876828364,462.56553830633044,449.0284636299087,449.0284636299087,45617082.98020749,0.0,0.696722220433759,0.3689708687273374,7.593756709746177e-06
