target_id,prot_ps,prot_acf,prot_cs,e_prot_ps,E_prot_ps,e_prot_acf,E_prot_acf,e_prot_cs,E_prot_cs,sph_ps,sph_acf,sph_cs,e_sph_ps,e_sph_acf,e_sph_cs,h_ps,fa_prob_ps,hacf,gacf,hcs
7538674,0.1500106847808663,-1.0,2.7545637320775427,0.4367499908854565,0.4367499908854565,-1.0,-1.0,0.034242807317364475,0.034242807317364475,198.3665508198143,-1.0,240.76212638973388,33.88664634713579,-1.0,53.50837501459637,14.028220104201646,8.083909033000299e-07,-1.0,-1.0,0.1986930787448547
