target_id,prot_ps,prot_acf,prot_cs,e_prot_ps,E_prot_ps,e_prot_acf,E_prot_acf,e_prot_cs,E_prot_cs,sph_ps,sph_acf,sph_cs,e_sph_ps,e_sph_acf,e_sph_cs,h_ps,fa_prob_ps,hacf,gacf,hcs
7513242,47.0810562972697,48.100827178917825,24.19865813658209,1.880293569410255,1.880293569410255,-1.0,-1.0,0.38063218162113605,0.38063218162113605,2297.3781438807105,2274.7871706408546,2224.1038584291387,479.6270572572295,496.927564388731,653.3460893589037,27.236628735556636,1.483482523913915e-12,0.4447133037389021,0.16034646621109785,0.4543259267632948
