target_id,prot_ps,prot_acf,prot_cs,e_prot_ps,E_prot_ps,e_prot_acf,E_prot_acf,e_prot_cs,E_prot_cs,sph_ps,sph_acf,sph_cs,e_sph_ps,e_sph_acf,e_sph_cs,h_ps,fa_prob_ps,hacf,gacf,hcs
7599004,0.3481356013152334,11.034384928643703,2.4132647184799008,0.23072014903238222,0.23072014903238222,-1.0,-1.0,0.04698161726970464,0.04698161726970464,356.95035690667856,462.9318221271527,406.2349175311771,52.43307412307236,52.82639858803449,54.44407401290413,37.33631581784384,6.095987470724803e-17,6.952696293305999e-05,0.040559191495698164,4.628994223764455
