target_id,prot_ps,prot_acf,prot_cs,e_prot_ps,E_prot_ps,e_prot_acf,E_prot_acf,e_prot_cs,E_prot_cs,sph_ps,sph_acf,sph_cs,e_sph_ps,e_sph_acf,e_sph_cs,h_ps,fa_prob_ps,hacf,gacf,hcs
7597744,47.08119262254707,-1.0,2.996389188546572,7.389056098930649,7.389056098930649,-1.0,-1.0,0.4886817292080517,0.4886817292080517,923.6342246990592,-1.0,612.6710324358205,228.28689754084473,-1.0,190.7387850758143,11.797076124640505,7.52653241674556e-06,-1.0,-1.0,0.39627669028727625
