target_id,prot_ps,prot_acf,prot_cs,e_prot_ps,E_prot_ps,e_prot_acf,E_prot_acf,e_prot_cs,E_prot_cs,sph_ps,sph_acf,sph_cs,e_sph_ps,e_sph_acf,e_sph_cs,h_ps,fa_prob_ps,hacf,gacf,hcs
7596734,0.45872230748244075,-1.0,2.5966068373197135,0.17706660660378556,0.17706660660378556,-1.0,-1.0,0.01272058112449888,0.01272058112449888,312.3807936832153,-1.0,373.628619600078,60.2425083815019,-1.0,112.7177780757111,604.7328332530032,2.3327462099815187e-263,-1.0,-1.0,0.017089279989752276
