target_id,prot_ps,prot_acf,prot_cs,e_prot_ps,E_prot_ps,e_prot_acf,E_prot_acf,e_prot_cs,E_prot_cs,sph_ps,sph_acf,sph_cs,e_sph_ps,e_sph_acf,e_sph_cs,h_ps,fa_prob_ps,hacf,gacf,hcs
7593258,9.542234083968932,58.70597646199167,0.10114674211659685,0.4949122609712946,0.4949122609712946,-1.0,-1.0,0.017462829042529833,0.017462829042529833,1060.3618794762012,1128.0742445818835,517.6877378563186,288.78439903225546,148.11363116660215,108.3728706632032,16.54741363267992,6.509529051423891e-08,0.14049234142559294,0.13122344290248933,0.9059176359370053
