target_id,prot_ps,prot_acf,prot_cs,e_prot_ps,E_prot_ps,e_prot_acf,E_prot_acf,e_prot_cs,E_prot_cs,sph_ps,sph_acf,sph_cs,e_sph_ps,e_sph_acf,e_sph_cs,h_ps,fa_prob_ps,hacf,gacf,hcs
7667466,12.582010726454003,12.811909573618323,12.713010622523724,1.1538370986062236,1.1538370986062236,-1.0,-1.0,0.8227206564305531,0.8227206564305531,1344.4502652125964,1326.9579871543935,1329.6599543377968,564.0887891603473,581.0988112538342,570.5924078610676,30.488069794172166,5.743802846319247e-14,0.824854589289781,0.4393551288016948,0.9670994110187336
