target_id,prot_ps,prot_acf,prot_cs,e_prot_ps,E_prot_ps,e_prot_acf,E_prot_acf,e_prot_cs,E_prot_cs,sph_ps,sph_acf,sph_cs,e_sph_ps,e_sph_acf,e_sph_cs,h_ps,fa_prob_ps,hacf,gacf,hcs
7679216,54.056219846734564,-1.0,1.455934397710747,7.389056098924255,7.389056098924255,-1.0,-1.0,0.08935129425495028,0.08935129425495028,699.2122756071909,-1.0,446.90715603202955,112.08692711312794,-1.0,95.58154673545198,11.467715527525886,1.0462474833771251e-05,-1.0,-1.0,0.23907524220848173
