target_id,prot_ps,prot_acf,prot_cs,e_prot_ps,E_prot_ps,e_prot_acf,E_prot_acf,e_prot_cs,E_prot_cs,sph_ps,sph_acf,sph_cs,e_sph_ps,e_sph_acf,e_sph_cs,h_ps,fa_prob_ps,hacf,gacf,hcs
7662577,0.21895418140552722,-1.0,3.1355603671632712,0.10791403642807369,0.10791403642807369,-1.0,-1.0,0.2947764329591186,0.2947764329591186,574.9231716952564,-1.0,1538.1193361822602,250.58208407635675,-1.0,1002.2437821094882,40.9847959770067,1.5868258447839969e-18,-1.0,-1.0,0.24048818690441923
