target_id,prot_ps,prot_acf,prot_cs,e_prot_ps,E_prot_ps,e_prot_acf,E_prot_acf,e_prot_cs,E_prot_cs,sph_ps,sph_acf,sph_cs,e_sph_ps,e_sph_acf,e_sph_cs,h_ps,fa_prob_ps,hacf,gacf,hcs
7664576,0.18588357277102807,-1.0,0.8091482128947974,0.09839681260309913,0.09839681260309913,-1.0,-1.0,2.6814932673227867,2.6814932673227867,763.0731346465345,-1.0,933.2896966703952,495.6888792881628,-1.0,684.8425180703205,8.299130049675338,0.000248733118470108,-1.0,-1.0,0.40594138142723024
