target_id,prot_ps,prot_acf,prot_cs,e_prot_ps,E_prot_ps,e_prot_acf,E_prot_acf,e_prot_cs,E_prot_cs,sph_ps,sph_acf,sph_cs,e_sph_ps,e_sph_acf,e_sph_cs,h_ps,fa_prob_ps,hacf,gacf,hcs
7676637,0.13884912400907423,-1.0,0.7089260637219147,1.066657706932609,1.066657706932609,-1.0,-1.0,0.012568458341643624,0.012568458341643624,176.1084162957596,-1.0,199.24625309708773,30.644175166566754,-1.0,36.73702660969193,14.432108000550839,5.397779419618334e-07,-1.0,-1.0,0.2393596910996413
