target_id,prot_ps,prot_acf,prot_cs,e_prot_ps,E_prot_ps,e_prot_acf,E_prot_acf,e_prot_cs,E_prot_cs,sph_ps,sph_acf,sph_cs,e_sph_ps,e_sph_acf,e_sph_cs,h_ps,fa_prob_ps,hacf,gacf,hcs
7691514,4.710191202609776,9.522134228609502,9.614099531811132,0.14004437800176422,0.14004437800176422,-1.0,-1.0,0.20790550379210018,0.20790550379210018,2890.2562039841237,3047.0126455826435,2997.4504311148216,1285.368149178936,1222.1602465214019,1255.8040068119653,228.84897609722682,4.0940438671938344e-100,0.8972165672916406,0.5386356224046035,0.4345769761538209
