target_id,prot_ps,prot_acf,prot_cs,e_prot_ps,E_prot_ps,e_prot_acf,E_prot_acf,e_prot_cs,E_prot_cs,sph_ps,sph_acf,sph_cs,e_sph_ps,e_sph_acf,e_sph_cs,h_ps,fa_prob_ps,hacf,gacf,hcs
7661672,47.068338782151855,-1.0,3.0195021021358026,7.389056098930639,7.389056098930639,-1.0,-1.0,0.40620798982381867,0.40620798982381867,468.4176444809391,-1.0,306.21924785312916,70.78154273864257,-1.0,71.21520948535436,19.9621574126838,2.140647651772965e-09,-1.0,-1.0,0.23887544333964916
