target_id,prot_ps,prot_acf,prot_cs,e_prot_ps,E_prot_ps,e_prot_acf,E_prot_acf,e_prot_cs,E_prot_cs,sph_ps,sph_acf,sph_cs,e_sph_ps,e_sph_acf,e_sph_cs,h_ps,fa_prob_ps,hacf,gacf,hcs
7678770,19.72295242384731,19.06466876808554,19.521362601919105,1.5390562700446202,1.5390562700446202,-1.0,-1.0,0.5548190513364325,0.5548190513364325,2173.178245159289,2184.7400879522966,2176.4076333749636,751.2558305152495,774.9762189997926,774.4521606471529,69.70487430832708,5.3402025047363135e-31,0.7804796016442751,0.41509775931363424,0.9386076240957648
