target_id,prot_ps,prot_acf,prot_cs,e_prot_ps,E_prot_ps,e_prot_acf,E_prot_acf,e_prot_cs,E_prot_cs,sph_ps,sph_acf,sph_cs,e_sph_ps,e_sph_acf,e_sph_cs,h_ps,fa_prob_ps,hacf,gacf,hcs
7700437,0.10068928473389026,-1.0,2.9575384023089772,0.09469415001696158,0.09469415001696158,-1.0,-1.0,0.06733289121169779,0.06733289121169779,214.00000232584156,-1.0,250.0139926828818,33.764539508664285,-1.0,25.286409793197123,11.172573772916639,1.4054417863641788e-05,-1.0,-1.0,0.28445249392704625
