target_id,prot_ps,prot_acf,prot_cs,e_prot_ps,E_prot_ps,e_prot_acf,E_prot_acf,e_prot_cs,E_prot_cs,sph_ps,sph_acf,sph_cs,e_sph_ps,e_sph_acf,e_sph_cs,h_ps,fa_prob_ps,hacf,gacf,hcs
7763092,1.7654871880006056,21.57808130979538,1.9622567691095176,1.24028857210868,1.24028857210868,-1.0,-1.0,0.3061476676155805,0.3061476676155805,510.8843788316299,770.6303643567509,522.3784393527911,277.27699431901203,225.94980885944503,280.67211474068586,13.924165292981082,8.970400805655919e-07,0.17426449696172253,0.012470385299505548,9.475511471812073
