target_id,prot_ps,prot_acf,prot_cs,e_prot_ps,E_prot_ps,e_prot_acf,E_prot_acf,e_prot_cs,E_prot_cs,sph_ps,sph_acf,sph_cs,e_sph_ps,e_sph_acf,e_sph_cs,h_ps,fa_prob_ps,hacf,gacf,hcs
7747625,12.691459288533018,25.296919667162,12.698604110483924,0.5449209516453453,0.5449209516453453,-1.0,-1.0,0.20956209548733476,0.20956209548733476,2053.9094421369823,2095.1760004696926,2054.9171898509194,502.6486020346021,446.87696857833646,498.1836481260126,36.82445966271417,1.0170454691786627e-16,0.4877034626092026,0.14603267975513146,0.8546918897622263
