target_id,prot_ps,prot_acf,prot_cs,e_prot_ps,E_prot_ps,e_prot_acf,E_prot_acf,e_prot_cs,E_prot_cs,sph_ps,sph_acf,sph_cs,e_sph_ps,e_sph_acf,e_sph_cs,h_ps,fa_prob_ps,hacf,gacf,hcs
7797516,1.7061869413591921,15.815433444455266,0.4083409271169436,1.0283659778466228,1.0283659778466228,-1.0,-1.0,0.013905347199250412,0.013905347199250412,3174.6666956509157,3634.65722499966,2355.569350081602,730.7929566913526,0.0,232.07654020357774,10.9911199683654,1.6850672881123412e-05,0.02968156066406273,0.07967396593886382,2.7943222472694367
