target_id,prot_ps,prot_acf,prot_cs,e_prot_ps,E_prot_ps,e_prot_acf,E_prot_acf,e_prot_cs,E_prot_cs,sph_ps,sph_acf,sph_cs,e_sph_ps,e_sph_acf,e_sph_cs,h_ps,fa_prob_ps,hacf,gacf,hcs
7747991,2.9248847764961514,-1.0,2.903321531368964,1.485594443523477,1.485594443523477,-1.0,-1.0,0.6784996433314775,0.6784996433314775,426.8322070348462,-1.0,431.8907098607875,128.3612566376622,-1.0,140.8410244299085,11.616311310653963,9.017789588269122e-06,-1.0,-1.0,0.2912813326738122
