target_id,prot_ps,prot_acf,prot_cs,e_prot_ps,E_prot_ps,e_prot_acf,E_prot_acf,e_prot_cs,E_prot_cs,sph_ps,sph_acf,sph_cs,e_sph_ps,e_sph_acf,e_sph_cs,h_ps,fa_prob_ps,hacf,gacf,hcs
7748839,0.7830034699755652,-1.0,0.49259401149753634,7.389056098928908,7.389056098928908,-1.0,-1.0,0.013948147641880591,0.013948147641880591,372.23985181267955,-1.0,361.53868260881217,63.86953467761574,-1.0,59.015662454958424,12.754458013877139,2.889410621378772e-06,-1.0,-1.0,0.23544561108092932
