target_id,prot_ps,prot_acf,prot_cs,e_prot_ps,E_prot_ps,e_prot_acf,E_prot_acf,e_prot_cs,E_prot_cs,sph_ps,sph_acf,sph_cs,e_sph_ps,e_sph_acf,e_sph_cs,h_ps,fa_prob_ps,hacf,gacf,hcs
7799130,0.7626768695414541,-1.0,0.7611449013685486,1.1387548264458502,1.1387548264458502,-1.0,-1.0,0.01305227879652644,0.01305227879652644,792.1654358109109,-1.0,792.1654358109109,165.4870098274568,-1.0,165.4870098274568,16.431616146216385,7.308693994931459e-08,-1.0,-1.0,0.41822851602790084
