target_id,prot_ps,prot_acf,prot_cs,e_prot_ps,E_prot_ps,e_prot_acf,E_prot_acf,e_prot_cs,E_prot_cs,sph_ps,sph_acf,sph_cs,e_sph_ps,e_sph_acf,e_sph_cs,h_ps,fa_prob_ps,hacf,gacf,hcs
7779199,47.066209150673814,-1.0,3.089781055249816,2.122446772620765,2.122446772620765,-1.0,-1.0,0.09070453673582084,0.09070453673582084,497.11112209568995,-1.0,330.3161158379813,124.80757468602413,-1.0,79.97215479991073,15.590488054748889,1.6948726346495154e-07,-1.0,-1.0,0.2609026107826302
