target_id,prot_ps,prot_acf,prot_cs,e_prot_ps,E_prot_ps,e_prot_acf,E_prot_acf,e_prot_cs,E_prot_cs,sph_ps,sph_acf,sph_cs,e_sph_ps,e_sph_acf,e_sph_cs,h_ps,fa_prob_ps,hacf,gacf,hcs
7762843,6.610956326464197,6.579666601493955,6.559109504753821,0.21630147488176646,0.21630147488176646,-1.0,-1.0,0.03889185937491087,0.03889185937491087,6361.875069134793,6379.809121378237,6366.997446491658,2057.903751492306,2075.2319331763847,2038.4122602206435,597.1068044796323,4.784204195865102e-260,1.1586343597772064,0.7633327802318464,0.7997954618372297
