target_id,prot_ps,prot_acf,prot_cs,e_prot_ps,E_prot_ps,e_prot_acf,E_prot_acf,e_prot_cs,E_prot_cs,sph_ps,sph_acf,sph_cs,e_sph_ps,e_sph_acf,e_sph_cs,h_ps,fa_prob_ps,hacf,gacf,hcs
7817242,4.593220153227341,0.5312777664512396,4.652428746897299,0.17482790733079034,0.17482790733079034,-1.0,-1.0,0.044131145375157214,0.044131145375157214,1494.0259273424347,1002.9595848775488,1458.9537587691154,381.70391281773186,341.16778436633734,373.30453954514013,338.22781292514554,1.2868479066496406e-147,0.7150029900502484,0.5228419964206946,0.8003591784783026
