target_id,prot_ps,prot_acf,prot_cs,e_prot_ps,E_prot_ps,e_prot_acf,E_prot_acf,e_prot_cs,E_prot_cs,sph_ps,sph_acf,sph_cs,e_sph_ps,e_sph_acf,e_sph_cs,h_ps,fa_prob_ps,hacf,gacf,hcs
7888432,4.0252036728863265,-1.0,4.066528012842554,2.3105327211147992,2.3105327211147992,-1.0,-1.0,0.010029400024399894,0.010029400024399894,612.9635009119548,-1.0,616.3770301444873,251.02135233241842,-1.0,269.2876590344189,16.012894078340334,1.1109345217677053e-07,-1.0,-1.0,0.4266706361021645
