target_id,prot_ps,prot_acf,prot_cs,e_prot_ps,E_prot_ps,e_prot_acf,E_prot_acf,e_prot_cs,E_prot_cs,sph_ps,sph_acf,sph_cs,e_sph_ps,e_sph_acf,e_sph_cs,h_ps,fa_prob_ps,hacf,gacf,hcs
7809207,10.811179850436114,21.475809588097036,21.690567683978003,0.3607573617651114,0.3607573617651114,-1.0,-1.0,0.5255148734203187,0.5255148734203187,2891.5249281469714,2962.107349509671,2934.9626501392563,1392.5366820880372,1244.7559755092109,1241.9105406689994,84.81409087450079,1.4645639692826574e-37,0.7905823115023477,0.46807122495419967,0.5606076995731216
