target_id,prot_ps,prot_acf,prot_cs,e_prot_ps,E_prot_ps,e_prot_acf,E_prot_acf,e_prot_cs,E_prot_cs,sph_ps,sph_acf,sph_cs,e_sph_ps,e_sph_acf,e_sph_cs,h_ps,fa_prob_ps,hacf,gacf,hcs
7887504,2.4732635088691515,-1.0,2.414662841185927,1.0942491689443534,1.0942491689443534,-1.0,-1.0,0.06969074281890969,0.06969074281890969,82.69762275421759,-1.0,81.20296588546682,30.7817539150453,-1.0,25.90746344563121,24.802258410661192,1.6924507260660843e-11,-1.0,-1.0,0.5381940964667383
