target_id,prot_ps,prot_acf,prot_cs,e_prot_ps,E_prot_ps,e_prot_acf,E_prot_acf,e_prot_cs,E_prot_cs,sph_ps,sph_acf,sph_cs,e_sph_ps,e_sph_acf,e_sph_cs,h_ps,fa_prob_ps,hacf,gacf,hcs
7950108,0.981518472846417,58.97166140098125,1.5129965762343685,1.2946813472121916,1.2946813472121916,-1.0,-1.0,0.009747826001591691,0.009747826001591691,295.99893768355605,390.7456788869204,302.7447880416874,26.804919595678857,58.50818019096722,29.6693809527747,12.52457373001691,3.6361914463743713e-06,0.18964731799199397,0.15371583810894796,0.6151709656571376
