target_id,prot_ps,prot_acf,prot_cs,e_prot_ps,E_prot_ps,e_prot_acf,E_prot_acf,e_prot_cs,E_prot_cs,sph_ps,sph_acf,sph_cs,e_sph_ps,e_sph_acf,e_sph_cs,h_ps,fa_prob_ps,hacf,gacf,hcs
7905685,0.10605355767931744,59.60509934369475,0.28893250076100224,0.13964598496734085,0.13964598496734085,-1.0,-1.0,0.015114997150176822,0.015114997150176822,704.5803245925517,856.1696329052263,722.0640063361072,141.16347623059605,153.5547887170362,120.90611276424478,14.08202424247517,7.660455206961925e-07,0.07086348709886552,0.038597402352929466,0.15716751915925464
