target_id,prot_ps,prot_acf,prot_cs,e_prot_ps,E_prot_ps,e_prot_acf,E_prot_acf,e_prot_cs,E_prot_cs,sph_ps,sph_acf,sph_cs,e_sph_ps,e_sph_acf,e_sph_cs,h_ps,fa_prob_ps,hacf,gacf,hcs
7905232,15.117957727576304,15.080047018826008,15.16665375811862,0.8677436275009046,0.8677436275009046,-1.0,-1.0,0.18082987546511037,0.18082987546511037,947.1065808641279,948.2811364012036,946.3361358590176,98.4121350492536,97.35702794820776,99.5271114443148,61.75287904569671,1.517278796781118e-27,0.11154556335134733,0.16360234425298775,0.6494093847629154
