target_id,prot_ps,prot_acf,prot_cs,e_prot_ps,E_prot_ps,e_prot_acf,E_prot_acf,e_prot_cs,E_prot_cs,sph_ps,sph_acf,sph_cs,e_sph_ps,e_sph_acf,e_sph_cs,h_ps,fa_prob_ps,hacf,gacf,hcs
7902140,4.065460712560725,50.471340655349195,0.5664233048938214,1.8868580218038298,1.8868580218038298,-1.0,-1.0,0.010482969255254732,0.010482969255254732,567.1265710411125,674.891500932635,424.2770124763895,346.9456325782667,219.14684656271342,209.40681524284295,11.127291381332045,1.4705464753373456e-05,0.23412893066830365,0.11978691042797937,2.829144489180835
