target_id,prot_ps,prot_acf,prot_cs,e_prot_ps,E_prot_ps,e_prot_acf,E_prot_acf,e_prot_cs,E_prot_cs,sph_ps,sph_acf,sph_cs,e_sph_ps,e_sph_acf,e_sph_cs,h_ps,fa_prob_ps,hacf,gacf,hcs
7908709,0.1405491769020985,-1.0,3.095116053661332,7.389056091654277,7.389056091654277,-1.0,-1.0,0.34885756287966396,0.34885756287966396,240.3614740201262,-1.0,264.5496632889301,32.47439920015135,-1.0,15.782221108941858,10.450577647656399,2.8931556224738047e-05,-1.0,-1.0,0.23754276632912888
