target_id,prot_ps,prot_acf,prot_cs,e_prot_ps,E_prot_ps,e_prot_acf,E_prot_acf,e_prot_cs,E_prot_cs,sph_ps,sph_acf,sph_cs,e_sph_ps,e_sph_acf,e_sph_cs,h_ps,fa_prob_ps,hacf,gacf,hcs
7956926,52.11153130210669,-1.0,28.622456671817993,7.389056098930649,7.389056098930649,-1.0,-1.0,0.3195173092801457,0.3195173092801457,993.7136620931466,-1.0,985.0548325931228,235.6394620292119,-1.0,326.8000939753607,20.633162475421848,1.094287385072376e-09,-1.0,-1.0,0.17145552252078597
