target_id,prot_ps,prot_acf,prot_cs,e_prot_ps,E_prot_ps,e_prot_acf,E_prot_acf,e_prot_cs,E_prot_cs,sph_ps,sph_acf,sph_cs,e_sph_ps,e_sph_acf,e_sph_cs,h_ps,fa_prob_ps,hacf,gacf,hcs
7956389,6.82516466203743,-1.0,6.69594332089182,0.6359005678377008,0.6359005678377008,-1.0,-1.0,0.21044780685623918,0.21044780685623918,581.486165947982,-1.0,560.7607886873997,199.081668416646,-1.0,184.04089689754147,47.96392607655174,1.4775138974674447e-21,-1.0,-1.0,0.31685983446057875
