target_id,prot_ps,prot_acf,prot_cs,e_prot_ps,E_prot_ps,e_prot_acf,E_prot_acf,e_prot_cs,E_prot_cs,sph_ps,sph_acf,sph_cs,e_sph_ps,e_sph_acf,e_sph_cs,h_ps,fa_prob_ps,hacf,gacf,hcs
7987666,45.95224223174894,-1.0,3.1989060416351998,1.8280455251305125,1.8280455251305125,-1.0,-1.0,0.11678411368536286,0.11678411368536286,347.4232112651416,-1.0,250.6173530422286,65.03653731506135,-1.0,58.65034162880111,25.84764551480015,5.949907071072325e-12,-1.0,-1.0,0.21955420105312778
