target_id,prot_ps,prot_acf,prot_cs,e_prot_ps,E_prot_ps,e_prot_acf,E_prot_acf,e_prot_cs,E_prot_cs,sph_ps,sph_acf,sph_cs,e_sph_ps,e_sph_acf,e_sph_cs,h_ps,fa_prob_ps,hacf,gacf,hcs
7976231,0.36307021394560895,55.273097259923816,0.728256261125207,0.5804726888061419,0.5804726888061419,-1.0,-1.0,0.04861990562985146,0.04861990562985146,474.4821309029651,667.1541253870997,494.0212660012138,55.21845459449503,34.55674829710113,69.36820572853537,17.666823152107746,2.1251823104400547e-08,0.1159055541360027,0.08196747692652542,0.4378050471723768
