target_id,prot_ps,prot_acf,prot_cs,e_prot_ps,E_prot_ps,e_prot_acf,E_prot_acf,e_prot_cs,E_prot_cs,sph_ps,sph_acf,sph_cs,e_sph_ps,e_sph_acf,e_sph_cs,h_ps,fa_prob_ps,hacf,gacf,hcs
7956638,54.04375458427164,56.80575251579285,54.10936003080316,7.389056098930649,7.389056098930649,-1.0,-1.0,1.5379782556092942,1.5379782556092942,381.26206267808146,392.3430280723498,396.0886322785656,41.58189704378589,34.58299570869231,26.815133851253947,27.94800641012961,7.28341465890101e-13,0.2514114170222388,0.16305640478886405,0.3797678591993739
