target_id,prot_ps,prot_acf,prot_cs,e_prot_ps,E_prot_ps,e_prot_acf,E_prot_acf,e_prot_cs,E_prot_cs,sph_ps,sph_acf,sph_cs,e_sph_ps,e_sph_acf,e_sph_cs,h_ps,fa_prob_ps,hacf,gacf,hcs
7909717,3.415515163152769,4.883647998794913,3.462215714456911,0.44344865034485625,0.44344865034485625,-1.0,-1.0,0.12050880136283551,0.12050880136283551,912.3725511391576,932.4394769990623,906.9899558425601,118.05857662412073,115.22666303785014,116.3409226566113,48.22262802876012,1.1407191811037712e-21,0.11432255663945685,0.15021238878476598,2.10057548323854
