target_id,prot_ps,prot_acf,prot_cs,e_prot_ps,E_prot_ps,e_prot_acf,E_prot_acf,e_prot_cs,E_prot_cs,sph_ps,sph_acf,sph_cs,e_sph_ps,e_sph_acf,e_sph_cs,h_ps,fa_prob_ps,hacf,gacf,hcs
7941280,52.502892343979646,52.37156758829951,3.135550935007632,7.389056098930649,7.389056098930649,-1.0,-1.0,0.08601202536960509,0.08601202536960509,305.3353217520369,305.35843441191406,206.63378861241694,73.2130545533048,73.18524563441886,57.227850320508516,20.631005246757915,1.0966505612252548e-09,0.3233479415713244,0.1806875053421451,0.13490804341023016
