target_id,prot_ps,prot_acf,prot_cs,e_prot_ps,E_prot_ps,e_prot_acf,E_prot_acf,e_prot_cs,E_prot_cs,sph_ps,sph_acf,sph_cs,e_sph_ps,e_sph_acf,e_sph_cs,h_ps,fa_prob_ps,hacf,gacf,hcs
7901541,12.267079188744498,24.21395126497373,12.141682415481595,0.6900203191028148,0.6900203191028148,-1.0,-1.0,0.35399816114007937,0.35399816114007937,2120.7424975200565,2201.6107653806757,2134.5661295189993,886.121215855555,767.124564166388,840.9784815066475,40.572489777952306,2.396578022498047e-18,0.8334455973017316,0.4480099907919786,0.7364250189476537
