target_id,prot_ps,prot_acf,prot_cs,e_prot_ps,E_prot_ps,e_prot_acf,E_prot_acf,e_prot_cs,E_prot_cs,sph_ps,sph_acf,sph_cs,e_sph_ps,e_sph_acf,e_sph_cs,h_ps,fa_prob_ps,hacf,gacf,hcs
8022522,14.234714620312959,14.814469427801669,14.352394827132493,1.5128269037171769,1.5128269037171769,-1.0,-1.0,0.46737914349435733,0.46737914349435733,2175.2516099310005,2177.9827879706054,2216.7551342703023,603.463733621946,617.3257685449056,607.3264397791172,45.171308201871106,2.4118489632264977e-20,0.6609202527334492,0.3448036408891192,0.9332715356287397
