target_id,prot_ps,prot_acf,prot_cs,e_prot_ps,E_prot_ps,e_prot_acf,E_prot_acf,e_prot_cs,E_prot_cs,sph_ps,sph_acf,sph_cs,e_sph_ps,e_sph_acf,e_sph_cs,h_ps,fa_prob_ps,hacf,gacf,hcs
8004764,0.3359446373294645,-1.0,5.846292219702155,0.43530163237441766,0.43530163237441766,-1.0,-1.0,0.20693459458656077,0.20693459458656077,851.3928140811471,-1.0,1206.0618728621384,106.63242833034427,-1.0,322.22103737772693,14.711188518645836,4.0833067263786055e-07,-1.0,-1.0,0.1760733655611798
