target_id,prot_ps,prot_acf,prot_cs,e_prot_ps,E_prot_ps,e_prot_acf,E_prot_acf,e_prot_cs,E_prot_cs,sph_ps,sph_acf,sph_cs,e_sph_ps,e_sph_acf,e_sph_cs,h_ps,fa_prob_ps,hacf,gacf,hcs
8012732,52.62604118042228,54.128729914315045,3.1153137647174303,7.389056098930581,7.389056098930581,-1.0,-1.0,0.17946336550841774,0.17946336550841774,320.3228793005505,330.1798962044309,267.9406408073953,44.899828622263975,40.1290023424769,51.26116311610976,23.724861736357838,4.970767658226119e-11,0.18755311825689816,0.11905102311724682,0.27240015024003195
