target_id,prot_ps,prot_acf,prot_cs,e_prot_ps,E_prot_ps,e_prot_acf,E_prot_acf,e_prot_cs,E_prot_cs,sph_ps,sph_acf,sph_cs,e_sph_ps,e_sph_acf,e_sph_cs,h_ps,fa_prob_ps,hacf,gacf,hcs
8056871,36.49525956615512,36.147208200767636,36.31480752018135,1.2242890156425328,1.2242890156425328,-1.0,-1.0,0.7497896945588699,0.7497896945588699,2233.2645812782484,2231.4499493583025,2235.7103855317855,748.4567198420335,777.6388659362369,757.2690962721708,38.5273666953443,1.8525811549237854e-17,0.6336331755802476,0.279134474502414,0.38842840085438024
