target_id,prot_ps,prot_acf,prot_cs,e_prot_ps,E_prot_ps,e_prot_acf,E_prot_acf,e_prot_cs,E_prot_cs,sph_ps,sph_acf,sph_cs,e_sph_ps,e_sph_acf,e_sph_cs,h_ps,fa_prob_ps,hacf,gacf,hcs
8035021,0.32864231678689315,58.29746883222833,0.9948389753058458,0.9557217085743256,0.9557217085743256,-1.0,-1.0,0.01809359563138426,0.01809359563138426,298.16133212571685,522.433764830989,330.82761550134,58.70413313951019,62.628732104093075,77.29294912899796,13.32868055105521,1.6271499816120554e-06,0.1994147016031089,0.10089944590358925,1.4821509445704573
