target_id,prot_ps,prot_acf,prot_cs,e_prot_ps,E_prot_ps,e_prot_acf,E_prot_acf,e_prot_cs,E_prot_cs,sph_ps,sph_acf,sph_cs,e_sph_ps,e_sph_acf,e_sph_cs,h_ps,fa_prob_ps,hacf,gacf,hcs
8086671,0.6340215189975534,-1.0,3.1083595490835747,0.9139911476547954,0.9139911476547954,-1.0,-1.0,0.012127928310119173,0.012127928310119173,455.89120482259926,-1.0,536.7540638040815,67.20551928780264,-1.0,121.49003952736501,12.996466952606719,2.2683293817237135e-06,-1.0,-1.0,0.4240386842077795
