target_id,prot_ps,prot_acf,prot_cs,e_prot_ps,E_prot_ps,e_prot_acf,E_prot_acf,e_prot_cs,E_prot_cs,sph_ps,sph_acf,sph_cs,e_sph_ps,e_sph_acf,e_sph_cs,h_ps,fa_prob_ps,hacf,gacf,hcs
8085410,47.06806175141357,53.69970899820328,3.054426370263099,7.389056098929966,7.389056098929966,-1.0,-1.0,0.19100524853424192,0.19100524853424192,1084.6222698474594,1043.011725891018,808.2381741998579,107.97718673947625,157.8359073581497,189.6097014663501,19.120477797316088,4.966860943356438e-09,0.2193503622891731,0.12713398122665398,0.4764257364405898
