target_id,prot_ps,prot_acf,prot_cs,e_prot_ps,E_prot_ps,e_prot_acf,E_prot_acf,e_prot_cs,E_prot_cs,sph_ps,sph_acf,sph_cs,e_sph_ps,e_sph_acf,e_sph_cs,h_ps,fa_prob_ps,hacf,gacf,hcs
8098196,54.04868236924554,53.63850697176531,2.9534894467424606,7.389056098930647,7.389056098930647,-1.0,-1.0,1.5287991976342685,1.5287991976342685,633.0577937199698,631.1051291581988,429.31512289098896,32.17997626794631,32.145117518465405,110.65451556356616,16.86442801322937,4.7410220305442684e-08,0.2511800116294308,0.13681792737908383,0.48371830446847586
