target_id,prot_ps,prot_acf,prot_cs,e_prot_ps,E_prot_ps,e_prot_acf,E_prot_acf,e_prot_cs,E_prot_cs,sph_ps,sph_acf,sph_cs,e_sph_ps,e_sph_acf,e_sph_cs,h_ps,fa_prob_ps,hacf,gacf,hcs
8038865,0.20302123134817923,56.846621259115636,0.9699888968979938,7.389056098930143,7.389056098930143,-1.0,-1.0,0.8977487610813619,0.8977487610813619,283.36626907137787,687.0545009715639,365.04167777256646,87.85998351976401,139.28739429087022,214.7969782859751,11.370454114335677,1.153120044326576e-05,0.03941085658089238,0.025966193577446804,2.7720134025237986
