target_id,prot_ps,prot_acf,prot_cs,e_prot_ps,E_prot_ps,e_prot_acf,E_prot_acf,e_prot_cs,E_prot_cs,sph_ps,sph_acf,sph_cs,e_sph_ps,e_sph_acf,e_sph_cs,h_ps,fa_prob_ps,hacf,gacf,hcs
8021814,0.37123317782998433,36.86242452263832,0.26298196692972575,7.389056098928127,7.389056098928127,-1.0,-1.0,0.010862327394597257,0.010862327394597257,174.34887217685272,817.1321816736883,154.0737123039952,67.5647895095721,258.02190445641986,47.49952925735254,18.54277658089781,8.850635426515134e-09,0.3530046761241667,0.1724485307260966,1.7393323696794423
