target_id,prot_ps,prot_acf,prot_cs,e_prot_ps,E_prot_ps,e_prot_acf,E_prot_acf,e_prot_cs,E_prot_cs,sph_ps,sph_acf,sph_cs,e_sph_ps,e_sph_acf,e_sph_cs,h_ps,fa_prob_ps,hacf,gacf,hcs
8046659,26.062830380272192,27.87157847546041,2.332099157921038,7.389056098929789,7.389056098929789,-1.0,-1.0,0.12315929265301456,0.12315929265301456,534.198559243644,533.9108198917916,469.5160073665887,34.133488971093236,29.91525564171472,71.90942968533926,13.640998850689977,1.1906646817414435e-06,0.023511912284698535,0.0037291367332996355,0.40698690527626824
