target_id,prot_ps,prot_acf,prot_cs,e_prot_ps,E_prot_ps,e_prot_acf,E_prot_acf,e_prot_cs,E_prot_cs,sph_ps,sph_acf,sph_cs,e_sph_ps,e_sph_acf,e_sph_cs,h_ps,fa_prob_ps,hacf,gacf,hcs
8099238,4.247962563748303,3.657674925401807,4.231902547463737,0.5127855446018048,0.5127855446018048,-1.0,-1.0,0.1282073185522889,0.1282073185522889,446.0109748916989,444.26510666766023,444.4714825413301,62.19593727230879,55.37412979260407,61.40666407485351,15.543570995146268,1.77628597898822e-07,0.10860671089643717,0.2072152022143311,1.0165941000781462
