target_id,prot_ps,prot_acf,prot_cs,e_prot_ps,E_prot_ps,e_prot_acf,E_prot_acf,e_prot_cs,E_prot_cs,sph_ps,sph_acf,sph_cs,e_sph_ps,e_sph_acf,e_sph_cs,h_ps,fa_prob_ps,hacf,gacf,hcs
8092245,7.976625611611942,3.637209987267852,7.718650003317743,0.5703308433040543,0.5703308433040543,-1.0,-1.0,0.2586037524577815,0.2586037524577815,1182.1415661951992,1066.6242331762503,1170.327690948436,375.18504116817775,387.57079636992046,419.8870427497324,79.9680362786275,1.8634730469538037e-35,0.18367016060743344,0.29160193906579635,12.98748836930436
