target_id,prot_ps,prot_acf,prot_cs,e_prot_ps,E_prot_ps,e_prot_acf,E_prot_acf,e_prot_cs,E_prot_cs,sph_ps,sph_acf,sph_cs,e_sph_ps,e_sph_acf,e_sph_cs,h_ps,fa_prob_ps,hacf,gacf,hcs
8094756,16.39909325341768,16.346975788474083,16.44097924632031,0.6633161660852391,0.6633161660852391,-1.0,-1.0,0.4717920286368229,0.4717920286368229,6561.189066386091,6542.0567864169125,6564.3988674173925,2214.545146306087,2252.669959864307,2212.30046829407,170.3175824564663,1.0764993403972056e-74,1.1870548296375438,0.6409818337099641,0.9655638715108158
