target_id,prot_ps,prot_acf,prot_cs,e_prot_ps,E_prot_ps,e_prot_acf,E_prot_acf,e_prot_cs,E_prot_cs,sph_ps,sph_acf,sph_cs,e_sph_ps,e_sph_acf,e_sph_cs,h_ps,fa_prob_ps,hacf,gacf,hcs
8008485,54.056001394457375,53.43405533814803,5.926154055906356,7.389056098930649,7.389056098930649,-1.0,-1.0,0.08551435402576925,0.08551435402576925,1048.3666416732112,1047.8824562529262,892.225302588347,139.7108963333586,147.79367097246705,336.496304189227,22.651430622002927,1.4541482120667108e-10,0.14006770562177348,0.009028562428494265,0.412205673861478
