target_id,prot_ps,prot_acf,prot_cs,e_prot_ps,E_prot_ps,e_prot_acf,E_prot_acf,e_prot_cs,E_prot_cs,sph_ps,sph_acf,sph_cs,e_sph_ps,e_sph_acf,e_sph_cs,h_ps,fa_prob_ps,hacf,gacf,hcs
8085114,0.3696963280223444,-1.0,0.33020893350243563,0.13584220505801717,0.13584220505801717,-1.0,-1.0,0.09156442210344516,0.09156442210344516,686.3748631458528,-1.0,678.7691434281296,150.1332696282891,-1.0,153.24523860411344,126.11224243877682,1.6988264274836488e-55,-1.0,-1.0,0.02518713303971957
