target_id,prot_ps,prot_acf,prot_cs,e_prot_ps,E_prot_ps,e_prot_acf,E_prot_acf,e_prot_cs,E_prot_cs,sph_ps,sph_acf,sph_cs,e_sph_ps,e_sph_acf,e_sph_cs,h_ps,fa_prob_ps,hacf,gacf,hcs
8078130,54.04314153634046,54.14922279305756,0.7016921927221118,7.389056098928311,7.389056098928311,-1.0,-1.0,0.4182191347032097,0.4182191347032097,831.5715127643151,865.0060512347169,535.3469064449478,213.661542527476,218.40865047542255,112.99839875284128,25.789425434279973,6.306593551967374e-12,0.21421107720835966,0.107424554410235,0.18541924837074095
