target_id,prot_ps,prot_acf,prot_cs,e_prot_ps,E_prot_ps,e_prot_acf,E_prot_acf,e_prot_cs,E_prot_cs,sph_ps,sph_acf,sph_cs,e_sph_ps,e_sph_acf,e_sph_cs,h_ps,fa_prob_ps,hacf,gacf,hcs
8198066,10.800642217946972,-1.0,10.91761571371462,1.0416497421153175,1.0416497421153175,-1.0,-1.0,0.6448155358151693,0.6448155358151693,1489.9285684640997,-1.0,1594.5846051283318,237.67664388588423,-1.0,432.5065394676633,19.02452455652214,5.46706156156247e-09,-1.0,-1.0,0.41439244142566567
