target_id,prot_ps,prot_acf,prot_cs,e_prot_ps,E_prot_ps,e_prot_acf,E_prot_acf,e_prot_cs,E_prot_cs,sph_ps,sph_acf,sph_cs,e_sph_ps,e_sph_acf,e_sph_cs,h_ps,fa_prob_ps,hacf,gacf,hcs
8110178,0.281038334104999,-1.0,5.138263047616929,7.389056098930649,7.389056098930649,-1.0,-1.0,0.573900453283129,0.573900453283129,377.59496529547056,-1.0,446.84846196124215,49.58126304415553,-1.0,84.45102107749247,16.167976667755784,9.513426115575328e-08,-1.0,-1.0,0.13528777790105262
