target_id,prot_ps,prot_acf,prot_cs,e_prot_ps,E_prot_ps,e_prot_acf,E_prot_acf,e_prot_cs,E_prot_cs,sph_ps,sph_acf,sph_cs,e_sph_ps,e_sph_acf,e_sph_cs,h_ps,fa_prob_ps,hacf,gacf,hcs
8177701,15.861314475856577,15.345721772871912,15.697999060973526,1.4028835408992464,1.4028835408992464,-1.0,-1.0,0.7758030582952503,0.7758030582952503,1198.4439981314906,1225.9758002502344,1193.2404521788749,395.80766745232296,368.6817532290647,414.9613173726817,45.166674904694396,2.4230497043620077e-20,0.6990336382863991,0.3362758507003569,0.9225062813674553
