target_id,prot_ps,prot_acf,prot_cs,e_prot_ps,E_prot_ps,e_prot_acf,E_prot_acf,e_prot_cs,E_prot_cs,sph_ps,sph_acf,sph_cs,e_sph_ps,e_sph_acf,e_sph_cs,h_ps,fa_prob_ps,hacf,gacf,hcs
8153731,10.888848987809855,-1.0,0.7282561781443656,7.389056098924678,7.389056098924678,-1.0,-1.0,2.9219499885162463,2.9219499885162463,1203.0308821003684,-1.0,675.2327432394738,316.66897539658663,-1.0,110.69747054772529,18.948858614119263,5.896784620777679e-09,-1.0,-1.0,0.19474657214977972
