target_id,prot_ps,prot_acf,prot_cs,e_prot_ps,E_prot_ps,e_prot_acf,E_prot_acf,e_prot_cs,E_prot_cs,sph_ps,sph_acf,sph_cs,e_sph_ps,e_sph_acf,e_sph_cs,h_ps,fa_prob_ps,hacf,gacf,hcs
8168451,52.654149985196234,56.969215815886855,1.2668265231066638,7.389056098930649,7.389056098930649,-1.0,-1.0,0.06931334108213352,0.06931334108213352,1036.6450784121985,1030.8928640354447,729.6436314169033,206.5982537573346,187.1650597072149,142.88749790190076,16.961233443313304,4.303580284829414e-08,0.1773409430115187,0.10169082582464067,0.635828956394005
