target_id,prot_ps,prot_acf,prot_cs,e_prot_ps,E_prot_ps,e_prot_acf,E_prot_acf,e_prot_cs,E_prot_cs,sph_ps,sph_acf,sph_cs,e_sph_ps,e_sph_acf,e_sph_cs,h_ps,fa_prob_ps,hacf,gacf,hcs
8197798,5.605368863790701,11.177237308584154,11.197122877476536,0.19138176154175107,0.19138176154175107,-1.0,-1.0,0.1335778057539264,0.1335778057539264,2066.120049395815,2192.2502586990713,2184.922661842158,762.1628039977763,743.8867281721106,748.6574086456916,168.73901401460333,5.218880247738346e-74,0.8488615643173605,0.5719737388340774,0.8631635179815647
