target_id,prot_ps,prot_acf,prot_cs,e_prot_ps,E_prot_ps,e_prot_acf,E_prot_acf,e_prot_cs,E_prot_cs,sph_ps,sph_acf,sph_cs,e_sph_ps,e_sph_acf,e_sph_cs,h_ps,fa_prob_ps,hacf,gacf,hcs
8167763,32.428604835885935,31.754003363661468,32.39854719225235,1.3180666690305258,1.3180666690305258,-1.0,-1.0,0.7059926464028156,0.7059926464028156,1266.438953107396,1279.7691533095015,1266.9505109895083,352.9014292683959,342.9253402235656,352.84892341298774,53.799235991989086,4.318060054191764e-24,0.8144612002463585,0.39317596142864125,0.9806414790027795
