target_id,prot_ps,prot_acf,prot_cs,e_prot_ps,E_prot_ps,e_prot_acf,E_prot_acf,e_prot_cs,E_prot_cs,sph_ps,sph_acf,sph_cs,e_sph_ps,e_sph_acf,e_sph_cs,h_ps,fa_prob_ps,hacf,gacf,hcs
8174198,1.6057605879468253,23.457965852692723,1.7427026655920028,0.6841382835387684,0.6841382835387684,-1.0,-1.0,0.14056192434255393,0.14056192434255393,238.4385609817902,357.7867385424776,245.3537938239896,85.06005386429385,76.11394789937741,87.51196293890904,15.858577118933178,1.2963058066608862e-07,0.31615479292189486,0.06461055298752319,3.574252630010761
