target_id,prot_ps,prot_acf,prot_cs,e_prot_ps,E_prot_ps,e_prot_acf,E_prot_acf,e_prot_cs,E_prot_cs,sph_ps,sph_acf,sph_cs,e_sph_ps,e_sph_acf,e_sph_cs,h_ps,fa_prob_ps,hacf,gacf,hcs
8176951,13.642973178782249,13.527140036225319,13.740864315696042,0.59481160886192,0.59481160886192,-1.0,-1.0,0.20622144578711046,0.20622144578711046,1259.9677496457755,1263.198191023827,1252.8823208326626,307.95425942659256,295.33648385870214,310.770205643789,37.00136206248141,8.521432993444017e-17,0.3341959127099494,0.1693478113155272,0.9932680142377011
