target_id,prot_ps,prot_acf,prot_cs,e_prot_ps,E_prot_ps,e_prot_acf,E_prot_acf,e_prot_cs,E_prot_cs,sph_ps,sph_acf,sph_cs,e_sph_ps,e_sph_acf,e_sph_cs,h_ps,fa_prob_ps,hacf,gacf,hcs
8162193,0.15208069897201765,59.64599392656237,1.5065772977750747,7.389056098930568,7.389056098930568,-1.0,-1.0,1.4140304485514743,1.4140304485514743,494.5572930944662,998.6586170040898,600.137475124063,110.24194875941475,185.5626759659159,215.88411088308666,13.360420755379858,1.5763149338329946e-06,0.21285855299504886,0.12836714473595998,0.6940603975317229
