target_id,prot_ps,prot_acf,prot_cs,e_prot_ps,E_prot_ps,e_prot_acf,E_prot_acf,e_prot_cs,E_prot_cs,sph_ps,sph_acf,sph_cs,e_sph_ps,e_sph_acf,e_sph_cs,h_ps,fa_prob_ps,hacf,gacf,hcs
8257217,13.386440632742135,27.01343104802072,13.454905792428898,0.6649871194650343,0.6649871194650343,-1.0,-1.0,0.20469185178817728,0.20469185178817728,592.3253766901263,609.4891090886036,593.3278878053487,137.43423987374953,92.7828865822276,138.10535811839966,22.05139523052969,2.6497245717578227e-10,0.3444260534506342,0.08367322897989302,1.483729611928598
