target_id,prot_ps,prot_acf,prot_cs,e_prot_ps,E_prot_ps,e_prot_acf,E_prot_acf,e_prot_cs,E_prot_cs,sph_ps,sph_acf,sph_cs,e_sph_ps,e_sph_acf,e_sph_cs,h_ps,fa_prob_ps,hacf,gacf,hcs
8282874,45.60985130431072,48.05997519940138,2.3320939496206115,2.5866399559012607,2.5866399559012607,-1.0,-1.0,0.5080388749781887,0.5080388749781887,362.17227109094284,359.71569230947233,294.6854552489144,47.561043491520316,48.496838985797574,33.05340072484537,12.689070996707672,3.084654202910804e-06,0.1336696526748177,0.06126470854740381,0.38775519015374027
