target_id,prot_ps,prot_acf,prot_cs,e_prot_ps,E_prot_ps,e_prot_acf,E_prot_acf,e_prot_cs,E_prot_cs,sph_ps,sph_acf,sph_cs,e_sph_ps,e_sph_acf,e_sph_cs,h_ps,fa_prob_ps,hacf,gacf,hcs
8250792,1.3872892680403321,2.26814237376675,1.3648797867380185,0.07802467738486742,0.07802467738486742,-1.0,-1.0,0.015985074100549307,0.015985074100549307,344.642503599267,354.5289842154529,343.7126657565365,54.570322904294336,48.064994059341565,51.68938308191471,42.69313987701017,2.874782128184479e-19,0.033594505582093176,0.21873864148236902,2.684715009866298
