target_id,prot_ps,prot_acf,prot_cs,e_prot_ps,E_prot_ps,e_prot_acf,E_prot_acf,e_prot_cs,E_prot_cs,sph_ps,sph_acf,sph_cs,e_sph_ps,e_sph_acf,e_sph_cs,h_ps,fa_prob_ps,hacf,gacf,hcs
8222748,36.76192251052707,38.946805611252785,0.5664246860146523,7.389056098930606,7.389056098930606,-1.0,-1.0,0.3054349071197145,0.3054349071197145,237.18532589164755,236.7791606848465,102.9923629188124,67.71331819891286,58.15066650017717,14.621375255049529,12.929804448002356,2.4246958890835904e-06,0.29332437121439103,0.21565729390950544,1.6093157090661787
