target_id,prot_ps,prot_acf,prot_cs,e_prot_ps,E_prot_ps,e_prot_acf,E_prot_acf,e_prot_cs,E_prot_cs,sph_ps,sph_acf,sph_cs,e_sph_ps,e_sph_acf,e_sph_cs,h_ps,fa_prob_ps,hacf,gacf,hcs
8284909,0.2960341780187888,-1.0,0.586649085553363,0.7054983789143449,0.7054983789143449,-1.0,-1.0,3.326398747701432,3.326398747701432,531.3958499380007,-1.0,536.5988884856921,74.61556297254864,-1.0,69.8751542114454,11.456402921424312,1.0581504689950306e-05,-1.0,-1.0,0.053423310015794534
