target_id,prot_ps,prot_acf,prot_cs,e_prot_ps,E_prot_ps,e_prot_acf,E_prot_acf,e_prot_cs,E_prot_cs,sph_ps,sph_acf,sph_cs,e_sph_ps,e_sph_acf,e_sph_cs,h_ps,fa_prob_ps,hacf,gacf,hcs
8257671,12.368581335194545,-1.0,0.6361836334367827,0.8659871280996838,0.8659871280996838,-1.0,-1.0,0.01395431290608063,0.01395431290608063,798.8255165945287,-1.0,380.11462221018655,202.013882558601,-1.0,86.99692238167515,17.542925493987227,2.4054939088192968e-08,-1.0,-1.0,0.38421412418913947
