target_id,prot_ps,prot_acf,prot_cs,e_prot_ps,E_prot_ps,e_prot_acf,E_prot_acf,e_prot_cs,E_prot_cs,sph_ps,sph_acf,sph_cs,e_sph_ps,e_sph_acf,e_sph_cs,h_ps,fa_prob_ps,hacf,gacf,hcs
8283255,12.912561265156903,27.340280869044363,13.04323474165052,3.960444435031149,3.960444435031149,-1.0,-1.0,0.8558882583763898,0.8558882583763898,907.7887985216056,946.7489111279884,933.3813009306576,312.3466587559502,200.97615883149558,300.3515547525912,20.27094254987038,1.5719600608118617e-09,0.3493327361950081,0.1486466189104327,1.499313575957304
