target_id,prot_ps,prot_acf,prot_cs,e_prot_ps,E_prot_ps,e_prot_acf,E_prot_acf,e_prot_cs,E_prot_cs,sph_ps,sph_acf,sph_cs,e_sph_ps,e_sph_acf,e_sph_cs,h_ps,fa_prob_ps,hacf,gacf,hcs
8228225,0.23418024253830966,51.88113755825907,2.9130267705023294,0.29078100488511455,0.29078100488511455,-1.0,-1.0,0.17794665897557943,0.17794665897557943,192.7690265689527,282.6075653937171,227.07782610487635,27.85956372561664,45.971290555394766,47.12558211840212,16.40254407673424,7.524291604134395e-08,0.09965656947495051,0.033004863736795204,0.18855272259162012
