target_id,prot_ps,prot_acf,prot_cs,e_prot_ps,E_prot_ps,e_prot_acf,E_prot_acf,e_prot_cs,E_prot_cs,sph_ps,sph_acf,sph_cs,e_sph_ps,e_sph_acf,e_sph_cs,h_ps,fa_prob_ps,hacf,gacf,hcs
8249914,6.5145889297210235,12.811953077092767,0.74297067604959,3.018472352936067,3.018472352936067,-1.0,-1.0,0.2463074549369204,0.2463074549369204,905.833170262292,949.0859491928177,446.8043731921058,364.8655353420463,326.6158870726485,276.75851208920704,21.414401276280437,5.010068830674683e-10,0.4661553897522981,0.273350723920963,0.815968271575152
