target_id,prot_ps,prot_acf,prot_cs,e_prot_ps,E_prot_ps,e_prot_acf,E_prot_acf,e_prot_cs,E_prot_cs,sph_ps,sph_acf,sph_cs,e_sph_ps,e_sph_acf,e_sph_cs,h_ps,fa_prob_ps,hacf,gacf,hcs
8256543,30.40263966940563,30.548445116728544,30.491289421638623,1.4400025502205371,1.4400025502205371,-1.0,-1.0,0.6238076066317244,0.6238076066317244,802.1343977050419,795.4910055278767,796.2855580133313,227.17206549755426,235.33521200374776,234.72660897996295,70.52078365578258,2.361635121052542e-31,0.48112634057353276,0.4135559718757931,0.09589241379972283
