target_id,prot_ps,prot_acf,prot_cs,e_prot_ps,E_prot_ps,e_prot_acf,E_prot_acf,e_prot_cs,E_prot_cs,sph_ps,sph_acf,sph_cs,e_sph_ps,e_sph_acf,e_sph_cs,h_ps,fa_prob_ps,hacf,gacf,hcs
8265789,2.9188204223878293,48.75527082849294,2.912971106510315,7.389056097268398,7.389056097268398,-1.0,-1.0,0.02906222391488737,0.02906222391488737,1424.208638707681,1756.2110517120998,1428.184944598975,81.91476421901177,46.40753745886588,82.1347657308688,12.220034622894396,4.930675195017245e-06,0.03747434341247639,0.007191333319865947,0.16008470393319396
