target_id,prot_ps,prot_acf,prot_cs,e_prot_ps,E_prot_ps,e_prot_acf,E_prot_acf,e_prot_cs,E_prot_cs,sph_ps,sph_acf,sph_cs,e_sph_ps,e_sph_acf,e_sph_cs,h_ps,fa_prob_ps,hacf,gacf,hcs
8229922,54.055921801834536,57.582140856422484,3.135549863171764,7.389056098930649,7.389056098930649,-1.0,-1.0,0.18170390045319337,0.18170390045319337,1245.495802836784,1292.8226845067932,828.3274130092417,244.1704799702664,239.70969179458376,324.02391167821503,17.442017299076966,2.660897428090213e-08,0.3077294767148909,0.1857911412510487,0.5225906053188116
