target_id,prot_ps,prot_acf,prot_cs,e_prot_ps,E_prot_ps,e_prot_acf,E_prot_acf,e_prot_cs,E_prot_cs,sph_ps,sph_acf,sph_cs,e_sph_ps,e_sph_acf,e_sph_cs,h_ps,fa_prob_ps,hacf,gacf,hcs
8265761,2.930723018486082,-1.0,3.017586777380995,1.5403163216666291,1.5403163216666291,-1.0,-1.0,0.09656984083127344,0.09656984083127344,512.0507119234401,-1.0,519.0375878371904,203.52322033655523,-1.0,206.25259232647832,13.503536309206552,1.366119513301953e-06,-1.0,-1.0,0.32590877430301657
