target_id,prot_ps,prot_acf,prot_cs,e_prot_ps,E_prot_ps,e_prot_acf,E_prot_acf,e_prot_cs,E_prot_cs,sph_ps,sph_acf,sph_cs,e_sph_ps,e_sph_acf,e_sph_cs,h_ps,fa_prob_ps,hacf,gacf,hcs
8241187,0.48113222435648323,57.13256840966642,1.85742148370482,7.389056096604731,7.389056096604731,-1.0,-1.0,2.566337743741534,2.566337743741534,661.8725325465311,1053.8542678319975,752.7329337456365,192.6471026237795,228.26598646494392,299.7703592222925,11.394970200657012,1.1251937739251699e-05,0.11492325155524365,0.040363381934695186,0.2615516810649371
