target_id,prot_ps,prot_acf,prot_cs,e_prot_ps,E_prot_ps,e_prot_acf,E_prot_acf,e_prot_cs,E_prot_cs,sph_ps,sph_acf,sph_cs,e_sph_ps,e_sph_acf,e_sph_cs,h_ps,fa_prob_ps,hacf,gacf,hcs
8230809,0.18355080652692832,4.025455630850047,4.000805025927334,0.18595297475150352,0.18595297475150352,-1.0,-1.0,0.01231188156808841,0.01231188156808841,2662.418650664615,5775.872088323856,5744.296246837969,1490.1208188577784,1425.0378372344976,1529.5913902966358,3045.57940360918,0.0,1.0273535597139118,0.8083098743803738,0.06538372333803535
