target_id,prot_ps,prot_acf,prot_cs,e_prot_ps,E_prot_ps,e_prot_acf,E_prot_acf,e_prot_cs,E_prot_cs,sph_ps,sph_acf,sph_cs,e_sph_ps,e_sph_acf,e_sph_cs,h_ps,fa_prob_ps,hacf,gacf,hcs
8242460,15.205526952091184,14.834877485409379,15.05065752156079,0.7223949139848309,0.7223949139848309,-1.0,-1.0,0.45945200902913236,0.45945200902913236,2988.524609927636,2965.49433014501,3005.373096148745,796.9106382658643,787.6253491052056,774.5376022241059,61.93859777708156,1.2601109010010814e-27,0.667597341105769,0.34783024731410517,0.9749230336926853
