target_id,prot_ps,prot_acf,prot_cs,e_prot_ps,E_prot_ps,e_prot_acf,E_prot_acf,e_prot_cs,E_prot_cs,sph_ps,sph_acf,sph_cs,e_sph_ps,e_sph_acf,e_sph_cs,h_ps,fa_prob_ps,hacf,gacf,hcs
8243448,0.511746585055295,42.54307429399341,0.5118828632518694,0.641637844817615,0.641637844817615,-1.0,-1.0,0.013063113329988512,0.013063113329988512,573.5297007452969,1085.1210994905373,573.5297007452969,225.98614500519668,244.39024005826343,225.98614500519668,13.649731725336657,1.1803120263442034e-06,0.020164202315518125,0.004871340365538569,1.2057738876808495
