target_id,prot_ps,prot_acf,prot_cs,e_prot_ps,E_prot_ps,e_prot_acf,E_prot_acf,e_prot_cs,E_prot_cs,sph_ps,sph_acf,sph_cs,e_sph_ps,e_sph_acf,e_sph_cs,h_ps,fa_prob_ps,hacf,gacf,hcs
8373665,0.2399237255371804,-1.0,2.902538799290682,0.12109882538883633,0.12109882538883633,-1.0,-1.0,0.014950654836449667,0.014950654836449667,472.51802782804805,-1.0,723.9391673679631,147.76099718711097,-1.0,341.2323300639314,29.835883482527958,1.1026570050348291e-13,-1.0,-1.0,0.21351317746637993
