target_id,prot_ps,prot_acf,prot_cs,e_prot_ps,E_prot_ps,e_prot_acf,E_prot_acf,e_prot_cs,E_prot_cs,sph_ps,sph_acf,sph_cs,e_sph_ps,e_sph_acf,e_sph_cs,h_ps,fa_prob_ps,hacf,gacf,hcs
8396660,10.07063480568494,20.168197200167924,20.34752205994134,0.2885082577184337,0.2885082577184337,-1.0,-1.0,0.5034017434603844,0.5034017434603844,311.5655261809867,316.5909424510861,315.50747245194714,67.70828405872246,56.829011205566175,59.113040440733656,112.35866308199115,1.5968077415319478e-49,0.570981450314615,0.33239507841732696,1.3651567944785747
