target_id,prot_ps,prot_acf,prot_cs,e_prot_ps,E_prot_ps,e_prot_acf,E_prot_acf,e_prot_cs,E_prot_cs,sph_ps,sph_acf,sph_cs,e_sph_ps,e_sph_acf,e_sph_cs,h_ps,fa_prob_ps,hacf,gacf,hcs
8388487,47.080632690073294,52.269538464955986,3.169378012270315,2.3255472825689525,2.3255472825689525,-1.0,-1.0,0.01077215114655269,0.01077215114655269,381.80303816082574,384.56332380244913,286.9727103536043,51.52458332536723,45.819225858661014,47.07770992734295,25.940825442441312,5.420541257577401e-12,0.1477168978504935,0.010660454227171772,0.33657769623494765
