target_id,prot_ps,prot_acf,prot_cs,e_prot_ps,E_prot_ps,e_prot_acf,E_prot_acf,e_prot_cs,E_prot_cs,sph_ps,sph_acf,sph_cs,e_sph_ps,e_sph_acf,e_sph_cs,h_ps,fa_prob_ps,hacf,gacf,hcs
8360433,4.209332818901917,8.398244840092957,8.464769943176732,0.12460998427164338,0.12460998427164338,-1.0,-1.0,0.1275592246430167,0.1275592246430167,3928.699542755217,4329.761823306121,4324.576868741109,1243.9490171248751,1179.7199971305806,1219.4828634974326,420.3415995759056,2.80519327965812e-183,0.777181151724692,0.6143984898183081,0.6055721936332684
