target_id,prot_ps,prot_acf,prot_cs,e_prot_ps,E_prot_ps,e_prot_acf,E_prot_acf,e_prot_cs,E_prot_cs,sph_ps,sph_acf,sph_cs,e_sph_ps,e_sph_acf,e_sph_cs,h_ps,fa_prob_ps,hacf,gacf,hcs
8360515,21.459750143194803,21.84369070082903,21.47080574595872,1.2304192487709489,1.2304192487709489,-1.0,-1.0,0.17077158661045977,0.17077158661045977,2507.029001168212,2476.771158643788,2506.1892711426735,359.0510751789305,393.4871883846896,352.440660708762,54.162409010979104,3.0030643606157097e-24,0.6115388694655195,0.2673518760582233,0.9644608941488214
