target_id,prot_ps,prot_acf,prot_cs,e_prot_ps,E_prot_ps,e_prot_acf,E_prot_acf,e_prot_cs,E_prot_cs,sph_ps,sph_acf,sph_cs,e_sph_ps,e_sph_acf,e_sph_cs,h_ps,fa_prob_ps,hacf,gacf,hcs
8302085,28.60913639315181,-1.0,0.20628652078046894,7.389056098930649,7.389056098930649,-1.0,-1.0,0.011772153391567725,0.011772153391567725,333.09434276530493,-1.0,174.86586195148746,50.61828644332091,-1.0,27.92032704504962,15.715934173680232,1.4950527302308837e-07,-1.0,-1.0,0.2127783001006507
