target_id,prot_ps,prot_acf,prot_cs,e_prot_ps,E_prot_ps,e_prot_acf,E_prot_acf,e_prot_cs,E_prot_cs,sph_ps,sph_acf,sph_cs,e_sph_ps,e_sph_acf,e_sph_cs,h_ps,fa_prob_ps,hacf,gacf,hcs
8300910,1.0848132053099289,0.8377820700407028,1.0877813663549933,0.06084361552506291,0.06084361552506291,-1.0,-1.0,0.02950489541650296,0.02950489541650296,411.19964906076837,404.7221144451638,411.720826934774,74.95628687496597,83.06602970531695,77.74089948873741,174.9540585375501,1.0433206194691217e-76,0.01615455670617366,0.3500069438990657,0.7549410632754778
