target_id,prot_ps,prot_acf,prot_cs,e_prot_ps,E_prot_ps,e_prot_acf,E_prot_acf,e_prot_cs,E_prot_cs,sph_ps,sph_acf,sph_cs,e_sph_ps,e_sph_acf,e_sph_cs,h_ps,fa_prob_ps,hacf,gacf,hcs
8364211,0.15684967381996712,58.3977171164006,0.6307126682287597,0.3840959451878029,0.3840959451878029,-1.0,-1.0,0.009037966881924927,0.009037966881924927,580.9702730006027,1698.7757946227828,626.5987049710208,103.71985009036891,0.0,119.55336071828006,7.9421940330439105,0.0003554258062464875,0.14281013224256453,0.012455420530366908,0.21996989031300607
