target_id,prot_ps,prot_acf,prot_cs,e_prot_ps,E_prot_ps,e_prot_acf,E_prot_acf,e_prot_cs,E_prot_cs,sph_ps,sph_acf,sph_cs,e_sph_ps,e_sph_acf,e_sph_cs,h_ps,fa_prob_ps,hacf,gacf,hcs
8358462,28.61802091624807,59.44168122857809,3.0484784082331826,7.389056098930649,7.389056098930649,-1.0,-1.0,0.27596078470333557,0.27596078470333557,889.769335759348,908.5707850211362,595.9188456542452,188.02837620399043,132.86864302592647,183.16347502137975,12.806135615030826,2.7438853939369463e-06,0.2108313807268199,0.05561326122054652,0.7724685610660217
