target_id,prot_ps,prot_acf,prot_cs,e_prot_ps,E_prot_ps,e_prot_acf,E_prot_acf,e_prot_cs,E_prot_cs,sph_ps,sph_acf,sph_cs,e_sph_ps,e_sph_acf,e_sph_cs,h_ps,fa_prob_ps,hacf,gacf,hcs
8395942,4.836389697971166,9.767415971495211,9.811348909442314,0.1924865858848177,0.1924865858848177,-1.0,-1.0,0.2607500434202651,0.2607500434202651,3651.3101808302663,4188.5495968060195,3761.415447168871,1150.293568796848,783.1013287130439,1264.3791949520978,93.69347119391932,2.03911852489572e-41,0.6235698828590039,0.498558217590915,0.3141480787392459
