target_id,prot_ps,prot_acf,prot_cs,e_prot_ps,E_prot_ps,e_prot_acf,E_prot_acf,e_prot_cs,E_prot_cs,sph_ps,sph_acf,sph_cs,e_sph_ps,e_sph_acf,e_sph_cs,h_ps,fa_prob_ps,hacf,gacf,hcs
8425175,13.76900175830127,26.482082672417164,0.7223314988194033,1.1583154540169138,1.1583154540169138,-1.0,-1.0,0.3796349992220823,0.3796349992220823,2432.6966758576477,2454.6219496129165,1059.2921068166659,601.7058001414615,542.9923679103428,342.4117801218717,24.205688501011682,3.073286536111885e-11,0.4234147202922624,0.16273486803380535,1.092082301782955
