target_id,prot_ps,prot_acf,prot_cs,e_prot_ps,E_prot_ps,e_prot_acf,E_prot_acf,e_prot_cs,E_prot_cs,sph_ps,sph_acf,sph_cs,e_sph_ps,e_sph_acf,e_sph_cs,h_ps,fa_prob_ps,hacf,gacf,hcs
8445389,16.923316369473277,16.95993520319462,16.864693194128964,1.0240854428573078,1.0240854428573078,-1.0,-1.0,0.2568067030848368,0.2568067030848368,3034.3534812177386,3032.961869932482,3036.379486835311,516.8119045795098,531.2541930660661,523.5104381915287,39.56152685126123,6.586386205652687e-18,0.7746297530316737,0.44590644718142597,1.00005200725602
