target_id,prot_ps,prot_acf,prot_cs,e_prot_ps,E_prot_ps,e_prot_acf,E_prot_acf,e_prot_cs,E_prot_cs,sph_ps,sph_acf,sph_cs,e_sph_ps,e_sph_acf,e_sph_cs,h_ps,fa_prob_ps,hacf,gacf,hcs
8478250,53.39302510839838,52.963251650333405,6.867814229384055,7.389056098930647,7.389056098930647,-1.0,-1.0,0.2597183151595288,0.2597183151595288,361.36815532634745,361.14845359821504,328.8792611502108,31.638599510422793,33.09114550923056,58.84975416749757,32.71659510594804,6.185335750198745e-15,0.14836509173590115,0.08423378159483977,0.17342689293240018
