target_id,prot_ps,prot_acf,prot_cs,e_prot_ps,E_prot_ps,e_prot_acf,E_prot_acf,e_prot_cs,E_prot_cs,sph_ps,sph_acf,sph_cs,e_sph_ps,e_sph_acf,e_sph_cs,h_ps,fa_prob_ps,hacf,gacf,hcs
8435563,15.530341956516946,29.853635959792882,1.598119690907188,0.9353914198525377,0.9353914198525377,-1.0,-1.0,1.0181274213728384,1.0181274213728384,1040.2997074666139,1053.9727150540045,725.2302780493291,354.0440975494889,324.35180859288846,290.8024206290916,29.499663087824608,1.543331082642515e-13,0.36993068182217126,0.17339327752178166,1.18357535628757
