target_id,prot_ps,prot_acf,prot_cs,e_prot_ps,E_prot_ps,e_prot_acf,E_prot_acf,e_prot_cs,E_prot_cs,sph_ps,sph_acf,sph_cs,e_sph_ps,e_sph_acf,e_sph_cs,h_ps,fa_prob_ps,hacf,gacf,hcs
8500560,13.177115933786114,-1.0,6.553859307431489,0.9683575972671995,0.9683575972671995,-1.0,-1.0,0.02059224078408269,0.02059224078408269,879.7611647011038,-1.0,847.0595125410197,76.87911257171903,-1.0,91.02384318835932,29.34343995256146,1.804288364880891e-13,-1.0,-1.0,0.09839788265011051
