target_id,prot_ps,prot_acf,prot_cs,e_prot_ps,E_prot_ps,e_prot_acf,E_prot_acf,e_prot_cs,E_prot_cs,sph_ps,sph_acf,sph_cs,e_sph_ps,e_sph_acf,e_sph_cs,h_ps,fa_prob_ps,hacf,gacf,hcs
8575213,4.914957698431912,-1.0,4.271247882907667,0.8281060316219823,0.8281060316219823,-1.0,-1.0,0.06613583803313289,0.06613583803313289,99.24880484670867,-1.0,96.49134321624895,22.26902504490623,-1.0,21.12967201828579,97.1363564513451,6.519531694740257e-43,-1.0,-1.0,0.20084260267989687
