target_id,prot_ps,prot_acf,prot_cs,e_prot_ps,E_prot_ps,e_prot_acf,E_prot_acf,e_prot_cs,E_prot_cs,sph_ps,sph_acf,sph_cs,e_sph_ps,e_sph_acf,e_sph_cs,h_ps,fa_prob_ps,hacf,gacf,hcs
8591173,5.668768592902973,11.259035508614033,11.30986525091277,0.17293454712057096,0.17293454712057096,-1.0,-1.0,0.05537871808389403,0.05537871808389403,4726.91753991665,4980.647374891917,4980.146147383783,1979.4517711718468,2081.141636351591,2080.392077449316,400.8585770025219,8.115812112494014e-175,0.9482382386995877,0.6306035718035806,0.758728544917611
