target_id,prot_ps,prot_acf,prot_cs,e_prot_ps,E_prot_ps,e_prot_acf,E_prot_acf,e_prot_cs,E_prot_cs,sph_ps,sph_acf,sph_cs,e_sph_ps,e_sph_acf,e_sph_cs,h_ps,fa_prob_ps,hacf,gacf,hcs
8591609,45.952791880880056,-1.0,3.1685514096379648,1.5880074009953746,1.5880074009953746,-1.0,-1.0,0.011822562326810646,0.011822562326810646,518.6375648260561,-1.0,320.4741204790513,98.42801626552527,-1.0,91.43872597762449,26.27966635558206,3.86265495935696e-12,-1.0,-1.0,0.28916144096609586
