target_id,prot_ps,prot_acf,prot_cs,e_prot_ps,E_prot_ps,e_prot_acf,E_prot_acf,e_prot_cs,E_prot_cs,sph_ps,sph_acf,sph_cs,e_sph_ps,e_sph_acf,e_sph_cs,h_ps,fa_prob_ps,hacf,gacf,hcs
8543435,0.15538761290489003,53.59610908664763,2.9191253639926855,7.389056098930186,7.389056098930186,-1.0,-1.0,0.014048601082341837,0.014048601082341837,680.579392012944,777.0204414453076,710.8050606530207,124.40548542030898,56.32385645630631,87.88917284589286,14.853412659470486,3.5419697235639145e-07,0.04954109903257332,0.03637661998175673,0.4048035031596207
