target_id,prot_ps,prot_acf,prot_cs,e_prot_ps,E_prot_ps,e_prot_acf,E_prot_acf,e_prot_cs,E_prot_cs,sph_ps,sph_acf,sph_cs,e_sph_ps,e_sph_acf,e_sph_cs,h_ps,fa_prob_ps,hacf,gacf,hcs
8509203,10.32210525813068,10.380342163145542,10.368400895587378,0.46982794166663294,0.46982794166663294,-1.0,-1.0,0.2588366354235876,0.2588366354235876,1100.570201410232,1103.4206197693386,1101.692747528554,569.0886502701569,563.332074569379,566.8308500270955,169.0217036505277,3.933750242457432e-74,0.9132959596090027,0.5305108581886445,0.9695247492376708
