target_id,prot_ps,prot_acf,prot_cs,e_prot_ps,E_prot_ps,e_prot_acf,E_prot_acf,e_prot_cs,E_prot_cs,sph_ps,sph_acf,sph_cs,e_sph_ps,e_sph_acf,e_sph_cs,h_ps,fa_prob_ps,hacf,gacf,hcs
8683607,0.13082867909908946,58.66514652594924,28.62250170717016,0.3107810976631211,0.3107810976631211,-1.0,-1.0,0.2981929977803509,0.2981929977803509,271.2681341829021,544.4096404418258,538.0878415321154,57.85209970560473,49.27886068706676,91.03126368654226,18.70500430002543,7.5252312188547e-09,0.20867494545284285,0.10548554691353504,0.914399964245479
