target_id,prot_ps,prot_acf,prot_cs,e_prot_ps,E_prot_ps,e_prot_acf,E_prot_acf,e_prot_cs,E_prot_cs,sph_ps,sph_acf,sph_cs,e_sph_ps,e_sph_acf,e_sph_cs,h_ps,fa_prob_ps,hacf,gacf,hcs
8684104,0.22177719809296073,-1.0,1.6992639897018673,0.24441150570190603,0.24441150570190603,-1.0,-1.0,0.27250709740892554,0.27250709740892554,766.7827680623302,-1.0,954.9576069040222,150.27461475752182,-1.0,298.24340310227507,13.621359745057182,1.2142793981538758e-06,-1.0,-1.0,0.32484396701316115
