target_id,prot_ps,prot_acf,prot_cs,e_prot_ps,E_prot_ps,e_prot_acf,E_prot_acf,e_prot_cs,E_prot_cs,sph_ps,sph_acf,sph_cs,e_sph_ps,e_sph_acf,e_sph_cs,h_ps,fa_prob_ps,hacf,gacf,hcs
8631645,15.480614894840702,15.509208123665303,15.515444557942226,1.114257970162661,1.114257970162661,-1.0,-1.0,0.1407937085471795,0.1407937085471795,1924.6878395644317,1919.841587479432,1919.638834408546,489.2936064944993,507.0392720088599,508.22501672064686,54.494941858413064,2.153512808909664e-24,0.6004974322677696,0.3501453962425768,0.9805315072622407
