target_id,prot_ps,prot_acf,prot_cs,e_prot_ps,E_prot_ps,e_prot_acf,E_prot_acf,e_prot_cs,E_prot_cs,sph_ps,sph_acf,sph_cs,e_sph_ps,e_sph_acf,e_sph_cs,h_ps,fa_prob_ps,hacf,gacf,hcs
8673011,0.1492416434088704,59.82979504019022,2.38706169965677,7.389056098930647,7.389056098930647,-1.0,-1.0,1.2407738512953495,1.2407738512953495,553.4611699264898,677.5229344619056,587.0022678762082,91.48125612132482,78.62227657645057,77.55947868786663,13.986418320813046,8.42899316517894e-07,0.07527613721722289,0.004152838445107256,0.09240826212218689
