target_id,prot_ps,prot_acf,prot_cs,e_prot_ps,E_prot_ps,e_prot_acf,E_prot_acf,e_prot_cs,E_prot_cs,sph_ps,sph_acf,sph_cs,e_sph_ps,e_sph_acf,e_sph_cs,h_ps,fa_prob_ps,hacf,gacf,hcs
8629307,12.062132841855568,12.015018168836832,12.057160100013895,0.38490472652580227,0.38490472652580227,-1.0,-1.0,0.06047534097543255,0.06047534097543255,3706.7256469448257,3699.610010050214,3707.1115469221854,1054.433657256766,1065.9283420329168,1057.9979076029804,332.3969033299967,4.383884283629864e-145,0.8859617304510862,0.5233625377894866,0.9468482214880699
