target_id,prot_ps,prot_acf,prot_cs,e_prot_ps,E_prot_ps,e_prot_acf,E_prot_acf,e_prot_cs,E_prot_cs,sph_ps,sph_acf,sph_cs,e_sph_ps,e_sph_acf,e_sph_cs,h_ps,fa_prob_ps,hacf,gacf,hcs
8677240,11.492270339108389,22.783588678576052,11.47929796674063,0.45667761147820596,0.45667761147820596,-1.0,-1.0,0.14075427405685553,0.14075427405685553,4171.255961791283,4313.327333815711,4171.015572887587,1401.8226684404779,1112.6541628226068,1380.9129191031589,74.15383552990481,6.243073061127087e-33,0.735015854086281,0.44109891864674033,0.3170040209282527
