target_id,prot_ps,prot_acf,prot_cs,e_prot_ps,E_prot_ps,e_prot_acf,E_prot_acf,e_prot_cs,E_prot_cs,sph_ps,sph_acf,sph_cs,e_sph_ps,e_sph_acf,e_sph_cs,h_ps,fa_prob_ps,hacf,gacf,hcs
8758345,0.4743974458162998,-1.0,2.9366733840519297,0.6366035409473004,0.6366035409473004,-1.0,-1.0,0.011023133674403694,0.011023133674403694,630.2100871608268,-1.0,732.930244348054,82.49244708591021,-1.0,154.78792212422377,13.072852234971041,2.1015146002854308e-06,-1.0,-1.0,0.18527772237956594
