target_id,prot_ps,prot_acf,prot_cs,e_prot_ps,E_prot_ps,e_prot_acf,E_prot_acf,e_prot_cs,E_prot_cs,sph_ps,sph_acf,sph_cs,e_sph_ps,e_sph_acf,e_sph_cs,h_ps,fa_prob_ps,hacf,gacf,hcs
8701662,0.39230200051757674,1.5733995391055942,1.7374785508078268,0.010406900660875108,0.010406900660875108,-1.0,-1.0,0.00742206203406951,0.00742206203406951,382.2643293481492,417.4296781261231,418.7695711329726,83.98308335807826,54.72971015455667,48.61604036655514,21778.774906958784,0.0,0.7112704635605605,0.5768459106465601,0.01701320353051876
