target_id,prot_ps,prot_acf,prot_cs,e_prot_ps,E_prot_ps,e_prot_acf,E_prot_acf,e_prot_cs,E_prot_cs,sph_ps,sph_acf,sph_cs,e_sph_ps,e_sph_acf,e_sph_cs,h_ps,fa_prob_ps,hacf,gacf,hcs
8749052,52.53415166163175,53.699920708313584,3.176019282988273,2.6507508347852364,2.6507508347852364,-1.0,-1.0,1.8968679456479063,1.8968679456479063,182.16700705072503,181.65789183865527,154.54236705808535,19.26508448969169,19.243626852473465,32.69996316548052,14.70526502006212,4.10756596684381e-07,0.1595130915509466,0.1058086778527298,0.2935876262828497
