target_id,prot_ps,prot_acf,prot_cs,e_prot_ps,E_prot_ps,e_prot_acf,E_prot_acf,e_prot_cs,E_prot_cs,sph_ps,sph_acf,sph_cs,e_sph_ps,e_sph_acf,e_sph_cs,h_ps,fa_prob_ps,hacf,gacf,hcs
8759094,23.540597089348093,22.109250492416322,23.310340068405907,1.0793077411483079,1.0793077411483079,-1.0,-1.0,0.45269024653882256,0.45269024653882256,3606.3322010240727,3675.629660708738,3640.0288492846903,793.5670781684452,672.0433195603101,754.3423422909289,104.39223623496639,4.602860889889075e-46,1.1099420480234117,0.567906346615155,0.9064518511871466
