target_id,prot_ps,prot_acf,prot_cs,e_prot_ps,E_prot_ps,e_prot_acf,E_prot_acf,e_prot_cs,E_prot_cs,sph_ps,sph_acf,sph_cs,e_sph_ps,e_sph_acf,e_sph_cs,h_ps,fa_prob_ps,hacf,gacf,hcs
8740969,0.17920314734348924,-1.0,1.4767460358819573,0.5195821557509078,0.5195821557509078,-1.0,-1.0,0.7586264098611906,0.7586264098611906,527.9662425481984,-1.0,864.5034552150748,147.8450329102051,-1.0,360.52327742022203,12.312372177109161,4.4957764116734635e-06,-1.0,-1.0,0.25171630512764154
