target_id,prot_ps,prot_acf,prot_cs,e_prot_ps,E_prot_ps,e_prot_acf,E_prot_acf,e_prot_cs,E_prot_cs,sph_ps,sph_acf,sph_cs,e_sph_ps,e_sph_acf,e_sph_cs,h_ps,fa_prob_ps,hacf,gacf,hcs
8782887,45.609842798685506,57.62301743030548,3.074862291812897,7.389056098930345,7.389056098930345,-1.0,-1.0,0.13543802910753616,0.13543802910753616,1375.9703339505852,1413.844965315154,1012.730211045652,242.84640536489084,212.21699496293147,265.17805468266056,22.74830422834466,1.3198877585690137e-10,0.22873760958156725,0.11590244041822088,0.5497866461957491
