target_id,prot_ps,prot_acf,prot_cs,e_prot_ps,E_prot_ps,e_prot_acf,E_prot_acf,e_prot_cs,E_prot_cs,sph_ps,sph_acf,sph_cs,e_sph_ps,e_sph_acf,e_sph_cs,h_ps,fa_prob_ps,hacf,gacf,hcs
8816888,5.235332695361424,2.0025090519338846,5.178733613491059,2.438323432591683,2.438323432591683,-1.0,-1.0,0.15004243880974677,0.15004243880974677,401.3497716140915,353.3148674423116,397.7465224542116,114.28603160155058,101.47462375450374,117.396444915185,34.29570955104112,1.2751538574878883e-15,0.07481171276374195,0.31721949315370124,2.331782782543953
