target_id,prot_ps,prot_acf,prot_cs,e_prot_ps,E_prot_ps,e_prot_acf,E_prot_acf,e_prot_cs,E_prot_cs,sph_ps,sph_acf,sph_cs,e_sph_ps,e_sph_acf,e_sph_cs,h_ps,fa_prob_ps,hacf,gacf,hcs
8827587,0.355806087803387,-1.0,5.215109838891549,0.6201153763876669,0.6201153763876669,-1.0,-1.0,0.6694233553493245,0.6694233553493245,463.8821842021344,-1.0,583.8155773580928,80.73780889928098,-1.0,147.88355522510545,13.596925140326503,1.2443152985613714e-06,-1.0,-1.0,0.22046112982687832
