target_id,prot_ps,prot_acf,prot_cs,e_prot_ps,E_prot_ps,e_prot_acf,E_prot_acf,e_prot_cs,E_prot_cs,sph_ps,sph_acf,sph_cs,e_sph_ps,e_sph_acf,e_sph_cs,h_ps,fa_prob_ps,hacf,gacf,hcs
8889270,23.7129496408648,-1.0,3.3985424623265867,7.389056098930649,7.389056098930649,-1.0,-1.0,1.6369764298456566,1.6369764298456566,398.1199355389859,-1.0,291.3416263798762,203.21640528278945,-1.0,129.0006334054931,15.672642133670498,1.5611980656174122e-07,-1.0,-1.0,0.21143484165887055
