target_id,prot_ps,prot_acf,prot_cs,e_prot_ps,E_prot_ps,e_prot_acf,E_prot_acf,e_prot_cs,E_prot_cs,sph_ps,sph_acf,sph_cs,e_sph_ps,e_sph_acf,e_sph_cs,h_ps,fa_prob_ps,hacf,gacf,hcs
8831687,2.3701941203458476,2.390743302181363,2.3527648822943172,0.0875225584699859,0.0875225584699859,-1.0,-1.0,0.009454551639155616,0.009454551639155616,1488.8355079282917,1484.5092187237312,1487.2998836908157,547.5113401881626,550.5592163653984,558.6996623163535,3887.254067106861,0.0,1.488238747748945,0.9138553045364354,0.6836320201596817
