target_id,prot_ps,prot_acf,prot_cs,e_prot_ps,E_prot_ps,e_prot_acf,E_prot_acf,e_prot_cs,E_prot_cs,sph_ps,sph_acf,sph_cs,e_sph_ps,e_sph_acf,e_sph_cs,h_ps,fa_prob_ps,hacf,gacf,hcs
8882530,0.2607008751776182,-1.0,1.1530734119843693,4.952038569446167,4.952038569446167,-1.0,-1.0,0.5466579892648312,0.5466579892648312,772.0576818427687,-1.0,828.3997973686334,132.30270464812205,-1.0,165.56437121880654,14.772480830967233,3.8405470599875245e-07,-1.0,-1.0,0.22987813424585835
