target_id,prot_ps,prot_acf,prot_cs,e_prot_ps,E_prot_ps,e_prot_acf,E_prot_acf,e_prot_cs,E_prot_cs,sph_ps,sph_acf,sph_cs,e_sph_ps,e_sph_acf,e_sph_cs,h_ps,fa_prob_ps,hacf,gacf,hcs
8814123,5.284360832217669,10.462046146392822,10.353229845036745,0.31219611955085774,0.31219611955085774,-1.0,-1.0,0.3779059854179643,0.3779059854179643,1408.702475798507,1500.724311373903,1499.5555496891393,417.133792366796,374.24698876496075,364.25823072899664,57.36988928794581,1.2149926615592384e-25,0.4756571610253022,0.3406741461167126,1.0281144029259461
