target_id,prot_ps,prot_acf,prot_cs,e_prot_ps,E_prot_ps,e_prot_acf,E_prot_acf,e_prot_cs,E_prot_cs,sph_ps,sph_acf,sph_cs,e_sph_ps,e_sph_acf,e_sph_cs,h_ps,fa_prob_ps,hacf,gacf,hcs
8938922,6.624507434049734,13.384093136992306,13.381303594083608,0.228974186415153,0.228974186415153,-1.0,-1.0,0.11127438204042844,0.11127438204042844,1328.694567424722,1400.8069793398342,1400.6494064545295,480.3833819016993,435.35736876323983,435.77126011739057,109.53464225879473,2.6897337335912648e-48,0.7465271402637776,0.40870661611381554,0.8052443955673722
