target_id,prot_ps,prot_acf,prot_cs,e_prot_ps,E_prot_ps,e_prot_acf,E_prot_acf,e_prot_cs,E_prot_cs,sph_ps,sph_acf,sph_cs,e_sph_ps,e_sph_acf,e_sph_cs,h_ps,fa_prob_ps,hacf,gacf,hcs
8943453,4.995602262098797,13.914788844063878,14.940252673727548,0.21901019456291435,0.21901019456291435,-1.0,-1.0,1.025628841015522,1.025628841015522,1476.7478640202573,1542.3675191001903,1383.0970607793063,491.8480226223558,505.9366842536666,472.8311885224861,41.02133687759082,1.5298884072432053e-18,0.24822469337729228,0.1879829196727642,0.3463141990353946
