target_id,prot_ps,prot_acf,prot_cs,e_prot_ps,E_prot_ps,e_prot_acf,E_prot_acf,e_prot_cs,E_prot_cs,sph_ps,sph_acf,sph_cs,e_sph_ps,e_sph_acf,e_sph_cs,h_ps,fa_prob_ps,hacf,gacf,hcs
8936511,22.61723703725922,47.814937960356474,1.7599575241562357,7.389056098930601,7.389056098930601,-1.0,-1.0,0.9442038551213148,0.9442038551213148,487.98440360851805,503.45056268480397,314.57819081012934,122.18091852691171,82.35498483302317,140.9911926942078,14.376784800354185,5.704816685835201e-07,0.15992572093228818,0.13242766627859928,1.1680993816508727
