target_id,prot_ps,prot_acf,prot_cs,e_prot_ps,E_prot_ps,e_prot_acf,E_prot_acf,e_prot_cs,E_prot_cs,sph_ps,sph_acf,sph_cs,e_sph_ps,e_sph_acf,e_sph_cs,h_ps,fa_prob_ps,hacf,gacf,hcs
9022284,1.8906263750890526,0.44955048058182,1.8987377570755735,0.059110939753257104,0.059110939753257104,-1.0,-1.0,0.04131708872681007,0.04131708872681007,527.594163340677,485.1588836311842,529.0198181001037,163.07625787738618,149.71305133441658,158.3188094531294,1536.7719704031138,0.0,0.2819539040950368,0.5572728310481102,0.16314086342524478
