target_id,prot_ps,prot_acf,prot_cs,e_prot_ps,E_prot_ps,e_prot_acf,E_prot_acf,e_prot_cs,E_prot_cs,sph_ps,sph_acf,sph_cs,e_sph_ps,e_sph_acf,e_sph_cs,h_ps,fa_prob_ps,hacf,gacf,hcs
9085290,54.039021370410445,58.29736786382273,4.227938445392065,7.389056098930649,7.389056098930649,-1.0,-1.0,0.4485941791896953,0.4485941791896953,751.531167030605,764.4344073969354,598.49022890763,87.03475287128023,73.71926011003698,160.8546974675242,14.993728074010342,3.0782694646278133e-07,0.1943483808818544,0.10005290528348501,0.3533520473672396
