target_id,prot_ps,prot_acf,prot_cs,e_prot_ps,E_prot_ps,e_prot_acf,E_prot_acf,e_prot_cs,E_prot_cs,sph_ps,sph_acf,sph_cs,e_sph_ps,e_sph_acf,e_sph_cs,h_ps,fa_prob_ps,hacf,gacf,hcs
9021394,0.12336578478116073,20.045501444488764,0.12382847987115382,0.6827187858435237,0.6827187858435237,-1.0,-1.0,0.013266816128637365,0.013266816128637365,200.4156141422969,345.9227511656871,200.4156141422969,33.15136850670643,0.0,33.15136850670643,11.069753114081644,1.557640771979528e-05,0.07267106602901528,0.17762389577285245,1.161609815233695
