target_id,prot_ps,prot_acf,prot_cs,e_prot_ps,E_prot_ps,e_prot_acf,E_prot_acf,e_prot_cs,E_prot_cs,sph_ps,sph_acf,sph_cs,e_sph_ps,e_sph_acf,e_sph_cs,h_ps,fa_prob_ps,hacf,gacf,hcs
9092571,5.944601530697377,-1.0,5.826059250086547,1.8272295840190438,1.8272295840190438,-1.0,-1.0,0.14870645727487494,0.14870645727487494,418.28004478943916,-1.0,413.99404775145166,78.46995376873356,-1.0,76.75679473351275,23.106219155538636,9.227764938928329e-11,-1.0,-1.0,0.226561579818294
