target_id,prot_ps,prot_acf,prot_cs,e_prot_ps,E_prot_ps,e_prot_acf,E_prot_acf,e_prot_cs,E_prot_cs,sph_ps,sph_acf,sph_cs,e_sph_ps,e_sph_acf,e_sph_cs,h_ps,fa_prob_ps,hacf,gacf,hcs
9071421,14.450641063935185,28.68885882385075,14.449708402746909,0.5275079784589953,0.5275079784589953,-1.0,-1.0,0.14916554345834876,0.14916554345834876,1403.08575511329,1433.3881498150313,1403.08575511329,325.27211205595086,243.93864186185422,325.27211205595086,86.99737142749763,1.6501432565185325e-38,0.8536922998459058,0.43108431696392846,0.9861814701982362
