target_id,prot_ps,prot_acf,prot_cs,e_prot_ps,E_prot_ps,e_prot_acf,E_prot_acf,e_prot_cs,E_prot_cs,sph_ps,sph_acf,sph_cs,e_sph_ps,e_sph_acf,e_sph_cs,h_ps,fa_prob_ps,hacf,gacf,hcs
9092504,0.3242062853751703,-1.0,2.1847668416239325,0.5856328124233321,0.5856328124233321,-1.0,-1.0,0.5856972429135473,0.5856972429135473,657.1995350961904,-1.0,811.2058433366653,103.69350306092227,-1.0,192.0254567182316,43.98883008993213,7.868534014733504e-20,-1.0,-1.0,0.10775222141007945
