target_id,prot_ps,prot_acf,prot_cs,e_prot_ps,E_prot_ps,e_prot_acf,E_prot_acf,e_prot_cs,E_prot_cs,sph_ps,sph_acf,sph_cs,e_sph_ps,e_sph_acf,e_sph_cs,h_ps,fa_prob_ps,hacf,gacf,hcs
9087548,28.609946405930284,59.13533719629049,28.63885784763143,7.3890560989293395,7.3890560989293395,-1.0,-1.0,0.3187769818701985,0.3187769818701985,294.97738759416245,297.26250350609155,294.93891313958454,48.27143738951795,44.6657267963368,48.25149900779335,21.69327217173075,3.7908063670171177e-10,0.24097988998730152,0.16067154217051266,0.933060284268968
