target_id,prot_ps,prot_acf,prot_cs,e_prot_ps,E_prot_ps,e_prot_acf,E_prot_acf,e_prot_cs,E_prot_cs,sph_ps,sph_acf,sph_cs,e_sph_ps,e_sph_acf,e_sph_cs,h_ps,fa_prob_ps,hacf,gacf,hcs
9075103,37.71662861069299,41.25565664190799,0.14446631622500716,7.389056098930544,7.389056098930544,-1.0,-1.0,0.011059762591034455,0.011059762591034455,188.4786293484848,191.75839196371564,111.3474316728061,40.45336917902837,33.89385914640165,15.3417891139648,15.710856533110865,1.502663376338222e-07,0.2513071732405583,0.16253364018105992,1.3985592812500784
