target_id,prot_ps,prot_acf,prot_cs,e_prot_ps,E_prot_ps,e_prot_acf,E_prot_acf,e_prot_cs,E_prot_cs,sph_ps,sph_acf,sph_cs,e_sph_ps,e_sph_acf,e_sph_cs,h_ps,fa_prob_ps,hacf,gacf,hcs
9086793,1.6262975938094293,-1.0,3.1576158027118066,1.2440343341985158,1.2440343341985158,-1.0,-1.0,0.5119661795355365,0.5119661795355365,736.3487390701407,-1.0,832.6212849825886,182.53468174186588,-1.0,221.87765269364027,15.447234196166644,1.955921533072155e-07,-1.0,-1.0,0.2264835265723292
