target_id,prot_ps,prot_acf,prot_cs,e_prot_ps,E_prot_ps,e_prot_acf,E_prot_acf,e_prot_cs,E_prot_cs,sph_ps,sph_acf,sph_cs,e_sph_ps,e_sph_acf,e_sph_cs,h_ps,fa_prob_ps,hacf,gacf,hcs
9019145,28.609234566081163,-1.0,28.585787759364344,7.389056098930224,7.389056098930224,-1.0,-1.0,0.3672786967743332,0.3672786967743332,359.318805481116,-1.0,359.24951691374514,76.24879530391016,-1.0,76.56448966694981,17.954285030922325,1.594237735189856e-08,-1.0,-1.0,0.1581868731207501
