target_id,prot_ps,prot_acf,prot_cs,e_prot_ps,E_prot_ps,e_prot_acf,E_prot_acf,e_prot_cs,E_prot_cs,sph_ps,sph_acf,sph_cs,e_sph_ps,e_sph_acf,e_sph_cs,h_ps,fa_prob_ps,hacf,gacf,hcs
9004915,47.06987348630984,52.26935621723533,28.598791028237866,7.389056098930649,7.389056098930649,-1.0,-1.0,0.3574118085908679,0.3574118085908679,257.52283697295434,253.67246934347781,255.7861184867375,14.998984900173665,21.13834601568048,22.49952198114206,25.89986665363886,5.647169590986021e-12,0.10500078202392607,0.053008045057126994,0.43214961538597557
