target_id,prot_ps,prot_acf,prot_cs,e_prot_ps,E_prot_ps,e_prot_acf,E_prot_acf,e_prot_cs,E_prot_cs,sph_ps,sph_acf,sph_cs,e_sph_ps,e_sph_acf,e_sph_cs,h_ps,fa_prob_ps,hacf,gacf,hcs
9140125,0.10116298877389382,29.26172748208046,0.10115363701964658,0.1519440847028599,0.1519440847028599,-1.0,-1.0,0.011423572345207713,0.011423572345207713,610.1494123734886,1499.1895444726774,610.1494123734886,110.48517020342955,698.5324360590213,110.48517020342955,18.09900378355962,1.3794390905120655e-08,0.4498483506840728,0.22489964330798923,0.8554119796329438
