target_id,prot_ps,prot_acf,prot_cs,e_prot_ps,E_prot_ps,e_prot_acf,E_prot_acf,e_prot_cs,E_prot_cs,sph_ps,sph_acf,sph_cs,e_sph_ps,e_sph_acf,e_sph_cs,h_ps,fa_prob_ps,hacf,gacf,hcs
9163303,0.7828861937076704,-1.0,0.14160537119954866,1.863316358473856,1.863316358473856,-1.0,-1.0,0.013321431966296296,0.013321431966296296,769.7488931178058,-1.0,736.3585418109051,105.73743457591809,-1.0,126.18554421827275,16.076366406137325,1.0426121478924815e-07,-1.0,-1.0,0.11378767064679896
