target_id,prot_ps,prot_acf,prot_cs,e_prot_ps,E_prot_ps,e_prot_acf,E_prot_acf,e_prot_cs,E_prot_cs,sph_ps,sph_acf,sph_cs,e_sph_ps,e_sph_acf,e_sph_cs,h_ps,fa_prob_ps,hacf,gacf,hcs
9107329,1.141890043053744,58.33829377545044,1.1443034190846624,0.45790837555234193,0.45790837555234193,-1.0,-1.0,0.008257770834687792,0.008257770834687792,886.387881121924,1204.7619447692414,885.2184681911081,194.25456452593178,113.09125170434817,187.81101842705812,56.94504796804462,1.8581462608553292e-25,0.15224722019211728,0.062175267220087,0.08286500849039093
