target_id,prot_ps,prot_acf,prot_cs,e_prot_ps,E_prot_ps,e_prot_acf,E_prot_acf,e_prot_cs,E_prot_cs,sph_ps,sph_acf,sph_cs,e_sph_ps,e_sph_acf,e_sph_cs,h_ps,fa_prob_ps,hacf,gacf,hcs
9172970,2.2024764586064625,14.364969464018941,2.2162316382714975,0.07883079124770852,0.07883079124770852,-1.0,-1.0,0.045348825923966385,0.045348825923966385,536.2669778187424,633.1378582418082,542.4860780565967,70.11533024635568,11.954672579120029,72.82152773453498,29.211580361839363,2.0585993967745177e-13,0.004694800711509255,0.0361557527603313,0.09567654344739367
