target_id,prot_ps,prot_acf,prot_cs,e_prot_ps,E_prot_ps,e_prot_acf,E_prot_acf,e_prot_cs,E_prot_cs,sph_ps,sph_acf,sph_cs,e_sph_ps,e_sph_acf,e_sph_cs,h_ps,fa_prob_ps,hacf,gacf,hcs
9137443,54.039209884746676,55.08920797333121,2.872567083416507,7.389056098922928,7.389056098922928,-1.0,-1.0,0.2041316024241517,0.2041316024241517,332.21046606973556,335.26869960139027,243.0981498362666,34.90978687538917,36.07927509940734,62.47111378364323,15.280445386977764,2.3109305154873011e-07,0.22805397437031932,0.16468510601710268,0.5080917894192544
