target_id,prot_ps,prot_acf,prot_cs,e_prot_ps,E_prot_ps,e_prot_acf,E_prot_acf,e_prot_cs,E_prot_cs,sph_ps,sph_acf,sph_cs,e_sph_ps,e_sph_acf,e_sph_cs,h_ps,fa_prob_ps,hacf,gacf,hcs
9118981,1.510512987358202,1.512093985453248,1.4923978614242988,0.04886393808769721,0.04886393808769721,-1.0,-1.0,0.009976647703918508,0.009976647703918508,8488.43714522358,8473.712737007969,8471.489913749825,4921.746119576767,4930.819513540683,4917.986542256937,13868.924684463713,0.0,1.6223300746479046,0.9468606765901981,0.0849542680533517
