target_id,prot_ps,prot_acf,prot_cs,e_prot_ps,E_prot_ps,e_prot_acf,E_prot_acf,e_prot_cs,E_prot_cs,sph_ps,sph_acf,sph_cs,e_sph_ps,e_sph_acf,e_sph_cs,h_ps,fa_prob_ps,hacf,gacf,hcs
9164664,0.3970082975239851,-1.0,2.9099658949160943,0.17861875671725058,0.17861875671725058,-1.0,-1.0,0.3120904386403811,0.3120904386403811,718.6912354033042,-1.0,1183.2887856120483,239.03361887032412,-1.0,611.4310833106624,27.500210284653235,1.1397521554560923e-12,-1.0,-1.0,0.2286036353174088
