target_id,prot_ps,prot_acf,prot_cs,e_prot_ps,E_prot_ps,e_prot_acf,E_prot_acf,e_prot_cs,E_prot_cs,sph_ps,sph_acf,sph_cs,e_sph_ps,e_sph_acf,e_sph_cs,h_ps,fa_prob_ps,hacf,gacf,hcs
9156522,0.23266544223516747,59.318723402451724,1.8367757652932777,0.33062160912744876,0.33062160912744876,-1.0,-1.0,1.2969316002263083,1.2969316002263083,519.38333485438,961.3432692043749,662.5821655465841,79.43720390142697,86.03552472430462,152.02747104536445,12.648029157698263,3.2138879392571446e-06,0.13603251885799292,0.04925474052986438,0.39550979991242546
