target_id,prot_ps,prot_acf,prot_cs,e_prot_ps,E_prot_ps,e_prot_acf,E_prot_acf,e_prot_cs,E_prot_cs,sph_ps,sph_acf,sph_cs,e_sph_ps,e_sph_acf,e_sph_cs,h_ps,fa_prob_ps,hacf,gacf,hcs
9182213,0.22830148209664725,-1.0,6.315562741987716,0.35811812216247957,0.35811812216247957,-1.0,-1.0,0.32660197657442663,0.32660197657442663,2327.319804686169,-1.0,3237.9412428082514,404.83527473161155,-1.0,910.0919779875734,10.693309503628488,2.2696280452329096e-05,-1.0,-1.0,0.09312782699946953
