target_id,prot_ps,prot_acf,prot_cs,e_prot_ps,E_prot_ps,e_prot_acf,E_prot_acf,e_prot_cs,E_prot_cs,sph_ps,sph_acf,sph_cs,e_sph_ps,e_sph_acf,e_sph_cs,h_ps,fa_prob_ps,hacf,gacf,hcs
9112027,0.18346542559373072,11.647129207849503,1.1058813109125623,0.37461609316310746,0.37461609316310746,-1.0,-1.0,0.013851828815146449,0.013851828815146449,383.2027461104006,431.4418960605806,417.06361126696993,51.87020497894579,52.90456717776701,71.55004928810534,9.773558271066088,5.693739249515562e-05,5.3292300749990806e-05,0.15585612921094502,1.173808668861736
