target_id,prot_ps,prot_acf,prot_cs,e_prot_ps,E_prot_ps,e_prot_acf,E_prot_acf,e_prot_cs,E_prot_cs,sph_ps,sph_acf,sph_cs,e_sph_ps,e_sph_acf,e_sph_cs,h_ps,fa_prob_ps,hacf,gacf,hcs
9107013,0.441115761295152,-1.0,2.839791324079646,1.7367464160542196,1.7367464160542196,-1.0,-1.0,0.6443093600323851,0.6443093600323851,428.1435372015274,-1.0,501.11267055030453,66.57690731387801,-1.0,102.35846426775105,11.388163917030576,1.1328782836960141e-05,-1.0,-1.0,0.2555819610299108
