target_id,prot_ps,prot_acf,prot_cs,e_prot_ps,E_prot_ps,e_prot_acf,E_prot_acf,e_prot_cs,E_prot_cs,sph_ps,sph_acf,sph_cs,e_sph_ps,e_sph_acf,e_sph_cs,h_ps,fa_prob_ps,hacf,gacf,hcs
9210192,18.018721303679104,18.042946155183017,17.98613825100044,0.939811063368821,0.939811063368821,-1.0,-1.0,0.6086855813217319,0.6086855813217319,2116.697494840617,2115.8207235135606,2116.302387719347,871.2587153222647,867.9344789391394,877.8457039901368,46.61120740744532,5.7149156939869085e-21,0.7182732038175055,0.3810566707018907,0.9853835542154493
