target_id,prot_ps,prot_acf,prot_cs,e_prot_ps,E_prot_ps,e_prot_acf,E_prot_acf,e_prot_cs,E_prot_cs,sph_ps,sph_acf,sph_cs,e_sph_ps,e_sph_acf,e_sph_cs,h_ps,fa_prob_ps,hacf,gacf,hcs
9225979,0.22132634565969825,-1.0,2.3061496619135147,0.37342936588457687,0.37342936588457687,-1.0,-1.0,0.19045546531372082,0.19045546531372082,115.14521659274595,-1.0,129.25277778738024,14.327952578326856,-1.0,19.605865655567495,11.283336241621026,1.25808311260465e-05,-1.0,-1.0,0.2556293243644735
