target_id,prot_ps,prot_acf,prot_cs,e_prot_ps,E_prot_ps,e_prot_acf,E_prot_acf,e_prot_cs,E_prot_cs,sph_ps,sph_acf,sph_cs,e_sph_ps,e_sph_acf,e_sph_cs,h_ps,fa_prob_ps,hacf,gacf,hcs
9221528,21.35101280992995,21.271481400355697,1.1741582322038633,2.3945835622469063,2.3945835622469063,-1.0,-1.0,0.11724118022461479,0.11724118022461479,960.5617496438011,960.4470056550978,530.6685408551252,160.42556388529562,157.56551882439538,260.01066640373693,17.217524750848543,3.330611740924547e-08,0.4327463550996786,0.19342455550799703,1.467028151165786
