target_id,prot_ps,prot_acf,prot_cs,e_prot_ps,E_prot_ps,e_prot_acf,E_prot_acf,e_prot_cs,E_prot_cs,sph_ps,sph_acf,sph_cs,e_sph_ps,e_sph_acf,e_sph_cs,h_ps,fa_prob_ps,hacf,gacf,hcs
9203304,5.23618215118151,10.523358229547739,10.734709556535101,0.25813216908943953,0.25813216908943953,-1.0,-1.0,0.06327050591136864,0.06327050591136864,1160.960076340491,1237.4354249561707,1254.2751635626296,299.93621939072943,262.4151616863545,276.5237405094185,183.9776255809827,1.257570718191531e-80,0.6181737518356629,0.47031544584637214,0.34933806480751445
