target_id,prot_ps,prot_acf,prot_cs,e_prot_ps,E_prot_ps,e_prot_acf,E_prot_acf,e_prot_cs,E_prot_cs,sph_ps,sph_acf,sph_cs,e_sph_ps,e_sph_acf,e_sph_cs,h_ps,fa_prob_ps,hacf,gacf,hcs
9238346,5.352013507567674,16.20393716543913,0.454037180095911,1.8892822862601288,1.8892822862601288,-1.0,-1.0,0.015908962635144443,0.015908962635144443,774.3410185446882,861.9418404541804,327.6799076833955,253.9024480455287,181.62436977574228,155.69800200735824,25.506641239374986,8.367706867659326e-12,0.38272713757821764,0.22325471680939157,0.6124432614598582
