target_id,prot_ps,prot_acf,prot_cs,e_prot_ps,E_prot_ps,e_prot_acf,E_prot_acf,e_prot_cs,E_prot_cs,sph_ps,sph_acf,sph_cs,e_sph_ps,e_sph_acf,e_sph_cs,h_ps,fa_prob_ps,hacf,gacf,hcs
9292483,0.2203225618384966,-1.0,0.3236697149276734,0.3255401766536118,0.3255401766536118,-1.0,-1.0,3.116975021145412,3.116975021145412,168.1262744792977,-1.0,169.68666740179248,21.188104168073473,-1.0,19.477885183078655,16.13960258047235,9.787226953730006e-08,-1.0,-1.0,0.09245731338669737
