target_id,prot_ps,prot_acf,prot_cs,e_prot_ps,E_prot_ps,e_prot_acf,E_prot_acf,e_prot_cs,E_prot_cs,sph_ps,sph_acf,sph_cs,e_sph_ps,e_sph_acf,e_sph_cs,h_ps,fa_prob_ps,hacf,gacf,hcs
9215841,7.800327434628744,7.805680761113763,7.721378308548095,0.27820538168829384,0.27820538168829384,-1.0,-1.0,0.027508927208811144,0.027508927208811144,19373.876875684073,19132.327452731734,19406.72536158653,8544.034092796606,8500.989970224071,8592.203940048958,1378.4853704829995,0.0,1.4604522365950439,0.8197969111062443,0.9639432874896378
