target_id,prot_ps,prot_acf,prot_cs,e_prot_ps,E_prot_ps,e_prot_acf,E_prot_acf,e_prot_cs,E_prot_cs,sph_ps,sph_acf,sph_cs,e_sph_ps,e_sph_acf,e_sph_cs,h_ps,fa_prob_ps,hacf,gacf,hcs
9344432,14.170072849238634,-1.0,1.3110137017049515,5.9203060118965425,5.9203060118965425,-1.0,-1.0,0.009784375825720117,0.009784375825720117,752.7618706170379,-1.0,522.4509052076374,148.44968894586324,-1.0,85.20248769283282,12.187972413527,5.09132517009555e-06,-1.0,-1.0,0.35654505471655407
