target_id,prot_ps,prot_acf,prot_cs,e_prot_ps,E_prot_ps,e_prot_acf,E_prot_acf,e_prot_cs,E_prot_cs,sph_ps,sph_acf,sph_cs,e_sph_ps,e_sph_acf,e_sph_cs,h_ps,fa_prob_ps,hacf,gacf,hcs
9329361,0.34365788416000287,24.60257364064455,0.12238833998439223,0.26007353897442625,0.26007353897442625,-1.0,-1.0,0.009972734493430859,0.009972734493430859,265.02848698079146,354.26893709749686,254.17746868829465,59.4347062647243,0.0,53.30604330013054,13.675553989919084,1.1502238413024608e-06,0.17603786332334256,0.10304940389034405,0.1005877066453112
