target_id,prot_ps,prot_acf,prot_cs,e_prot_ps,E_prot_ps,e_prot_acf,E_prot_acf,e_prot_cs,E_prot_cs,sph_ps,sph_acf,sph_cs,e_sph_ps,e_sph_acf,e_sph_cs,h_ps,fa_prob_ps,hacf,gacf,hcs
9308147,47.0811915496184,57.19388899952173,1.0820658862672612,7.389056098922589,7.389056098922589,-1.0,-1.0,0.010274644938393016,0.010274644938393016,1011.307605880982,1021.9732859809868,691.5118430665102,181.32770347441132,127.962916605463,129.91576212091243,13.660929059750597,1.1671693964023199e-06,0.18186052451093485,0.09857978780409017,0.6796692061821954
