target_id,prot_ps,prot_acf,prot_cs,e_prot_ps,E_prot_ps,e_prot_acf,E_prot_acf,e_prot_cs,E_prot_cs,sph_ps,sph_acf,sph_cs,e_sph_ps,e_sph_acf,e_sph_cs,h_ps,fa_prob_ps,hacf,gacf,hcs
9397805,0.27761419401326626,55.43679660651833,2.993954824469984,0.4904392456853272,0.4904392456853272,-1.0,-1.0,0.4202415218871836,0.4202415218871836,542.7781369060777,890.7031341687504,648.667305698015,90.23575923874986,89.70189409734856,120.87835805933686,17.02747147416253,4.027755487413862e-08,0.15421907292600773,0.041149769614008715,0.5941161500744273
