target_id,prot_ps,prot_acf,prot_cs,e_prot_ps,E_prot_ps,e_prot_acf,E_prot_acf,e_prot_cs,E_prot_cs,sph_ps,sph_acf,sph_cs,e_sph_ps,e_sph_acf,e_sph_cs,h_ps,fa_prob_ps,hacf,gacf,hcs
9398569,5.035072570761382,2.6155174374580383,4.982952928994084,0.4461813391205548,0.4461813391205548,-1.0,-1.0,0.05371614119588198,0.05371614119588198,142.99243527086966,129.66069768488325,143.67929406136662,36.75029889199315,28.080600324386534,30.962223204134833,136.4776039670141,5.352167465644146e-60,0.29066689089027464,0.40010420079405273,1.9278281690364565
