target_id,prot_ps,prot_acf,prot_cs,e_prot_ps,E_prot_ps,e_prot_acf,E_prot_acf,e_prot_cs,E_prot_cs,sph_ps,sph_acf,sph_cs,e_sph_ps,e_sph_acf,e_sph_cs,h_ps,fa_prob_ps,hacf,gacf,hcs
9412514,3.715709810312357,3.6780710611492395,3.7039835037195328,0.10342746227379425,0.10342746227379425,-1.0,-1.0,0.02775062060466845,0.02775062060466845,160.14943570069633,151.66402832125613,158.48714903420026,72.16473134284907,47.54223996969452,64.67892417132593,610.573448225357,6.781419942413882e-266,0.5667106308332637,0.6903558816167782,0.8548122312474742
