target_id,prot_ps,prot_acf,prot_cs,e_prot_ps,E_prot_ps,e_prot_acf,E_prot_acf,e_prot_cs,E_prot_cs,sph_ps,sph_acf,sph_cs,e_sph_ps,e_sph_acf,e_sph_cs,h_ps,fa_prob_ps,hacf,gacf,hcs
9489268,26.528466373803255,-1.0,26.528449451217625,7.389056098930649,7.389056098930649,-1.0,-1.0,0.2782595305517779,0.2782595305517779,1281.1177322151461,-1.0,1281.1177322151461,401.102377107162,-1.0,401.102377107162,15.573460627817987,1.723979055076817e-07,-1.0,-1.0,0.21644156520708127
