target_id,prot_ps,prot_acf,prot_cs,e_prot_ps,E_prot_ps,e_prot_acf,E_prot_acf,e_prot_cs,E_prot_cs,sph_ps,sph_acf,sph_cs,e_sph_ps,e_sph_acf,e_sph_cs,h_ps,fa_prob_ps,hacf,gacf,hcs
9418153,19.456370980415358,12.260349467396736,19.624947202830725,1.1463439195151337,1.1463439195151337,-1.0,-1.0,0.7995057820125002,0.7995057820125002,682.9308251195501,670.2385917986313,683.0357916037698,110.46378976165235,124.72785000356126,108.69467476361548,40.77831858454196,1.950748391287623e-18,1.178697904281531e-05,0.010376478917216544,4.467716636782462
