target_id,prot_ps,prot_acf,prot_cs,e_prot_ps,E_prot_ps,e_prot_acf,E_prot_acf,e_prot_cs,E_prot_cs,sph_ps,sph_acf,sph_cs,e_sph_ps,e_sph_acf,e_sph_cs,h_ps,fa_prob_ps,hacf,gacf,hcs
9521119,54.0433639187761,59.543711403384805,0.8255202267318945,5.649043147175334,5.649043147175334,-1.0,-1.0,0.0816064136645564,0.0816064136645564,943.4440625417516,966.1636738831496,628.265575897534,120.02527922510593,85.37640881930258,88.91293587252004,27.059898265554633,1.7702536658802808e-12,0.23712238415971287,0.13683812116266597,0.45660554685423405
