target_id,prot_ps,prot_acf,prot_cs,e_prot_ps,E_prot_ps,e_prot_acf,E_prot_acf,e_prot_cs,E_prot_cs,sph_ps,sph_acf,sph_cs,e_sph_ps,e_sph_acf,e_sph_cs,h_ps,fa_prob_ps,hacf,gacf,hcs
9519469,0.1046277334209268,-1.0,1.0026967472695418,0.13064604105150268,0.13064604105150268,-1.0,-1.0,0.011192925308525588,0.011192925308525588,501.18544293238136,-1.0,654.2755117954434,128.04365272638643,-1.0,210.8570857692081,15.740265814236778,1.4591146340200996e-07,-1.0,-1.0,0.3736840451206068
