target_id,prot_ps,prot_acf,prot_cs,e_prot_ps,E_prot_ps,e_prot_acf,E_prot_acf,e_prot_cs,E_prot_cs,sph_ps,sph_acf,sph_cs,e_sph_ps,e_sph_acf,e_sph_cs,h_ps,fa_prob_ps,hacf,gacf,hcs
9596890,28.61798765545931,28.035026421770453,28.604461121190383,1.3562699274775132,1.3562699274775132,-1.0,-1.0,0.31816194537687625,0.31816194537687625,282.50927559042844,285.4132521040977,282.4092375980681,38.8983614552342,41.667008028220124,38.85742101622867,35.94519594138515,2.4501899361712306e-16,0.13052702838549352,0.09047112977220151,0.13996701428963904
