target_id,prot_ps,prot_acf,prot_cs,e_prot_ps,E_prot_ps,e_prot_acf,E_prot_acf,e_prot_cs,E_prot_cs,sph_ps,sph_acf,sph_cs,e_sph_ps,e_sph_acf,e_sph_cs,h_ps,fa_prob_ps,hacf,gacf,hcs
9597244,13.267101876839108,13.261461744550616,13.29740755328165,0.5640005619644409,0.5640005619644409,-1.0,-1.0,0.10122913320890926,0.10122913320890926,2436.356113882221,2436.5574430376746,2438.9806350268063,659.6860814309698,659.8759597320397,656.7959986331488,176.92442803274957,1.4544446265501419e-77,0.9558003659795791,0.5271849862349266,0.9437934961605946
