target_id,prot_ps,prot_acf,prot_cs,e_prot_ps,E_prot_ps,e_prot_acf,E_prot_acf,e_prot_cs,E_prot_cs,sph_ps,sph_acf,sph_cs,e_sph_ps,e_sph_acf,e_sph_cs,h_ps,fa_prob_ps,hacf,gacf,hcs
9595956,10.366426367984827,10.400793210137635,10.367673350185473,0.32651726123613717,0.32651726123613717,-1.0,-1.0,0.09649574395141249,0.09649574395141249,7409.396272842739,7412.772505859824,7409.396272842739,2169.0149261014126,2173.677764811814,2169.0149261014126,182.9038384778237,3.680206856843908e-80,0.9049456407608685,0.5502701142693969,0.9611659779198012
