target_id,prot_ps,prot_acf,prot_cs,e_prot_ps,E_prot_ps,e_prot_acf,E_prot_acf,e_prot_cs,E_prot_cs,sph_ps,sph_acf,sph_cs,e_sph_ps,e_sph_acf,e_sph_cs,h_ps,fa_prob_ps,hacf,gacf,hcs
9593432,1.2068664204439379,1.2055906732566655,1.204185782789022,0.03294221595215607,0.03294221595215607,-1.0,-1.0,0.012037066462621883,0.012037066462621883,5786.858192398468,5786.858192398468,5743.8952523858,915.6121915798251,915.6121915798251,971.3827602887532,971.0271187571931,0.0,0.895493356891568,0.7141850076780015,0.15276877320078364
