target_id,prot_ps,prot_acf,prot_cs,e_prot_ps,E_prot_ps,e_prot_acf,E_prot_acf,e_prot_cs,E_prot_cs,sph_ps,sph_acf,sph_cs,e_sph_ps,e_sph_acf,e_sph_cs,h_ps,fa_prob_ps,hacf,gacf,hcs
9579470,0.10751164860327042,-1.0,4.227927654194646,0.1119856312156326,0.1119856312156326,-1.0,-1.0,1.9132864633355753,1.9132864633355753,282.32674322174785,-1.0,351.2316476800611,49.59647286290425,-1.0,63.293674636643004,14.288572275792422,6.230916141297661e-07,-1.0,-1.0,0.1768544646892376
