target_id,prot_ps,prot_acf,prot_cs,e_prot_ps,E_prot_ps,e_prot_acf,E_prot_acf,e_prot_cs,E_prot_cs,sph_ps,sph_acf,sph_cs,e_sph_ps,e_sph_acf,e_sph_cs,h_ps,fa_prob_ps,hacf,gacf,hcs
9595770,4.529281532387992,9.133904360700399,9.136652103018092,0.163675620192925,0.163675620192925,-1.0,-1.0,0.10880050987477241,0.10880050987477241,5158.416753158493,5351.621606700972,5351.621606700972,1621.0840313187246,1614.2862193366573,1614.2862193366573,153.26505459841096,2.740517119096647e-67,0.8911107348589478,0.5798203489454198,0.9118740463345177
