target_id,prot_ps,prot_acf,prot_cs,e_prot_ps,E_prot_ps,e_prot_acf,E_prot_acf,e_prot_cs,E_prot_cs,sph_ps,sph_acf,sph_cs,e_sph_ps,e_sph_acf,e_sph_cs,h_ps,fa_prob_ps,hacf,gacf,hcs
9597853,12.643069928663055,24.92914091795683,0.9906268456578253,0.7943511317602531,0.7943511317602531,-1.0,-1.0,0.503300856496254,0.503300856496254,1103.4245405548309,1130.5326970160236,731.2602324475546,245.38426878252184,179.17556376602397,177.88601063759143,16.984031051945713,4.2065788473662094e-08,0.23717111370038785,0.05092179112596505,0.7319306339362419
