target_id,prot_ps,prot_acf,prot_cs,e_prot_ps,E_prot_ps,e_prot_acf,E_prot_acf,e_prot_cs,E_prot_cs,sph_ps,sph_acf,sph_cs,e_sph_ps,e_sph_acf,e_sph_cs,h_ps,fa_prob_ps,hacf,gacf,hcs
9520102,0.1527183873055878,54.821873457636684,1.4564678121730688,0.3353516828213595,0.3353516828213595,-1.0,-1.0,0.09511427985321713,0.09511427985321713,746.6346803226102,2526.741096581504,1285.6089519997156,253.71855896698034,0.0,635.4555271479524,9.746974083726503,5.847132564980227e-05,0.17394803517496515,0.04301369566847873,0.22463601491277888
