target_id,prot_ps,prot_acf,prot_cs,e_prot_ps,E_prot_ps,e_prot_acf,E_prot_acf,e_prot_cs,E_prot_cs,sph_ps,sph_acf,sph_cs,e_sph_ps,e_sph_acf,e_sph_cs,h_ps,fa_prob_ps,hacf,gacf,hcs
9540132,0.20111479624105635,-1.0,1.485953847505152,0.27061395349753564,0.27061395349753564,-1.0,-1.0,0.8944836494753958,0.8944836494753958,766.7917152081707,-1.0,791.0904026831324,128.3549176108945,-1.0,102.75082405900238,16.012103383879666,1.1118132789086516e-07,-1.0,-1.0,0.06033805971283905
