target_id,prot_ps,prot_acf,prot_cs,e_prot_ps,E_prot_ps,e_prot_acf,E_prot_acf,e_prot_cs,E_prot_cs,sph_ps,sph_acf,sph_cs,e_sph_ps,e_sph_acf,e_sph_cs,h_ps,fa_prob_ps,hacf,gacf,hcs
9664547,10.005536228519391,-1.0,1.4565264298394325,7.389056098929976,7.389056098929976,-1.0,-1.0,0.7855014102390451,0.7855014102390451,956.6778038636808,-1.0,722.4249855084839,271.26690384172906,-1.0,150.85133634951399,14.086426978837325,7.626802378897234e-07,-1.0,-1.0,0.26575014135381836
