target_id,prot_ps,prot_acf,prot_cs,e_prot_ps,E_prot_ps,e_prot_acf,E_prot_acf,e_prot_cs,E_prot_cs,sph_ps,sph_acf,sph_cs,e_sph_ps,e_sph_acf,e_sph_cs,h_ps,fa_prob_ps,hacf,gacf,hcs
9636421,6.79866181542296,48.03947694506496,6.797044496387244,7.389056098930118,7.389056098930118,-1.0,-1.0,0.11857169758159014,0.11857169758159014,226.37940884404466,246.27191309788236,226.37940884404466,48.567527804150956,33.92742268114701,48.567527804150956,26.22513728055291,4.079130428274255e-12,0.12975025564524445,0.060607571151307486,0.0790528368292048
