target_id,prot_ps,prot_acf,prot_cs,e_prot_ps,E_prot_ps,e_prot_acf,E_prot_acf,e_prot_cs,E_prot_cs,sph_ps,sph_acf,sph_cs,e_sph_ps,e_sph_acf,e_sph_cs,h_ps,fa_prob_ps,hacf,gacf,hcs
9640570,0.2887817435517973,29.077103004790843,2.2454552699904893,0.0076470036529313655,0.0076470036529313655,-1.0,-1.0,0.20680562545301187,0.20680562545301187,279.5467054270515,592.857540869186,402.69701474466973,68.79519695812938,92.10871236054156,136.80959925521492,9470.669074152718,0.0,0.1918861578908283,0.06313525722662434,0.001060283818633491
