target_id,prot_ps,prot_acf,prot_cs,e_prot_ps,E_prot_ps,e_prot_acf,E_prot_acf,e_prot_cs,E_prot_cs,sph_ps,sph_acf,sph_cs,e_sph_ps,e_sph_acf,e_sph_cs,h_ps,fa_prob_ps,hacf,gacf,hcs
9603111,31.959418771988787,34.39034216897562,32.23974020298831,1.1247533350569208,1.1247533350569208,-1.0,-1.0,0.7217306705964179,0.7217306705964179,199.92522319240513,193.89472757375597,198.16754208111055,30.183431034544185,21.825486551000587,24.950926017531703,32.83149692505397,5.51394021342881e-15,0.2896790918546228,0.1122974784455195,0.24759286699738006
