target_id,prot_ps,prot_acf,prot_cs,e_prot_ps,E_prot_ps,e_prot_acf,E_prot_acf,e_prot_cs,E_prot_cs,sph_ps,sph_acf,sph_cs,e_sph_ps,e_sph_acf,e_sph_cs,h_ps,fa_prob_ps,hacf,gacf,hcs
9668569,7.390473822778783,7.049705602694303,7.323111576503144,0.4551229585798493,0.4551229585798493,-1.0,-1.0,0.3031109663832364,0.3031109663832364,2513.5067785658853,2496.161664210521,2434.7213230697425,849.7001704317571,829.2066635972363,871.7666810621587,283.4154850375262,8.20764874867621e-124,1.1222564019145662,0.7245404511722638,0.25783758064319184
