target_id,prot_ps,prot_acf,prot_cs,e_prot_ps,E_prot_ps,e_prot_acf,E_prot_acf,e_prot_cs,E_prot_cs,sph_ps,sph_acf,sph_cs,e_sph_ps,e_sph_acf,e_sph_cs,h_ps,fa_prob_ps,hacf,gacf,hcs
9697140,0.7276048949398451,-1.0,1.7542316011618821,7.389056098926857,7.389056098926857,-1.0,-1.0,0.794972434082324,0.794972434082324,165.83474875119146,-1.0,169.58690828984876,17.500314194755425,-1.0,17.67816546045371,12.241393126126491,4.8264800402013515e-06,-1.0,-1.0,0.0924498589668712
