target_id,prot_ps,prot_acf,prot_cs,e_prot_ps,E_prot_ps,e_prot_acf,E_prot_acf,e_prot_cs,E_prot_cs,sph_ps,sph_acf,sph_cs,e_sph_ps,e_sph_acf,e_sph_cs,h_ps,fa_prob_ps,hacf,gacf,hcs
9642494,0.22540790317220522,-1.0,0.985586118697057,0.4353917036955357,0.4353917036955357,-1.0,-1.0,0.012518477315102895,0.012518477315102895,292.0565035993006,-1.0,306.1814514806118,45.59997608032517,-1.0,43.69781478280355,12.865848481215025,2.5848360355194825e-06,-1.0,-1.0,0.3289223463935274
