target_id,prot_ps,prot_acf,prot_cs,e_prot_ps,E_prot_ps,e_prot_acf,E_prot_acf,e_prot_cs,E_prot_cs,sph_ps,sph_acf,sph_cs,e_sph_ps,e_sph_acf,e_sph_cs,h_ps,fa_prob_ps,hacf,gacf,hcs
9642474,0.39034490256831045,56.88742518424988,1.233991238102317,7.389056098930076,7.389056098930076,-1.0,-1.0,0.7149771142840878,0.7149771142840878,151.24395849556402,272.4326125303169,167.00228542761286,20.45658632428673,44.36267790611633,29.497583936537918,14.745609221340844,3.9451478429061843e-07,0.18570397950259848,0.14957751862951046,0.35545184959158627
