target_id,prot_ps,prot_acf,prot_cs,e_prot_ps,E_prot_ps,e_prot_acf,E_prot_acf,e_prot_cs,E_prot_cs,sph_ps,sph_acf,sph_cs,e_sph_ps,e_sph_acf,e_sph_cs,h_ps,fa_prob_ps,hacf,gacf,hcs
9658433,11.49225699756749,11.524596920236945,11.619204870131796,0.5024378267402344,0.5024378267402344,-1.0,-1.0,0.3361942285461576,0.3361942285461576,2173.256524174925,2154.561827674953,2169.1873624917316,1544.5582747097662,1567.525938106592,1553.0269442484089,65.71351947033298,2.8905541365483456e-29,0.8366295579914491,0.5027051900694742,0.9831465618006383
