target_id,prot_ps,prot_acf,prot_cs,e_prot_ps,E_prot_ps,e_prot_acf,E_prot_acf,e_prot_cs,E_prot_cs,sph_ps,sph_acf,sph_cs,e_sph_ps,e_sph_acf,e_sph_cs,h_ps,fa_prob_ps,hacf,gacf,hcs
9706810,0.7479736957106103,1.287325780838728,2.27018879763782,0.027279202919665436,0.027279202919665436,-1.0,-1.0,0.13890017575165306,0.13890017575165306,390.7921266148736,402.7254992482549,416.12924942820706,116.17679110281763,107.50249775127675,90.60153424214934,379.28935619124627,1.8911481904187995e-165,0.030188756841507833,0.2137054042735588,0.8174084526943409
