target_id,prot_ps,prot_acf,prot_cs,e_prot_ps,E_prot_ps,e_prot_acf,E_prot_acf,e_prot_cs,E_prot_cs,sph_ps,sph_acf,sph_cs,e_sph_ps,e_sph_acf,e_sph_cs,h_ps,fa_prob_ps,hacf,gacf,hcs
9712943,5.518036877551961,16.898677749093622,1.3149092057486997,0.35317315018362605,0.35317315018362605,-1.0,-1.0,0.43564490589176336,0.43564490589176336,958.060844160432,1028.0593245185573,670.4269797606809,299.80360265893023,219.77794651927206,336.9277232129408,24.56668617650248,2.142021151083078e-11,0.40629184609856195,0.25044231936200473,0.6120461301324438
