target_id,prot_ps,prot_acf,prot_cs,e_prot_ps,E_prot_ps,e_prot_acf,E_prot_acf,e_prot_cs,E_prot_cs,sph_ps,sph_acf,sph_cs,e_sph_ps,e_sph_acf,e_sph_cs,h_ps,fa_prob_ps,hacf,gacf,hcs
9715765,0.1867310727551869,-1.0,1.6716216855002772,0.16371081174625723,0.16371081174625723,-1.0,-1.0,0.013928274317442903,0.013928274317442903,599.8718963885087,-1.0,697.8120023463434,117.74531604434758,-1.0,268.2049894032234,11.002752204788187,1.6655797485981812e-05,-1.0,-1.0,0.48533149933191816
