target_id,prot_ps,prot_acf,prot_cs,e_prot_ps,E_prot_ps,e_prot_acf,E_prot_acf,e_prot_cs,E_prot_cs,sph_ps,sph_acf,sph_cs,e_sph_ps,e_sph_acf,e_sph_cs,h_ps,fa_prob_ps,hacf,gacf,hcs
9760327,21.463427679376863,22.29314809665084,21.649779507728038,2.821973489087916,2.821973489087916,-1.0,-1.0,1.5918038222677946,1.5918038222677946,931.40298180493,945.217701733148,935.1348153912426,337.44959251755705,356.1271437770576,332.68411470132975,24.663426776050105,1.9445085018990252e-11,0.5637942493843675,0.2923463455037043,0.9292715342949814
