target_id,prot_ps,prot_acf,prot_cs,e_prot_ps,E_prot_ps,e_prot_acf,E_prot_acf,e_prot_cs,E_prot_cs,sph_ps,sph_acf,sph_cs,e_sph_ps,e_sph_acf,e_sph_cs,h_ps,fa_prob_ps,hacf,gacf,hcs
9726104,0.5954760251242268,-1.0,1.8987179830297827,7.3890560989225635,7.3890560989225635,-1.0,-1.0,1.0748935725078372,1.0748935725078372,518.9923765297458,-1.0,538.5321331693257,76.4187295289963,-1.0,67.71670440127225,12.437381013372578,3.967473700217114e-06,-1.0,-1.0,0.10105309598467423
