target_id,prot_ps,prot_acf,prot_cs,e_prot_ps,E_prot_ps,e_prot_acf,E_prot_acf,e_prot_cs,E_prot_cs,sph_ps,sph_acf,sph_cs,e_sph_ps,e_sph_acf,e_sph_cs,h_ps,fa_prob_ps,hacf,gacf,hcs
9771526,11.054177056592462,32.44864341430366,1.8813265737751501,6.0362069541953804,6.0362069541953804,-1.0,-1.0,0.38603428093458503,0.38603428093458503,1255.7425143254638,1302.9947081088446,896.0462254186269,418.38889609700004,349.0229436393774,387.52448299432837,24.522413463876912,2.238984822857777e-11,0.18636618295938834,0.11254450555944456,0.5725089950094947
