target_id,prot_ps,prot_acf,prot_cs,e_prot_ps,E_prot_ps,e_prot_acf,E_prot_acf,e_prot_cs,E_prot_cs,sph_ps,sph_acf,sph_cs,e_sph_ps,e_sph_acf,e_sph_cs,h_ps,fa_prob_ps,hacf,gacf,hcs
9764901,28.617911522620247,57.45951906964183,28.622603881733884,1.0726597964547475,1.0726597964547475,-1.0,-1.0,0.31627283106362736,0.31627283106362736,632.4239319613114,638.4515727951026,632.4167882935449,88.90212022475508,65.27226282296107,88.7807699993232,25.727247000941233,6.71117545341055e-12,0.19506017736405576,0.07132370628113742,0.9489378416216602
