target_id,prot_ps,prot_acf,prot_cs,e_prot_ps,E_prot_ps,e_prot_acf,E_prot_acf,e_prot_cs,E_prot_cs,sph_ps,sph_acf,sph_cs,e_sph_ps,e_sph_acf,e_sph_cs,h_ps,fa_prob_ps,hacf,gacf,hcs
9762947,2.984692997687662,52.02409276552498,0.9827816715567443,7.389056098930482,7.389056098930482,-1.0,-1.0,0.009083276960825594,0.009083276960825594,243.2121247232385,307.42133424201194,214.44914233024429,61.54929676656141,28.05694599684102,37.43841164700228,12.51046340817093,3.6878629715828242e-06,0.10162988282299834,0.020197278419517833,0.25484415589568415
