target_id,prot_ps,prot_acf,prot_cs,e_prot_ps,E_prot_ps,e_prot_acf,E_prot_acf,e_prot_cs,E_prot_cs,sph_ps,sph_acf,sph_cs,e_sph_ps,e_sph_acf,e_sph_cs,h_ps,fa_prob_ps,hacf,gacf,hcs
9715672,0.15424900020736682,-1.0,3.0043277982400207,0.2667479759734713,0.2667479759734713,-1.0,-1.0,0.14549378759066067,0.14549378759066067,783.2373756909394,-1.0,967.500023294888,127.29864798000759,-1.0,186.19645583979232,19.590293605552358,3.1048711948784325e-09,-1.0,-1.0,0.24376974470576968
