target_id,prot_ps,prot_acf,prot_cs,e_prot_ps,E_prot_ps,e_prot_acf,E_prot_acf,e_prot_cs,E_prot_cs,sph_ps,sph_acf,sph_cs,e_sph_ps,e_sph_acf,e_sph_cs,h_ps,fa_prob_ps,hacf,gacf,hcs
9755050,0.10100468993480205,52.04462960874662,3.155780367795378,0.129799806396646,0.129799806396646,-1.0,-1.0,1.8817679256047422,1.8817679256047422,248.69214378962735,328.6737958808769,285.27885139335996,44.855394659213104,50.83622966872267,51.606019903025896,12.888432350290175,2.527114676012278e-06,0.07506618936817809,0.022886079659828404,0.2890627158179934
