target_id,prot_ps,prot_acf,prot_cs,e_prot_ps,E_prot_ps,e_prot_acf,E_prot_acf,e_prot_cs,E_prot_cs,sph_ps,sph_acf,sph_cs,e_sph_ps,e_sph_acf,e_sph_cs,h_ps,fa_prob_ps,hacf,gacf,hcs
9712531,45.5950401457183,-1.0,28.628432495537385,7.389056098930647,7.389056098930647,-1.0,-1.0,0.30519486393211087,0.30519486393211087,679.2889507282996,-1.0,671.2022241243566,77.97606066786541,-1.0,100.20866043809185,14.009755998633413,8.234557699284205e-07,-1.0,-1.0,0.11813733944515634
