target_id,prot_ps,prot_acf,prot_cs,e_prot_ps,E_prot_ps,e_prot_acf,E_prot_acf,e_prot_cs,E_prot_cs,sph_ps,sph_acf,sph_cs,e_sph_ps,e_sph_acf,e_sph_cs,h_ps,fa_prob_ps,hacf,gacf,hcs
9723890,3.296822610696048,51.57521282881498,1.6304224372468887,7.389056098930649,7.389056098930649,-1.0,-1.0,0.3303866502790573,0.3303866502790573,396.8323280005319,444.93014279358096,374.41742154042095,68.127663115154,33.866416895357084,63.68447114385069,19.725505351417915,2.712201008550168e-09,0.04321990132030107,0.037607253596609824,0.33537028223180954
