target_id,prot_ps,prot_acf,prot_cs,e_prot_ps,E_prot_ps,e_prot_acf,E_prot_acf,e_prot_cs,E_prot_cs,sph_ps,sph_acf,sph_cs,e_sph_ps,e_sph_acf,e_sph_cs,h_ps,fa_prob_ps,hacf,gacf,hcs
9704715,54.07310692261091,-1.0,2.9512368954710047,3.9660815673696552,3.9660815673696552,-1.0,-1.0,0.20686572106163423,0.20686572106163423,847.9095822361389,-1.0,595.7941369630538,57.77487903041986,-1.0,112.44596623736271,15.15866094540294,2.6102205131310405e-07,-1.0,-1.0,0.26358637777485405
