target_id,prot_ps,prot_acf,prot_cs,e_prot_ps,E_prot_ps,e_prot_acf,E_prot_acf,e_prot_cs,E_prot_cs,sph_ps,sph_acf,sph_cs,e_sph_ps,e_sph_acf,e_sph_cs,h_ps,fa_prob_ps,hacf,gacf,hcs
9837432,0.181996081854434,-1.0,0.36759378173253504,0.19237854070237556,0.19237854070237556,-1.0,-1.0,0.012586121977504564,0.012586121977504564,702.5963487246851,-1.0,714.086513056908,81.27933682844157,-1.0,65.26061702925958,10.648644271793806,2.3732995288124194e-05,-1.0,-1.0,0.3088590810819481
