target_id,prot_ps,prot_acf,prot_cs,e_prot_ps,E_prot_ps,e_prot_acf,E_prot_acf,e_prot_cs,E_prot_cs,sph_ps,sph_acf,sph_cs,e_sph_ps,e_sph_acf,e_sph_cs,h_ps,fa_prob_ps,hacf,gacf,hcs
9823609,0.206933968286511,30.22149215033278,0.12169789733011714,0.32681755841799304,0.32681755841799304,-1.0,-1.0,0.015999666734887043,0.015999666734887043,62.83058028649914,209.12500274708614,58.950902596732526,16.425450119288048,87.70219614936879,13.80572115311387,13.433778447931243,1.4648196220866751e-06,0.3073416006758455,0.1265630671144576,2.1992646325914285
