target_id,prot_ps,prot_acf,prot_cs,e_prot_ps,E_prot_ps,e_prot_acf,E_prot_acf,e_prot_cs,E_prot_cs,sph_ps,sph_acf,sph_cs,e_sph_ps,e_sph_acf,e_sph_cs,h_ps,fa_prob_ps,hacf,gacf,hcs
9844393,2.9789551711422195,-1.0,2.9925636056810614,0.14474181309755463,0.14474181309755463,-1.0,-1.0,0.11120344564016083,0.11120344564016083,733.9194853679227,-1.0,724.5652020828863,105.62251632215516,-1.0,96.13432954964064,73.51217055268458,1.1859598220240944e-32,-1.0,-1.0,0.1544332085468003
