target_id,prot_ps,prot_acf,prot_cs,e_prot_ps,E_prot_ps,e_prot_acf,E_prot_acf,e_prot_cs,E_prot_cs,sph_ps,sph_acf,sph_cs,e_sph_ps,e_sph_acf,e_sph_cs,h_ps,fa_prob_ps,hacf,gacf,hcs
9833842,0.14190963510209967,-1.0,0.7429686104133724,7.389056098930649,7.389056098930649,-1.0,-1.0,0.36016490562741305,0.36016490562741305,310.87884530990385,-1.0,326.2457579990878,50.13863011180517,-1.0,41.26955294469454,14.074899321374915,7.715230248108007e-07,-1.0,-1.0,0.13940988843115731
