target_id,prot_ps,prot_acf,prot_cs,e_prot_ps,E_prot_ps,e_prot_acf,E_prot_acf,e_prot_cs,E_prot_cs,sph_ps,sph_acf,sph_cs,e_sph_ps,e_sph_acf,e_sph_cs,h_ps,fa_prob_ps,hacf,gacf,hcs
9837538,0.3797006070799398,11.6881058011204,1.153076591533609,0.6534909733157659,0.6534909733157659,-1.0,-1.0,1.0898655191678284,1.0898655191678284,2322.520630848371,2692.70485229041,2383.4980046431288,181.0485038484281,56.48759450506577,116.80989921381864,9.530767818596367,7.25838713450161e-05,0.0017875329090896895,0.012500590245191043,9.018168516485948
