target_id,prot_ps,prot_acf,prot_cs,e_prot_ps,E_prot_ps,e_prot_acf,E_prot_acf,e_prot_cs,E_prot_cs,sph_ps,sph_acf,sph_cs,e_sph_ps,e_sph_acf,e_sph_cs,h_ps,fa_prob_ps,hacf,gacf,hcs
9851638,1.3954199369996907,54.37486425647512,3.135596738127061,0.6370837698806022,0.6370837698806022,-1.0,-1.0,0.15165451103352628,0.15165451103352628,1127.5951431992003,2709.779124973224,1595.6859729859002,554.4655762201999,834.8149050712669,815.3692307378868,18.896892607593045,6.211318730463858e-09,0.22110691678320551,0.020489694570154867,21.67406876127309
