target_id,prot_ps,prot_acf,prot_cs,e_prot_ps,E_prot_ps,e_prot_acf,E_prot_acf,e_prot_cs,E_prot_cs,sph_ps,sph_acf,sph_cs,e_sph_ps,e_sph_acf,e_sph_cs,h_ps,fa_prob_ps,hacf,gacf,hcs
9892749,0.8125991257657729,2.4316178574226797,2.434122646660183,0.021328774391644306,0.021328774391644306,-1.0,-1.0,0.009092146060159125,0.009092146060159125,218.94161554692414,224.74856799760664,224.74856799760664,41.598437505269715,37.71040347743242,37.71040347743242,7073.827768390411,0.0,0.8184127589017429,0.7578102356839593,26.811825986508385
