target_id,prot_ps,prot_acf,prot_cs,e_prot_ps,E_prot_ps,e_prot_acf,E_prot_acf,e_prot_cs,E_prot_cs,sph_ps,sph_acf,sph_cs,e_sph_ps,e_sph_acf,e_sph_cs,h_ps,fa_prob_ps,hacf,gacf,hcs
9833033,4.833643101692437,-1.0,0.5985033373534678,5.121222833619733,5.121222833619733,-1.0,-1.0,0.013973438970868338,0.013973438970868338,717.5803190261688,-1.0,586.1391654406638,145.90846194636575,-1.0,78.11280689776366,14.123490268132567,7.34930229468465e-07,-1.0,-1.0,0.21585040688391738
