target_id,prot_ps,prot_acf,prot_cs,e_prot_ps,E_prot_ps,e_prot_acf,E_prot_acf,e_prot_cs,E_prot_cs,sph_ps,sph_acf,sph_cs,e_sph_ps,e_sph_acf,e_sph_cs,h_ps,fa_prob_ps,hacf,gacf,hcs
9880027,1.6955777087707329,5.1084335427731276,5.300101969297976,0.08952456325424624,0.08952456325424624,-1.0,-1.0,0.29200732940930274,0.29200732940930274,1160.6903438253028,1258.1986155771165,1260.1938899440036,440.5614881123589,375.51157653246617,359.9005985073257,78.37098169998951,9.20269664600796e-35,0.8159450044585344,0.6229089293136519,0.5558617952142143
