target_id,prot_ps,prot_acf,prot_cs,e_prot_ps,E_prot_ps,e_prot_acf,E_prot_acf,e_prot_cs,E_prot_cs,sph_ps,sph_acf,sph_cs,e_sph_ps,e_sph_acf,e_sph_cs,h_ps,fa_prob_ps,hacf,gacf,hcs
9848077,15.046260895084282,28.19879349321127,15.06420161389533,3.4191273614818822,3.4191273614818822,-1.0,-1.0,0.15583624894000453,0.15583624894000453,1673.6815616459662,1802.0042736758958,1726.7152074325013,535.8261838284628,477.56149389655656,525.5417640883484,25.700756884903697,6.891330904460365e-12,0.732907541667799,0.37244277960214445,0.5789712957966909
