target_id,prot_ps,prot_acf,prot_cs,e_prot_ps,E_prot_ps,e_prot_acf,E_prot_acf,e_prot_cs,E_prot_cs,sph_ps,sph_acf,sph_cs,e_sph_ps,e_sph_acf,e_sph_cs,h_ps,fa_prob_ps,hacf,gacf,hcs
9883500,4.502457267652343,9.052140112034976,9.019106893399082,0.1878119342860898,0.1878119342860898,-1.0,-1.0,0.2142366934828254,0.2142366934828254,2244.082942313197,2350.149829189629,2351.2096794188933,702.8237895045778,736.3976896959142,671.3688088801212,65.78445187280664,2.692623033831285e-29,0.7345605255000085,0.4891727651366248,0.7975579697899082
