target_id,prot_ps,prot_acf,prot_cs,e_prot_ps,E_prot_ps,e_prot_acf,E_prot_acf,e_prot_cs,E_prot_cs,sph_ps,sph_acf,sph_cs,e_sph_ps,e_sph_acf,e_sph_cs,h_ps,fa_prob_ps,hacf,gacf,hcs
9895255,0.13345788755989196,57.64355490123853,1.5478551165433598,0.2490457198926397,0.2490457198926397,-1.0,-1.0,0.3248415163677498,0.3248415163677498,498.79272382156915,850.6835028607743,577.3700124332242,83.31270635881975,124.97636957591538,98.25163152872173,13.89025193563861,9.279834525355792e-07,0.1127590959665318,0.011366139070600065,0.43820651811285305
