target_id,prot_ps,prot_acf,prot_cs,e_prot_ps,E_prot_ps,e_prot_acf,E_prot_acf,e_prot_cs,E_prot_cs,sph_ps,sph_acf,sph_cs,e_sph_ps,e_sph_acf,e_sph_cs,h_ps,fa_prob_ps,hacf,gacf,hcs
9875737,3.7154439376797646,3.7394279767759144,3.7246885044590052,0.13791177800522494,0.13791177800522494,-1.0,-1.0,0.0983280686459278,0.0983280686459278,2378.936959364361,2466.4045742286175,2464.5537566208613,344.7413044991215,296.8350088520179,301.8057374825775,213.1301444015657,2.746340359054009e-93,1.0248014984327338,0.5968704388297855,0.9829577143486571
