target_id,prot_ps,prot_acf,prot_cs,e_prot_ps,E_prot_ps,e_prot_acf,E_prot_acf,e_prot_cs,E_prot_cs,sph_ps,sph_acf,sph_cs,e_sph_ps,e_sph_acf,e_sph_cs,h_ps,fa_prob_ps,hacf,gacf,hcs
9907661,3.516899359744625,-1.0,3.517371233538805,1.9694247727062648,1.9694247727062648,-1.0,-1.0,0.09666677901790448,0.09666677901790448,517.2458629808025,-1.0,517.2458629808025,91.16342008949132,-1.0,91.16342008949132,13.127401015644281,1.9899500587580232e-06,-1.0,-1.0,0.25832188350883467
