target_id,prot_ps,prot_acf,prot_cs,e_prot_ps,E_prot_ps,e_prot_acf,E_prot_acf,e_prot_cs,E_prot_cs,sph_ps,sph_acf,sph_cs,e_sph_ps,e_sph_acf,e_sph_cs,h_ps,fa_prob_ps,hacf,gacf,hcs
9943255,54.05609448360454,-1.0,5.159504121400237,7.389056098930504,7.389056098930504,-1.0,-1.0,0.46926126122495226,0.46926126122495226,624.5032371152457,-1.0,528.0987794978447,58.85288517722516,-1.0,97.95463162161339,28.414071029265298,4.570100425716318e-13,-1.0,-1.0,0.13726909509777194
