target_id,prot_ps,prot_acf,prot_cs,e_prot_ps,E_prot_ps,e_prot_acf,E_prot_acf,e_prot_cs,E_prot_cs,sph_ps,sph_acf,sph_cs,e_sph_ps,e_sph_acf,e_sph_cs,h_ps,fa_prob_ps,hacf,gacf,hcs
9994925,0.20242524658182656,-1.0,3.1355470049427825,0.7767799106022567,0.7767799106022567,-1.0,-1.0,0.13642552532227564,0.13642552532227564,553.562168003542,-1.0,739.2435043804544,69.47734275753169,-1.0,193.95937383164693,13.951852175231299,8.725445052996633e-07,-1.0,-1.0,0.2645865913382528
