target_id,prot_ps,prot_acf,prot_cs,e_prot_ps,E_prot_ps,e_prot_acf,E_prot_acf,e_prot_cs,E_prot_cs,sph_ps,sph_acf,sph_cs,e_sph_ps,e_sph_acf,e_sph_cs,h_ps,fa_prob_ps,hacf,gacf,hcs
10053675,8.161238422496364,8.010016676038504,8.081323403945827,0.3937481812299761,0.3937481812299761,-1.0,-1.0,0.08247272645825753,0.08247272645825753,4414.250208537441,4413.033844891527,4412.764298490877,1575.2527403137958,1621.9085268969866,1581.6741651887348,258.2625041356669,6.886833309742045e-113,1.0375467642524698,0.6742397005423155,0.9106867616705288
