target_id,prot_ps,prot_acf,prot_cs,e_prot_ps,E_prot_ps,e_prot_acf,E_prot_acf,e_prot_cs,E_prot_cs,sph_ps,sph_acf,sph_cs,e_sph_ps,e_sph_acf,e_sph_cs,h_ps,fa_prob_ps,hacf,gacf,hcs
10031526,0.20867313914187138,-1.0,4.315568115988596,0.48252524090145016,0.48252524090145016,-1.0,-1.0,0.14132314426862444,0.14132314426862444,776.7516212434178,-1.0,865.868158574207,126.7863602213997,-1.0,140.4676809552645,15.082613901174419,2.816462739166143e-07,-1.0,-1.0,0.12675694339701124
