target_id,prot_ps,prot_acf,prot_cs,e_prot_ps,E_prot_ps,e_prot_acf,E_prot_acf,e_prot_cs,E_prot_cs,sph_ps,sph_acf,sph_cs,e_sph_ps,e_sph_acf,e_sph_cs,h_ps,fa_prob_ps,hacf,gacf,hcs
10019678,0.10617763491618577,-1.0,1.6304047885676844,0.14806889674286738,0.14806889674286738,-1.0,-1.0,1.1519293743919197,1.1519293743919197,343.1831290768893,-1.0,367.6078303662077,54.631643198452785,-1.0,36.28956196581058,12.510045419998105,3.6894047768936864e-06,-1.0,-1.0,0.1436672847049043
