target_id,prot_ps,prot_acf,prot_cs,e_prot_ps,E_prot_ps,e_prot_acf,E_prot_acf,e_prot_cs,E_prot_cs,sph_ps,sph_acf,sph_cs,e_sph_ps,e_sph_acf,e_sph_cs,h_ps,fa_prob_ps,hacf,gacf,hcs
10093588,0.12273178604654614,57.82794211991131,3.135582232615054,0.2028175613521889,0.2028175613521889,-1.0,-1.0,0.24443484186873657,0.24443484186873657,654.203829857442,795.5573849533341,712.2192305927531,128.4662478920442,88.47725586617746,107.33668724069372,16.83078884235814,4.9032188695349284e-08,0.05205625632861522,0.007932043502151636,0.3349573676169137
