target_id,prot_ps,prot_acf,prot_cs,e_prot_ps,E_prot_ps,e_prot_acf,E_prot_acf,e_prot_cs,E_prot_cs,sph_ps,sph_acf,sph_cs,e_sph_ps,e_sph_acf,e_sph_cs,h_ps,fa_prob_ps,hacf,gacf,hcs
10081565,21.463491697980892,20.883243961259723,21.49218342109419,3.2373654542787147,3.2373654542787147,-1.0,-1.0,0.23569404191178395,0.23569404191178395,1609.310319486214,1611.0273821778605,1608.561607146579,263.09413422292675,284.7626100277712,270.1247657011709,38.409153578914065,2.0850503465481292e-17,0.5490585571880406,0.2949942598094934,0.7328410675541894
