target_id,prot_ps,prot_acf,prot_cs,e_prot_ps,E_prot_ps,e_prot_acf,E_prot_acf,e_prot_cs,E_prot_cs,sph_ps,sph_acf,sph_cs,e_sph_ps,e_sph_acf,e_sph_cs,h_ps,fa_prob_ps,hacf,gacf,hcs
10002203,19.20308094028171,19.20765890739858,19.326141303779576,0.6864426758841062,0.6864426758841062,-1.0,-1.0,0.33009206905594,0.33009206905594,4575.824662312268,4575.31455999985,4643.263734569661,2651.491363989399,2652.598976672122,2774.006346331441,105.1467130462127,2.1645256356532457e-46,0.9991372719444978,0.5598692920400075,0.9997699686660684
