target_id,prot_ps,prot_acf,prot_cs,e_prot_ps,E_prot_ps,e_prot_acf,E_prot_acf,e_prot_cs,E_prot_cs,sph_ps,sph_acf,sph_cs,e_sph_ps,e_sph_acf,e_sph_cs,h_ps,fa_prob_ps,hacf,gacf,hcs
10098876,0.1049360587713447,17.900365171954036,0.14160905324388298,0.09728629887948133,0.09728629887948133,-1.0,-1.0,0.017892412485941134,0.017892412485941134,302.8337331935841,490.4245617067249,305.75052856365323,39.41564082032719,0.0,34.47418859312472,9.387602894103706,8.37559877658037e-05,0.21192362395784187,0.12050622858945245,0.044288955519952475
