target_id,prot_ps,prot_acf,prot_cs,e_prot_ps,E_prot_ps,e_prot_acf,E_prot_acf,e_prot_cs,E_prot_cs,sph_ps,sph_acf,sph_cs,e_sph_ps,e_sph_acf,e_sph_cs,h_ps,fa_prob_ps,hacf,gacf,hcs
10074605,0.6477422736336748,-1.0,1.0014459576084926,7.389056098929944,7.389056098929944,-1.0,-1.0,0.009716169526916884,0.009716169526916884,527.5787246672256,-1.0,540.2734747480292,100.76895615299411,-1.0,106.60249805902684,14.077742935316605,7.693322275481906e-07,-1.0,-1.0,0.19500435304450406
