target_id,prot_ps,prot_acf,prot_cs,e_prot_ps,E_prot_ps,e_prot_acf,E_prot_acf,e_prot_cs,E_prot_cs,sph_ps,sph_acf,sph_cs,e_sph_ps,e_sph_acf,e_sph_cs,h_ps,fa_prob_ps,hacf,gacf,hcs
10055337,9.009505093145101,8.766046189237386,8.981877347496063,0.37121970028794454,0.37121970028794454,-1.0,-1.0,0.1433076431881961,0.1433076431881961,6201.359460700723,6199.680503239196,6189.4872986213495,1894.888307776024,1922.5155238534173,1931.061290999964,402.20390553376916,2.113796754464936e-175,1.1889817920300012,0.6416253210010693,0.9598933864482525
