target_id,prot_ps,prot_acf,prot_cs,e_prot_ps,E_prot_ps,e_prot_acf,E_prot_acf,e_prot_cs,E_prot_cs,sph_ps,sph_acf,sph_cs,e_sph_ps,e_sph_acf,e_sph_cs,h_ps,fa_prob_ps,hacf,gacf,hcs
10004547,6.228733519357307,50.06252892781049,6.356510815862565,2.489993245648125,2.489993245648125,-1.0,-1.0,0.2854934515625247,0.2854934515625247,241.46186006302602,253.48680608859846,235.60844906798664,62.09484247865918,38.7732851117723,54.1031174997454,16.048006998400336,1.072603266062637e-07,0.06654220882626889,0.02419649030083294,0.9050556167659605
