target_id,prot_ps,prot_acf,prot_cs,e_prot_ps,E_prot_ps,e_prot_acf,E_prot_acf,e_prot_cs,E_prot_cs,sph_ps,sph_acf,sph_cs,e_sph_ps,e_sph_acf,e_sph_cs,h_ps,fa_prob_ps,hacf,gacf,hcs
10027180,13.900091817614598,10.707366744056344,14.054644885933957,1.2559022609916157,1.2559022609916157,-1.0,-1.0,0.8814625648436419,0.8814625648436419,840.4530713606753,842.4621431637538,849.1936831132047,124.88170326593509,139.06443808128176,132.942528995741,32.18931930078685,1.0479878592323495e-14,7.516871120533813e-05,0.08090120449591932,1.4210971938309673
