target_id,prot_ps,prot_acf,prot_cs,e_prot_ps,E_prot_ps,e_prot_acf,E_prot_acf,e_prot_cs,E_prot_cs,sph_ps,sph_acf,sph_cs,e_sph_ps,e_sph_acf,e_sph_cs,h_ps,fa_prob_ps,hacf,gacf,hcs
10029699,0.568567045009033,-1.0,1.816164861693978,2.0934555743816423,2.0934555743816423,-1.0,-1.0,1.8410687318997094,1.8410687318997094,541.551699331857,-1.0,613.4147629035018,144.66347978233415,-1.0,183.12242303476373,13.335168272820866,1.6166276551311355e-06,-1.0,-1.0,0.2354126457385126
