target_id,prot_ps,prot_acf,prot_cs,e_prot_ps,E_prot_ps,e_prot_acf,E_prot_acf,e_prot_cs,E_prot_cs,sph_ps,sph_acf,sph_cs,e_sph_ps,e_sph_acf,e_sph_cs,h_ps,fa_prob_ps,hacf,gacf,hcs
10007286,0.1190553076244083,59.666471146047115,2.9534903217293325,0.1869934141038958,0.1869934141038958,-1.0,-1.0,1.361566376459247,1.361566376459247,471.88754430441645,600.6043125725715,513.3350657311267,79.22065599300828,25.505334231892125,60.110277227609394,12.194122863963107,5.06010732728931e-06,0.12139004935215587,0.06614249016729487,0.2496904109492579
