target_id,prot_ps,prot_acf,prot_cs,e_prot_ps,E_prot_ps,e_prot_acf,E_prot_acf,e_prot_cs,E_prot_cs,sph_ps,sph_acf,sph_cs,e_sph_ps,e_sph_acf,e_sph_cs,h_ps,fa_prob_ps,hacf,gacf,hcs
10063218,0.13737666030537615,53.822286542505026,1.456511991173029,7.389056098134686,7.389056098134686,-1.0,-1.0,2.539260007043841,2.539260007043841,694.5188522046711,868.3314139794726,740.8591823285345,106.67941384279625,41.762331239192534,81.98227575699595,26.7105061374809,2.5105829531985552e-12,0.0036193014639082062,0.005800095302469818,0.02000714885170786
