target_id,prot_ps,prot_acf,prot_cs,e_prot_ps,E_prot_ps,e_prot_acf,E_prot_acf,e_prot_cs,E_prot_cs,sph_ps,sph_acf,sph_cs,e_sph_ps,e_sph_acf,e_sph_cs,h_ps,fa_prob_ps,hacf,gacf,hcs
10082384,5.0148012469814045,9.971651822328568,9.84434979189187,0.19012633296486317,0.19012633296486317,-1.0,-1.0,0.4309177412571492,0.4309177412571492,3247.833323863414,3423.928252174789,3433.9224392837928,1448.295054491363,1488.4088795115113,1490.1672609953794,156.502730452686,1.075790640636769e-68,0.7483593045026545,0.5355303632587662,0.9609601530458726
