target_id,prot_ps,prot_acf,prot_cs,e_prot_ps,E_prot_ps,e_prot_acf,E_prot_acf,e_prot_cs,E_prot_cs,sph_ps,sph_acf,sph_cs,e_sph_ps,e_sph_acf,e_sph_cs,h_ps,fa_prob_ps,hacf,gacf,hcs
10054402,0.6202676270099221,58.66350880684331,2.912946644201875,1.514226408006684,1.514226408006684,-1.0,-1.0,1.4838521410125256,1.4838521410125256,712.5177456951781,1411.6240512667478,954.2468823369164,130.52555113653474,0.0,312.2942910934848,14.53915877376297,4.84979713963552e-07,0.1330951353946339,0.05452043728555408,0.12260296388146544
