target_id,prot_ps,prot_acf,prot_cs,e_prot_ps,E_prot_ps,e_prot_acf,E_prot_acf,e_prot_cs,E_prot_cs,sph_ps,sph_acf,sph_cs,e_sph_ps,e_sph_acf,e_sph_cs,h_ps,fa_prob_ps,hacf,gacf,hcs
10058570,14.004671335490062,27.93286496028304,13.994919507054348,0.46333826086015445,0.46333826086015445,-1.0,-1.0,0.15628189562989903,0.15628189562989903,2458.520382290078,2446.4017008270735,2459.0268760065287,1176.684727532872,1127.9548905757608,1175.4623737632078,91.96993821547066,1.1427818443854065e-40,1.0406989379193479,0.6000613320053861,0.387373362382857
