target_id,prot_ps,prot_acf,prot_cs,e_prot_ps,E_prot_ps,e_prot_acf,E_prot_acf,e_prot_cs,E_prot_cs,sph_ps,sph_acf,sph_cs,e_sph_ps,e_sph_acf,e_sph_cs,h_ps,fa_prob_ps,hacf,gacf,hcs
10027386,0.28002948506975894,-1.0,1.5979261301964447,0.7847901121923502,0.7847901121923502,-1.0,-1.0,0.04458411255894935,0.04458411255894935,760.3467346434053,-1.0,810.4479497179103,108.70897155520191,-1.0,111.05668450862149,14.337657688345933,5.932454042788927e-07,-1.0,-1.0,0.19948230052902702
