target_id,prot_ps,prot_acf,prot_cs,e_prot_ps,E_prot_ps,e_prot_acf,E_prot_acf,e_prot_cs,E_prot_cs,sph_ps,sph_acf,sph_cs,e_sph_ps,e_sph_acf,e_sph_cs,h_ps,fa_prob_ps,hacf,gacf,hcs
10068307,19.092408571115644,38.088981326669455,0.24275595394894484,7.224319896729274,7.224319896729274,-1.0,-1.0,0.013279678187183995,0.013279678187183995,150.5948743772105,152.74147260868753,50.57443603052054,33.33430948437524,26.017906719567154,10.270922323415466,28.509670373302868,4.1534355519809996e-13,0.27353507111394504,0.13437509000372796,42.928650688880005
