target_id,prot_ps,prot_acf,prot_cs,e_prot_ps,E_prot_ps,e_prot_acf,E_prot_acf,e_prot_cs,E_prot_cs,sph_ps,sph_acf,sph_cs,e_sph_ps,e_sph_acf,e_sph_cs,h_ps,fa_prob_ps,hacf,gacf,hcs
10132417,4.980552010765742,9.951235798187554,4.942404934282719,0.1951942742945519,0.1951942742945519,-1.0,-1.0,0.07392499250827056,0.07392499250827056,2288.9137133627755,2426.505523807213,2316.4311864536326,861.5192001526249,756.8617943925238,828.4886829924859,102.72524761222698,2.437764845386858e-45,0.8596155718120231,0.5465746656821548,0.3578323115675389
