target_id,prot_ps,prot_acf,prot_cs,e_prot_ps,E_prot_ps,e_prot_acf,E_prot_acf,e_prot_cs,E_prot_cs,sph_ps,sph_acf,sph_cs,e_sph_ps,e_sph_acf,e_sph_cs,h_ps,fa_prob_ps,hacf,gacf,hcs
10192963,52.113013291791084,59.66645482927561,2.983457234790879,7.389056098930649,7.389056098930649,-1.0,-1.0,0.04788476884251313,0.04788476884251313,681.7583347734214,677.8176879868927,551.9335626813223,137.52038393347323,177.86711961426562,115.25283856425992,15.557609271673636,1.7515241982418396e-07,0.22329532330992607,0.14967266624365813,0.18810036549354728
