target_id,prot_ps,prot_acf,prot_cs,e_prot_ps,E_prot_ps,e_prot_acf,E_prot_acf,e_prot_cs,E_prot_cs,sph_ps,sph_acf,sph_cs,e_sph_ps,e_sph_acf,e_sph_cs,h_ps,fa_prob_ps,hacf,gacf,hcs
10145789,28.617993525010256,-1.0,0.9699875927064566,7.389056098930649,7.389056098930649,-1.0,-1.0,0.6387124336711196,0.6387124336711196,672.443778513864,-1.0,588.4585112329202,63.729810324273295,-1.0,95.24174592369846,13.39947720645926,1.5159364267888127e-06,-1.0,-1.0,0.06752956246179795
