target_id,prot_ps,prot_acf,prot_cs,e_prot_ps,E_prot_ps,e_prot_acf,E_prot_acf,e_prot_cs,E_prot_cs,sph_ps,sph_acf,sph_cs,e_sph_ps,e_sph_acf,e_sph_cs,h_ps,fa_prob_ps,hacf,gacf,hcs
10136999,1.5343090519641922,-1.0,1.547888027038425,1.2676971981791114,1.2676971981791114,-1.0,-1.0,1.328871420747476,1.328871420747476,521.787530073081,-1.0,515.6228125916133,70.26190245674259,-1.0,63.70177488254369,16.69361984686984,5.624099785122305e-08,-1.0,-1.0,0.1309874380940955
