target_id,prot_ps,prot_acf,prot_cs,e_prot_ps,E_prot_ps,e_prot_acf,E_prot_acf,e_prot_cs,E_prot_cs,sph_ps,sph_acf,sph_cs,e_sph_ps,e_sph_acf,e_sph_cs,h_ps,fa_prob_ps,hacf,gacf,hcs
10190048,13.640336200703699,13.77229571621865,13.643489663271065,0.4190049300323171,0.4190049300323171,-1.0,-1.0,0.07675311520806767,0.07675311520806767,2729.897461744744,2756.4034172190936,2763.4205710574965,731.1720527974594,736.2909987772896,731.732749027911,277.5214697406346,2.9782220997286495e-121,0.9360433814098814,0.5510260201048249,0.9305068251980211
