target_id,prot_ps,prot_acf,prot_cs,e_prot_ps,E_prot_ps,e_prot_acf,E_prot_acf,e_prot_cs,E_prot_cs,sph_ps,sph_acf,sph_cs,e_sph_ps,e_sph_acf,e_sph_cs,h_ps,fa_prob_ps,hacf,gacf,hcs
10160162,0.4362842391009781,-1.0,1.7955246605817226,1.5996827362354296,1.5996827362354296,-1.0,-1.0,2.7381689403461165,2.7381689403461165,811.4460443577908,-1.0,849.0717641632937,107.94056622320316,-1.0,108.93228672664279,15.168730977487138,2.5840674111106257e-07,-1.0,-1.0,0.11331284878028433
