target_id,prot_ps,prot_acf,prot_cs,e_prot_ps,E_prot_ps,e_prot_acf,E_prot_acf,e_prot_cs,E_prot_cs,sph_ps,sph_acf,sph_cs,e_sph_ps,e_sph_acf,e_sph_cs,h_ps,fa_prob_ps,hacf,gacf,hcs
10191981,19.993380366038426,20.2906610397622,20.204635175736616,2.084155191459501,2.084155191459501,-1.0,-1.0,1.3544963449562872,1.3544963449562872,2013.8795590197767,1993.4731307917684,2034.4742332187707,616.2434111015592,588.5746058889038,571.4398730628706,30.001745533525547,9.341303171748827e-14,0.7039364258986582,0.3446634659377481,0.9759529181986495
