target_id,prot_ps,prot_acf,prot_cs,e_prot_ps,E_prot_ps,e_prot_acf,E_prot_acf,e_prot_cs,E_prot_cs,sph_ps,sph_acf,sph_cs,e_sph_ps,e_sph_acf,e_sph_cs,h_ps,fa_prob_ps,hacf,gacf,hcs
10158520,0.1944106604894822,41.37869831174612,1.5576781097809507,7.389056097354836,7.389056097354836,-1.0,-1.0,1.0489088682052512,1.0489088682052512,330.3921742344149,1053.3790712631867,540.1492220661977,73.32243485537619,260.2929984475126,244.26748914260588,15.760691856942387,1.4296130225042287e-07,0.25477727485891355,0.15107869196184107,0.38089835712336123
