target_id,prot_ps,prot_acf,prot_cs,e_prot_ps,E_prot_ps,e_prot_acf,E_prot_acf,e_prot_cs,E_prot_cs,sph_ps,sph_acf,sph_cs,e_sph_ps,e_sph_acf,e_sph_cs,h_ps,fa_prob_ps,hacf,gacf,hcs
10199528,13.385729519453221,40.94907263293862,0.5985021643806061,7.389056098929646,7.389056098929646,-1.0,-1.0,0.015319761935871564,0.015319761935871564,624.7426665595591,645.4089652874839,293.389510700995,184.4583274740607,131.77095805643702,48.74720444550552,14.287716853795697,6.236248484401309e-07,0.22826936123050082,0.11416595201047906,4.8290258707072065
