target_id,prot_ps,prot_acf,prot_cs,e_prot_ps,E_prot_ps,e_prot_acf,E_prot_acf,e_prot_cs,E_prot_cs,sph_ps,sph_acf,sph_cs,e_sph_ps,e_sph_acf,e_sph_cs,h_ps,fa_prob_ps,hacf,gacf,hcs
10196750,4.067134483061821,4.045878628268838,4.029843552857042,0.13367017163863346,0.13367017163863346,-1.0,-1.0,0.03680183334697855,0.03680183334697855,10795.832920624911,10799.718921885718,10761.238462121786,3822.1282206201827,3783.2096164219574,3789.1759078896534,932.9599355397497,0.0,1.4871393197145546,0.8544182371272909,0.7757419154389261
