target_id,prot_ps,prot_acf,prot_cs,e_prot_ps,E_prot_ps,e_prot_acf,E_prot_acf,e_prot_cs,E_prot_cs,sph_ps,sph_acf,sph_cs,e_sph_ps,e_sph_acf,e_sph_cs,h_ps,fa_prob_ps,hacf,gacf,hcs
10197488,2.345316991403626,-1.0,0.8255192108452319,1.587200335723267,1.587200335723267,-1.0,-1.0,0.6867131125645661,0.6867131125645661,689.9900546156924,-1.0,632.073418167224,212.8652039622026,-1.0,134.44519851305637,9.427854443861628,8.045162837791886e-05,-1.0,-1.0,0.20031553248073417
