target_id,prot_ps,prot_acf,prot_cs,e_prot_ps,E_prot_ps,e_prot_acf,E_prot_acf,e_prot_cs,E_prot_cs,sph_ps,sph_acf,sph_cs,e_sph_ps,e_sph_acf,e_sph_cs,h_ps,fa_prob_ps,hacf,gacf,hcs
10290546,1.718021995833016,3.432895503938198,3.437060976352203,0.06353876349911358,0.06353876349911358,-1.0,-1.0,0.06672200866748285,0.06672200866748285,814.5877678813537,846.663711054518,856.3787965572199,258.83598717248145,255.11212402513317,241.60815473137805,196.72109956958676,3.673770165820833e-86,0.67918531790527,0.6557311813299099,0.2325878643379186
