target_id,prot_ps,prot_acf,prot_cs,e_prot_ps,E_prot_ps,e_prot_acf,E_prot_acf,e_prot_cs,E_prot_cs,sph_ps,sph_acf,sph_cs,e_sph_ps,e_sph_acf,e_sph_cs,h_ps,fa_prob_ps,hacf,gacf,hcs
10200957,1.2954812112098228,56.11083071958274,1.2860066089514741,1.357963712323289,1.357963712323289,-1.0,-1.0,0.00991083629929442,0.00991083629929442,428.2035109848197,712.144441848435,424.2675586522507,137.19161104069332,84.79433050537483,126.81746902932707,14.676850728934019,4.225953526216963e-07,0.10103415266813706,0.09961036017475655,1.8388885100674905
