target_id,prot_ps,prot_acf,prot_cs,e_prot_ps,E_prot_ps,e_prot_acf,E_prot_acf,e_prot_cs,E_prot_cs,sph_ps,sph_acf,sph_cs,e_sph_ps,e_sph_acf,e_sph_cs,h_ps,fa_prob_ps,hacf,gacf,hcs
10255922,4.787268508324606,14.201502855867147,2.394251338438721,0.2107349938009202,0.2107349938009202,-1.0,-1.0,0.051680053834925875,0.051680053834925875,2742.297729777485,2910.39301902167,2470.637130167845,322.61158553634306,0.0,546.8451221859074,18.726908853913745,7.362186614899465e-09,0.6929455400099993,0.6116544683585692,0.4547971471540267
