target_id,prot_ps,prot_acf,prot_cs,e_prot_ps,E_prot_ps,e_prot_acf,E_prot_acf,e_prot_cs,E_prot_cs,sph_ps,sph_acf,sph_cs,e_sph_ps,e_sph_acf,e_sph_cs,h_ps,fa_prob_ps,hacf,gacf,hcs
10287194,0.10359451889418436,-1.0,0.6169999853239584,0.16282195228667962,0.16282195228667962,-1.0,-1.0,0.011141677627844416,0.011141677627844416,467.2626889088906,-1.0,485.45132119693056,83.27593589549248,-1.0,57.10207239652094,14.343029325189844,5.900672489977876e-07,-1.0,-1.0,0.11725253991987653
