target_id,prot_ps,prot_acf,prot_cs,e_prot_ps,E_prot_ps,e_prot_acf,E_prot_acf,e_prot_cs,E_prot_cs,sph_ps,sph_acf,sph_cs,e_sph_ps,e_sph_acf,e_sph_cs,h_ps,fa_prob_ps,hacf,gacf,hcs
10266895,26.530806222026936,53.434049249626696,1.4576772956147994,1.2457939251688661,1.2457939251688661,-1.0,-1.0,0.030639828146459883,0.030639828146459883,1303.3750708887644,1297.8588936328981,828.1103665950163,197.974023704556,131.74497139836208,164.45999833369856,32.484580500798636,7.800562871557006e-15,0.16303361828940033,0.15258133788742667,0.40042962933553866
