target_id,prot_ps,prot_acf,prot_cs,e_prot_ps,E_prot_ps,e_prot_acf,E_prot_acf,e_prot_cs,E_prot_cs,sph_ps,sph_acf,sph_cs,e_sph_ps,e_sph_acf,e_sph_cs,h_ps,fa_prob_ps,hacf,gacf,hcs
10280172,0.1809087934143572,-1.0,9.6959482829283,0.5050208746811684,0.5050208746811684,-1.0,-1.0,0.21044133677472532,0.21044133677472532,611.244162987865,-1.0,756.409995318665,94.27391199923187,-1.0,157.9763683376726,14.6499107755282,4.341347897827996e-07,-1.0,-1.0,0.11017193031605486
