target_id,prot_ps,prot_acf,prot_cs,e_prot_ps,E_prot_ps,e_prot_acf,E_prot_acf,e_prot_cs,E_prot_cs,sph_ps,sph_acf,sph_cs,e_sph_ps,e_sph_acf,e_sph_cs,h_ps,fa_prob_ps,hacf,gacf,hcs
10291734,6.701152918426726,6.702316280454397,6.6331564931714215,0.2638765801898964,0.2638765801898964,-1.0,-1.0,0.01791392568956684,0.01791392568956684,1463.7869912560152,1499.5096867270868,1433.7200696549553,536.8461135584787,507.4058956535679,541.7162026329445,508.15284824175177,2.0512663003437375e-221,0.9847078173326401,0.6673871587586191,0.7783835664321062
