target_id,prot_ps,prot_acf,prot_cs,e_prot_ps,E_prot_ps,e_prot_acf,E_prot_acf,e_prot_cs,E_prot_cs,sph_ps,sph_acf,sph_cs,e_sph_ps,e_sph_acf,e_sph_cs,h_ps,fa_prob_ps,hacf,gacf,hcs
10264259,0.29248839099826157,59.11466093547642,2.710733121223748,0.27870177979817967,0.27870177979817967,-1.0,-1.0,0.3236341810860129,0.3236341810860129,419.2015613364357,548.2748410099538,454.80608634210483,57.042505170979815,86.44153392528617,85.00892759610576,13.576557614925074,1.2699187766596953e-06,0.09225324542318301,0.013314210096077984,0.16742955622404154
