target_id,prot_ps,prot_acf,prot_cs,e_prot_ps,E_prot_ps,e_prot_acf,E_prot_acf,e_prot_cs,E_prot_cs,sph_ps,sph_acf,sph_cs,e_sph_ps,e_sph_acf,e_sph_cs,h_ps,fa_prob_ps,hacf,gacf,hcs
10288654,1.7719411695888099,-1.0,2.1156022719563685,0.5951989312201328,0.5951989312201328,-1.0,-1.0,0.39470206630329757,0.39470206630329757,320.31442081162277,-1.0,330.73675061734144,82.81277362454257,-1.0,84.68450971493951,25.934835359865446,5.4531081892431185e-12,-1.0,-1.0,0.26994674946977104
