target_id,prot_ps,prot_acf,prot_cs,e_prot_ps,E_prot_ps,e_prot_acf,E_prot_acf,e_prot_cs,E_prot_cs,sph_ps,sph_acf,sph_cs,e_sph_ps,e_sph_acf,e_sph_cs,h_ps,fa_prob_ps,hacf,gacf,hcs
10362937,9.237339794071378,9.15444266796112,9.195460388388446,0.3698776157111098,0.3698776157111098,-1.0,-1.0,0.23361407805819864,0.23361407805819864,1619.5680808645518,1643.3151306907466,1660.3892481865696,639.8278863026206,603.1809233062144,618.7633627081265,134.3637866977936,4.431480774682523e-59,0.9142401301438869,0.5040919535472869,0.98186819071893
