target_id,prot_ps,prot_acf,prot_cs,e_prot_ps,E_prot_ps,e_prot_acf,E_prot_acf,e_prot_cs,E_prot_cs,sph_ps,sph_acf,sph_cs,e_sph_ps,e_sph_acf,e_sph_cs,h_ps,fa_prob_ps,hacf,gacf,hcs
10334567,28.609379305982575,-1.0,0.4948786288694951,7.389056098930647,7.389056098930647,-1.0,-1.0,0.013004489892339658,0.013004489892339658,632.2782868995298,-1.0,547.9004560814376,49.28665020157343,-1.0,55.9468253452692,16.438197726375485,7.260749188906942e-08,-1.0,-1.0,0.09930957752557462
