target_id,prot_ps,prot_acf,prot_cs,e_prot_ps,E_prot_ps,e_prot_acf,E_prot_acf,e_prot_cs,E_prot_cs,sph_ps,sph_acf,sph_cs,e_sph_ps,e_sph_acf,e_sph_cs,h_ps,fa_prob_ps,hacf,gacf,hcs
10354884,0.2002075723821812,52.55603018589318,2.856523996695633,0.2602717531055451,0.2602717531055451,-1.0,-1.0,0.012443702635557627,0.012443702635557627,598.0885591337515,846.3489984507964,679.7252149243958,109.27425175158683,263.6968939285346,196.45550411881672,23.4288756866088,6.682955543473667e-11,0.1710734771549738,0.10378380938336502,0.12391722599307274
