target_id,prot_ps,prot_acf,prot_cs,e_prot_ps,E_prot_ps,e_prot_acf,E_prot_acf,e_prot_cs,E_prot_cs,sph_ps,sph_acf,sph_cs,e_sph_ps,e_sph_acf,e_sph_cs,h_ps,fa_prob_ps,hacf,gacf,hcs
10324652,0.23046216193219532,-1.0,0.2889323163963854,0.24625151991245883,0.24625151991245883,-1.0,-1.0,0.016240291373195864,0.016240291373195864,368.4111973149043,-1.0,370.9901042231953,50.827369531499045,-1.0,48.894645109132505,11.742210944702173,7.951015157345694e-06,-1.0,-1.0,0.2157323787855676
