target_id,prot_ps,prot_acf,prot_cs,e_prot_ps,E_prot_ps,e_prot_acf,E_prot_acf,e_prot_cs,E_prot_cs,sph_ps,sph_acf,sph_cs,e_sph_ps,e_sph_acf,e_sph_cs,h_ps,fa_prob_ps,hacf,gacf,hcs
10346936,0.5577597830110046,-1.0,2.635555341347295,0.5961198986235313,0.5961198986235313,-1.0,-1.0,0.010164301197934976,0.010164301197934976,289.6458553382851,-1.0,339.6198895129489,55.66395776826139,-1.0,58.421690310705266,16.340089445371888,8.009203344995988e-08,-1.0,-1.0,0.22806112056707298
