target_id,prot_ps,prot_acf,prot_cs,e_prot_ps,E_prot_ps,e_prot_acf,E_prot_acf,e_prot_cs,E_prot_cs,sph_ps,sph_acf,sph_cs,e_sph_ps,e_sph_acf,e_sph_cs,h_ps,fa_prob_ps,hacf,gacf,hcs
10319081,54.05592061898999,54.35360159724951,2.9749725863625884,7.389056098930647,7.389056098930647,-1.0,-1.0,0.03576357217628807,0.03576357217628807,384.05961694662864,381.7506041508683,301.1474742538432,50.43546162935045,54.874256697250736,89.51372382320801,18.292159700490306,1.1371453505144778e-08,0.15032946421661084,0.05050087464901705,0.29460381627865656
