target_id,prot_ps,prot_acf,prot_cs,e_prot_ps,E_prot_ps,e_prot_acf,E_prot_acf,e_prot_cs,E_prot_cs,sph_ps,sph_acf,sph_cs,e_sph_ps,e_sph_acf,e_sph_cs,h_ps,fa_prob_ps,hacf,gacf,hcs
10352450,0.18131717617646248,-1.0,1.530486285481103,7.389056098930591,7.389056098930591,-1.0,-1.0,0.010747905130191951,0.010747905130191951,422.81845471995604,-1.0,469.2254744577321,64.4785300381017,-1.0,67.68814633941189,15.659003999340042,1.582635747263032e-07,-1.0,-1.0,0.21792582696715349
