target_id,prot_ps,prot_acf,prot_cs,e_prot_ps,E_prot_ps,e_prot_acf,E_prot_acf,e_prot_cs,E_prot_cs,sph_ps,sph_acf,sph_cs,e_sph_ps,e_sph_acf,e_sph_cs,h_ps,fa_prob_ps,hacf,gacf,hcs
10398907,15.046551051056804,14.957445692270994,15.071922012950823,0.6043365171866036,0.6043365171866036,-1.0,-1.0,0.13207813841964783,0.13207813841964783,2460.474973430845,2454.505015240723,2410.690160866343,838.6457407159212,825.011779871713,846.4354809482212,113.58894153438547,4.666051054333523e-50,0.915292415634864,0.49917316737753636,0.9558710641743334
