target_id,prot_ps,prot_acf,prot_cs,e_prot_ps,E_prot_ps,e_prot_acf,E_prot_acf,e_prot_cs,E_prot_cs,sph_ps,sph_acf,sph_cs,e_sph_ps,e_sph_acf,e_sph_cs,h_ps,fa_prob_ps,hacf,gacf,hcs
10340576,0.9325513435704936,50.67582242190838,2.8725835145451164,0.722664800937119,0.722664800937119,-1.0,-1.0,0.28498558647421396,0.28498558647421396,315.48438273954247,374.1361734916882,334.63431174372374,49.061399765929046,39.728251646091216,58.26093040985094,48.424895127350645,9.318269341835811e-22,0.0735144880622002,0.02965633595133803,0.1187585900746267
