target_id,prot_ps,prot_acf,prot_cs,e_prot_ps,E_prot_ps,e_prot_acf,E_prot_acf,e_prot_cs,E_prot_cs,sph_ps,sph_acf,sph_cs,e_sph_ps,e_sph_acf,e_sph_cs,h_ps,fa_prob_ps,hacf,gacf,hcs
10321319,0.3008525623530244,54.006417259108275,1.3414760851534082,0.46904408470304243,0.46904408470304243,-1.0,-1.0,0.18849844135183738,0.18849844135183738,83.0874994331377,135.721510325155,91.10875344061171,12.234567087529822,26.735150554505207,20.844367363133593,13.852586537364589,9.636029185957098e-07,0.2354434533949494,0.15274840933599101,0.20448909044093566
