target_id,prot_ps,prot_acf,prot_cs,e_prot_ps,E_prot_ps,e_prot_acf,E_prot_acf,e_prot_cs,E_prot_cs,sph_ps,sph_acf,sph_cs,e_sph_ps,e_sph_acf,e_sph_cs,h_ps,fa_prob_ps,hacf,gacf,hcs
10328796,1.4938755093191007,-1.0,28.644935642440494,7.389056098928881,7.389056098928881,-1.0,-1.0,0.3252635724298433,0.3252635724298433,274.28662538701366,-1.0,327.59495140294763,25.599884148556544,-1.0,74.67910707686349,13.479838238424092,1.3988805638742868e-06,-1.0,-1.0,0.13867332483237071
