target_id,prot_ps,prot_acf,prot_cs,e_prot_ps,E_prot_ps,e_prot_acf,E_prot_acf,e_prot_cs,E_prot_cs,sph_ps,sph_acf,sph_cs,e_sph_ps,e_sph_acf,e_sph_cs,h_ps,fa_prob_ps,hacf,gacf,hcs
10467823,0.9432258172350257,29.588026851415634,0.6294283328836422,0.87241012174665,0.87241012174665,-1.0,-1.0,0.011669049168294709,0.011669049168294709,724.4817042641723,1424.052893793041,653.2583346930694,370.0275192144528,467.3889427790402,294.96810624389263,15.4059071487389,2.0384475275291267e-07,0.22411395683334434,0.057000912068483706,0.3206843966609788
