target_id,prot_ps,prot_acf,prot_cs,e_prot_ps,E_prot_ps,e_prot_acf,E_prot_acf,e_prot_cs,E_prot_cs,sph_ps,sph_acf,sph_cs,e_sph_ps,e_sph_acf,e_sph_cs,h_ps,fa_prob_ps,hacf,gacf,hcs
10427522,4.612733625058199,9.215709877200425,9.153750188373378,0.21556772318968942,0.21556772318968942,-1.0,-1.0,0.33967525263711523,0.33967525263711523,2146.7372627319055,2223.771409623352,2355.991552299897,970.4214499628146,946.0568399534529,907.8368996539647,240.62492520652825,3.1471886360915364e-105,0.864683920269891,0.5957335774587671,0.5101058929070081
