target_id,prot_ps,prot_acf,prot_cs,e_prot_ps,E_prot_ps,e_prot_acf,E_prot_acf,e_prot_cs,E_prot_cs,sph_ps,sph_acf,sph_cs,e_sph_ps,e_sph_acf,e_sph_cs,h_ps,fa_prob_ps,hacf,gacf,hcs
10401967,0.5491957123063077,13.813134731724858,0.9305475675780327,0.38618050712734164,0.38618050712734164,-1.0,-1.0,0.6123105192008625,0.6123105192008625,1396.956778205663,2512.2029238208424,1536.7675955294085,120.06595565915337,0.0,250.81270264363457,6.634614861786324,0.00131408475196638,0.04876867160825861,0.06385899634041492,0.6382511125626209
