target_id,prot_ps,prot_acf,prot_cs,e_prot_ps,E_prot_ps,e_prot_acf,E_prot_acf,e_prot_cs,E_prot_cs,sph_ps,sph_acf,sph_cs,e_sph_ps,e_sph_acf,e_sph_cs,h_ps,fa_prob_ps,hacf,gacf,hcs
10480715,12.053180222150177,8.275749657768756,12.054593540186104,0.3989964639767285,0.3989964639767285,-1.0,-1.0,0.054567950047589006,0.054567950047589006,209.02014610782197,203.066021945051,209.02014610782197,45.12663739107048,45.468573681626154,45.12663739107048,115.01405398146511,1.1220985845261535e-50,4.239162810593111e-05,0.14471560385851823,0.9379140029021891
