target_id,prot_ps,prot_acf,prot_cs,e_prot_ps,E_prot_ps,e_prot_acf,E_prot_acf,e_prot_cs,E_prot_cs,sph_ps,sph_acf,sph_cs,e_sph_ps,e_sph_acf,e_sph_cs,h_ps,fa_prob_ps,hacf,gacf,hcs
10456424,0.1062877894610736,54.536092882975936,2.7980656707612592,0.32341552607206947,0.32341552607206947,-1.0,-1.0,0.016336551365520154,0.016336551365520154,457.00616304271836,554.4209596957905,496.5373536842217,69.36433613299877,22.81975580578972,46.06041240300774,12.218011688203227,4.940659724540762e-06,0.06748844162379897,0.02779206942221941,0.3481104013930542
