target_id,prot_ps,prot_acf,prot_cs,e_prot_ps,E_prot_ps,e_prot_acf,E_prot_acf,e_prot_cs,E_prot_cs,sph_ps,sph_acf,sph_cs,e_sph_ps,e_sph_acf,e_sph_cs,h_ps,fa_prob_ps,hacf,gacf,hcs
10412074,47.0683175519193,57.15306721208617,28.55886199448554,7.389056098930649,7.389056098930649,-1.0,-1.0,1.6829022117969727,1.6829022117969727,488.5471397866997,487.39812524456465,482.3860690942946,44.458275355007345,42.285298519227815,59.6793134003836,19.674420140811428,2.854354423392462e-09,0.10416167748618942,0.004871365220156185,0.6059190885735156
