target_id,prot_ps,prot_acf,prot_cs,e_prot_ps,E_prot_ps,e_prot_acf,E_prot_acf,e_prot_cs,E_prot_cs,sph_ps,sph_acf,sph_cs,e_sph_ps,e_sph_acf,e_sph_cs,h_ps,fa_prob_ps,hacf,gacf,hcs
10490558,4.042153298786498,4.045919934287667,4.045593923357813,0.10967956830852056,0.10967956830852056,-1.0,-1.0,0.010322698179320015,0.010322698179320015,409.58677434602095,408.50051109067385,409.58677434602095,50.05879784417601,50.01394641188907,50.05879784417601,3627.5734142787996,0.0,1.1761689338682602,0.8289083776560925,0.47141728497962276
