target_id,prot_ps,prot_acf,prot_cs,e_prot_ps,E_prot_ps,e_prot_acf,E_prot_acf,e_prot_cs,E_prot_cs,sph_ps,sph_acf,sph_cs,e_sph_ps,e_sph_acf,e_sph_cs,h_ps,fa_prob_ps,hacf,gacf,hcs
10460062,10.278263641197674,20.27018992602825,10.26662726488278,0.5382108822027232,0.5382108822027232,-1.0,-1.0,0.06122883616031711,0.06122883616031711,2034.3536155658294,2063.1219437868644,2037.3696963411364,713.0514692773994,664.6180300769784,723.6695005524222,34.4442758410642,1.0991097718709087e-15,0.6447875529124181,0.3598583039723759,0.39995318900641186
