target_id,prot_ps,prot_acf,prot_cs,e_prot_ps,E_prot_ps,e_prot_acf,E_prot_acf,e_prot_cs,E_prot_cs,sph_ps,sph_acf,sph_cs,e_sph_ps,e_sph_acf,e_sph_cs,h_ps,fa_prob_ps,hacf,gacf,hcs
10449049,54.05580834654213,-1.0,3.3378383823903284,2.9083307894404427,2.9083307894404427,-1.0,-1.0,0.27924534996743866,0.27924534996743866,710.8883537942198,-1.0,608.3593348751463,45.315592258711476,-1.0,67.70879476123183,17.215915923386618,3.3359744332249805e-08,-1.0,-1.0,0.1587590231171726
