target_id,prot_ps,prot_acf,prot_cs,e_prot_ps,E_prot_ps,e_prot_acf,E_prot_acf,e_prot_cs,E_prot_cs,sph_ps,sph_acf,sph_cs,e_sph_ps,e_sph_acf,e_sph_cs,h_ps,fa_prob_ps,hacf,gacf,hcs
10582625,0.263629578394868,54.41441654972732,0.26686979080792317,0.4969082480032439,0.4969082480032439,-1.0,-1.0,0.015140431546850538,0.015140431546850538,770.5616414498315,1321.2026913536492,772.6916661530905,90.93249220814086,0.0,92.87262920384549,12.070893878265096,5.7237070417576265e-06,0.19586798854500959,0.12660822167810565,0.14915292940334748
