target_id,prot_ps,prot_acf,prot_cs,e_prot_ps,E_prot_ps,e_prot_acf,E_prot_acf,e_prot_cs,E_prot_cs,sph_ps,sph_acf,sph_cs,e_sph_ps,e_sph_acf,e_sph_cs,h_ps,fa_prob_ps,hacf,gacf,hcs
10538626,0.21990034640399694,30.037605660036206,1.7129608724359422,0.20377381279579238,0.20377381279579238,-1.0,-1.0,0.1992746954952075,0.1992746954952075,71.26065607291382,243.47991425054843,150.79092715375597,20.063130797927332,83.00808186250308,84.20192768423318,12.365689486496084,4.26235179058631e-06,0.43543082905204283,0.1767477632295212,1.8929714681577825
