target_id,prot_ps,prot_acf,prot_cs,e_prot_ps,E_prot_ps,e_prot_acf,E_prot_acf,e_prot_cs,E_prot_cs,sph_ps,sph_acf,sph_cs,e_sph_ps,e_sph_acf,e_sph_cs,h_ps,fa_prob_ps,hacf,gacf,hcs
10591561,1.1056934909408234,-1.0,1.7955061655195517,7.389056098929969,7.389056098929969,-1.0,-1.0,0.8090877326032984,0.8090877326032984,747.435337313877,-1.0,766.1070033591684,103.175354593117,-1.0,97.70659445361034,12.358026017289074,4.295141673937987e-06,-1.0,-1.0,0.169110954302281
