target_id,prot_ps,prot_acf,prot_cs,e_prot_ps,E_prot_ps,e_prot_acf,E_prot_acf,e_prot_cs,E_prot_cs,sph_ps,sph_acf,sph_cs,e_sph_ps,e_sph_acf,e_sph_cs,h_ps,fa_prob_ps,hacf,gacf,hcs
10593632,2.4967436652483705,2.4520544707775116,2.4944137419367745,0.0742735988422374,0.0742735988422374,-1.0,-1.0,0.008324588563607958,0.008324588563607958,130.13103563962432,128.70039698382578,130.13103563962432,26.911240225822105,23.825631644917372,26.911240225822105,313.9308020652921,4.587593868144278e-137,0.15834974302880112,0.37151928918332944,0.8708929706627532
