target_id,prot_ps,prot_acf,prot_cs,e_prot_ps,E_prot_ps,e_prot_acf,E_prot_acf,e_prot_cs,E_prot_cs,sph_ps,sph_acf,sph_cs,e_sph_ps,e_sph_acf,e_sph_cs,h_ps,fa_prob_ps,hacf,gacf,hcs
10526682,0.6023305807059597,17.45037438441068,4.078991830326465,0.20831143367949667,0.20831143367949667,-1.0,-1.0,0.08338470288784315,0.08338470288784315,271.18136106288074,727.4663591274714,609.6262422318856,128.0127828374778,194.00143843270402,240.8999724649528,60.645977598732046,4.5897240943721275e-27,0.20508399167876454,0.05726811816642355,0.8332903452849935
