target_id,prot_ps,prot_acf,prot_cs,e_prot_ps,E_prot_ps,e_prot_acf,E_prot_acf,e_prot_cs,E_prot_cs,sph_ps,sph_acf,sph_cs,e_sph_ps,e_sph_acf,e_sph_cs,h_ps,fa_prob_ps,hacf,gacf,hcs
10557072,3.973199846308926,10.012604356743395,0.6329738473143421,0.42059704315016194,0.42059704315016194,-1.0,-1.0,0.014478849132491207,0.014478849132491207,1180.7426844196673,1293.572908451839,865.7481558183107,392.4167293370201,313.6018067820035,236.56090406177395,26.729346378171474,2.463725752562651e-12,0.1723100673734222,0.13036120440241492,1.7411794869986545
