target_id,prot_ps,prot_acf,prot_cs,e_prot_ps,E_prot_ps,e_prot_acf,E_prot_acf,e_prot_cs,E_prot_cs,sph_ps,sph_acf,sph_cs,e_sph_ps,e_sph_acf,e_sph_cs,h_ps,fa_prob_ps,hacf,gacf,hcs
10578030,13.268318613422245,13.097976442426443,13.269208763135161,0.4471866706040105,0.4471866706040105,-1.0,-1.0,0.0838428915889888,0.0838428915889888,1450.2187786407778,1452.4224683781604,1450.2187786407778,278.8566932326835,292.2542082648068,278.8566932326835,382.7816712581747,5.754828674226758e-167,0.6980257897175038,0.3982783273871557,0.9453404963526629
