target_id,prot_ps,prot_acf,prot_cs,e_prot_ps,E_prot_ps,e_prot_acf,E_prot_acf,e_prot_cs,E_prot_cs,sph_ps,sph_acf,sph_cs,e_sph_ps,e_sph_acf,e_sph_cs,h_ps,fa_prob_ps,hacf,gacf,hcs
10579889,0.31482194634628535,-1.0,0.34389838244766,0.44365929678465743,0.44365929678465743,-1.0,-1.0,3.4737190222057293,3.4737190222057293,885.5646234605675,-1.0,888.5702863141082,108.90256672660954,-1.0,107.42815257912586,13.122508875472018,1.999709025033282e-06,-1.0,-1.0,0.11803986818730114
