target_id,prot_ps,prot_acf,prot_cs,e_prot_ps,E_prot_ps,e_prot_acf,E_prot_acf,e_prot_cs,E_prot_cs,sph_ps,sph_acf,sph_cs,e_sph_ps,e_sph_acf,e_sph_cs,h_ps,fa_prob_ps,hacf,gacf,hcs
10515886,11.492246556431946,22.599644070491195,22.985557623090752,0.8665556106525669,0.8665556106525669,-1.0,-1.0,0.8791389390782235,0.8791389390782235,2651.714297961273,2741.7205896976366,2757.981999058706,780.8858904911083,588.9147734021941,517.5155320053179,29.952500974418577,9.81282621599472e-14,0.6117566813135253,0.312658412010037,0.8733035517527735
