target_id,prot_ps,prot_acf,prot_cs,e_prot_ps,E_prot_ps,e_prot_acf,E_prot_acf,e_prot_cs,E_prot_cs,sph_ps,sph_acf,sph_cs,e_sph_ps,e_sph_acf,e_sph_cs,h_ps,fa_prob_ps,hacf,gacf,hcs
10538715,0.9347198864868688,8.970419726800174,1.5334094980432802,1.011275316801155,1.011275316801155,-1.0,-1.0,0.018231297679609904,0.018231297679609904,247.43295144386565,332.9658362946718,267.3700103271494,44.127045885575484,14.956880424458262,51.37455502686611,15.24988427186364,2.3826453906577125e-07,0.0003872332608440814,0.017831888873864818,50.91324808322154
