target_id,prot_ps,prot_acf,prot_cs,e_prot_ps,E_prot_ps,e_prot_acf,E_prot_acf,e_prot_cs,E_prot_cs,sph_ps,sph_acf,sph_cs,e_sph_ps,e_sph_acf,e_sph_cs,h_ps,fa_prob_ps,hacf,gacf,hcs
10552320,1.4947275061357732,1.2669022297486663,4.794407583321446,0.07355527590783184,0.07355527590783184,-1.0,-1.0,0.4903675956656604,0.4903675956656604,705.3238604855145,691.081055523665,769.6779436770236,198.70543535414632,195.6683266830369,166.59079279897657,65.62904285825286,3.145348952144872e-29,0.0836780727098673,0.27453630137834595,0.5974736837576112
