target_id,prot_ps,prot_acf,prot_cs,e_prot_ps,E_prot_ps,e_prot_acf,E_prot_acf,e_prot_cs,E_prot_cs,sph_ps,sph_acf,sph_cs,e_sph_ps,e_sph_acf,e_sph_cs,h_ps,fa_prob_ps,hacf,gacf,hcs
10590054,2.071592648170163,2.084249102510512,2.100838039763396,0.07762906072500876,0.07762906072500876,-1.0,-1.0,0.04161364104356068,0.04161364104356068,4185.27193474859,4171.911741073392,4166.901046456145,1351.4815070773054,1371.8695018675944,1346.196784928518,3515.4936302780234,0.0,1.396738515506255,0.8972137930499909,0.14357570161138283
