target_id,prot_ps,prot_acf,prot_cs,e_prot_ps,E_prot_ps,e_prot_acf,E_prot_acf,e_prot_cs,E_prot_cs,sph_ps,sph_acf,sph_cs,e_sph_ps,e_sph_acf,e_sph_cs,h_ps,fa_prob_ps,hacf,gacf,hcs
10617247,0.5969959585526482,-1.0,1.6289460223214824,0.19546505943614992,0.19546505943614992,-1.0,-1.0,0.08892311644917912,0.08892311644917912,220.256457832565,-1.0,257.9431374040087,60.49564040047712,-1.0,58.54392134703012,25.567166434531764,7.876271889095237e-12,-1.0,-1.0,0.2790384653773337
