target_id,prot_ps,prot_acf,prot_cs,e_prot_ps,E_prot_ps,e_prot_acf,E_prot_acf,e_prot_cs,E_prot_cs,sph_ps,sph_acf,sph_cs,e_sph_ps,e_sph_acf,e_sph_cs,h_ps,fa_prob_ps,hacf,gacf,hcs
10679458,8.246283640859914,8.316603343002498,8.26793969390655,0.3631549907444583,0.3631549907444583,-1.0,-1.0,0.13001549188877032,0.13001549188877032,5396.948557808693,5425.518915780709,5136.364443359869,2370.831879751024,2114.684327540589,2266.6410744319232,180.94479488758137,2.6102015979569738e-79,1.177350045687262,0.7141426285966493,0.9210107578349989
