target_id,prot_ps,prot_acf,prot_cs,e_prot_ps,E_prot_ps,e_prot_acf,E_prot_acf,e_prot_cs,E_prot_cs,sph_ps,sph_acf,sph_cs,e_sph_ps,e_sph_acf,e_sph_cs,h_ps,fa_prob_ps,hacf,gacf,hcs
10678168,0.19898969994080615,26.911484865937382,0.681062863008119,0.12273302216718303,0.12273302216718303,-1.0,-1.0,0.4792553874642302,0.4792553874642302,496.8425658050886,4303.178621078776,1299.0633626545143,581.8306206550325,1584.4603107403507,1493.199126930543,24.21251773508113,3.0523698467714444e-11,0.07592288836621372,0.06577385291393056,69.9172305155649
