target_id,prot_ps,prot_acf,prot_cs,e_prot_ps,E_prot_ps,e_prot_acf,E_prot_acf,e_prot_cs,E_prot_cs,sph_ps,sph_acf,sph_cs,e_sph_ps,e_sph_acf,e_sph_cs,h_ps,fa_prob_ps,hacf,gacf,hcs
10656017,0.4620112369305266,-1.0,2.909968149620108,1.0045790209813499,1.0045790209813499,-1.0,-1.0,0.11490781131326767,0.11490781131326767,598.9908360530115,-1.0,676.645950133154,99.62039094092768,-1.0,119.64148820602558,12.802539767897194,2.753769747026626e-06,-1.0,-1.0,0.1970466918101383
