target_id,prot_ps,prot_acf,prot_cs,e_prot_ps,E_prot_ps,e_prot_acf,E_prot_acf,e_prot_cs,E_prot_cs,sph_ps,sph_acf,sph_cs,e_sph_ps,e_sph_acf,e_sph_cs,h_ps,fa_prob_ps,hacf,gacf,hcs
10656771,5.181956381638139,47.978295216336846,0.38573156360752625,1.7952752120222264,1.7952752120222264,-1.0,-1.0,0.011996597985654545,0.011996597985654545,247.10655627820037,266.02848082714087,190.25544403820768,39.64854805637285,15.078157348324323,21.031924538470435,23.05187355285757,9.743130475561071e-11,0.04797586638843589,0.027856309450465314,0.13768568752102506
