target_id,prot_ps,prot_acf,prot_cs,e_prot_ps,E_prot_ps,e_prot_acf,E_prot_acf,e_prot_cs,E_prot_cs,sph_ps,sph_acf,sph_cs,e_sph_ps,e_sph_acf,e_sph_cs,h_ps,fa_prob_ps,hacf,gacf,hcs
10622162,5.125551343266889,12.832502033561468,5.092235038781556,0.2771061668742571,0.2771061668742571,-1.0,-1.0,0.11873009469048877,0.11873009469048877,904.452630497015,990.0573508969471,896.3990238386932,205.7084763636379,204.185527116298,196.8918813258248,31.374588469018796,2.366951482597561e-14,0.0033856404817175327,0.0234554825312088,20.834533461700307
