target_id,prot_ps,prot_acf,prot_cs,e_prot_ps,E_prot_ps,e_prot_acf,E_prot_acf,e_prot_cs,E_prot_cs,sph_ps,sph_acf,sph_cs,e_sph_ps,e_sph_acf,e_sph_cs,h_ps,fa_prob_ps,hacf,gacf,hcs
10784583,0.15490760779457874,27.871391102671623,1.506567203812301,0.32806997687488526,0.32806997687488526,-1.0,-1.0,1.303148916826303,1.303148916826303,1276.9840570765427,2667.6173487427245,1792.9345581514053,185.3694469171872,0.0,479.40533772877393,6.6362311569295445,0.0013119625187036665,0.18523248294123404,0.19224923512131342,0.324386185216136
