target_id,prot_ps,prot_acf,prot_cs,e_prot_ps,E_prot_ps,e_prot_acf,E_prot_acf,e_prot_cs,E_prot_cs,sph_ps,sph_acf,sph_cs,e_sph_ps,e_sph_acf,e_sph_cs,h_ps,fa_prob_ps,hacf,gacf,hcs
10788468,47.080907053359944,57.010037787258625,4.150005923109759,7.389056098930499,7.389056098930499,-1.0,-1.0,0.011539038583175175,0.011539038583175175,555.4548807116072,555.2136170375278,512.9112213575395,50.38349711400444,44.792852128079026,76.73874055761144,18.372565352713355,1.0492917274115163e-08,0.08975918861151055,0.05111204748292377,0.3974528362877726
