target_id,prot_ps,prot_acf,prot_cs,e_prot_ps,E_prot_ps,e_prot_acf,E_prot_acf,e_prot_cs,E_prot_cs,sph_ps,sph_acf,sph_cs,e_sph_ps,e_sph_acf,e_sph_cs,h_ps,fa_prob_ps,hacf,gacf,hcs
10734053,0.27157437290899933,-1.0,4.0458748480305085,0.5080764323518658,0.5080764323518658,-1.0,-1.0,0.9292254142351176,0.9292254142351176,651.0354935490659,-1.0,855.3676552575037,79.42317921113688,-1.0,189.8428073611059,10.572360337950808,2.5614285418637735e-05,-1.0,-1.0,0.21582606426485476
