target_id,prot_ps,prot_acf,prot_cs,e_prot_ps,E_prot_ps,e_prot_acf,E_prot_acf,e_prot_cs,E_prot_cs,sph_ps,sph_acf,sph_cs,e_sph_ps,e_sph_acf,e_sph_cs,h_ps,fa_prob_ps,hacf,gacf,hcs
10717972,47.073761474552455,50.43021114356816,3.658802693728509,7.389056098930649,7.389056098930649,-1.0,-1.0,0.012211074238934805,0.012211074238934805,307.61028792964834,310.4115006042397,235.20037014822353,27.582063104145632,30.712838805055362,41.38590824702506,16.898101420278767,4.584033666216785e-08,0.17216816429549847,0.058544602282643673,0.2771064879667384
