target_id,prot_ps,prot_acf,prot_cs,e_prot_ps,E_prot_ps,e_prot_acf,E_prot_acf,e_prot_cs,E_prot_cs,sph_ps,sph_acf,sph_cs,e_sph_ps,e_sph_acf,e_sph_cs,h_ps,fa_prob_ps,hacf,gacf,hcs
10735429,21.152389510313018,51.04336326941848,1.2176437218673526,1.8034935553428482,1.8034935553428482,-1.0,-1.0,0.10865601493813183,0.10865601493813183,675.1915273451558,684.4243201853882,510.2909615319293,113.45668160077888,76.88964211922234,65.93132628739667,31.49162032477388,2.1055379172864118e-14,0.13403713204973886,0.02558805400180888,0.7760650444678912
