target_id,prot_ps,prot_acf,prot_cs,e_prot_ps,E_prot_ps,e_prot_acf,E_prot_acf,e_prot_cs,E_prot_cs,sph_ps,sph_acf,sph_cs,e_sph_ps,e_sph_acf,e_sph_cs,h_ps,fa_prob_ps,hacf,gacf,hcs
10709515,5.43753662029131,14.364855870138854,5.366784269388121,7.389056098930642,7.389056098930642,-1.0,-1.0,0.1768888644252922,0.1768888644252922,987.0729054786747,1061.2847392403578,950.5032827828969,228.5137470550459,285.81904060155364,186.78273590879854,16.779975646581978,5.158805690480874e-08,0.12270969036663562,0.045702800455941744,3.1242416806990265
