target_id,prot_ps,prot_acf,prot_cs,e_prot_ps,E_prot_ps,e_prot_acf,E_prot_acf,e_prot_cs,E_prot_cs,sph_ps,sph_acf,sph_cs,e_sph_ps,e_sph_acf,e_sph_cs,h_ps,fa_prob_ps,hacf,gacf,hcs
10709622,54.056131151297855,-1.0,3.9334792506840985,7.389056098930649,7.389056098930649,-1.0,-1.0,0.05894505670448053,0.05894505670448053,672.3948221640417,-1.0,557.5381214894744,78.78296961594734,-1.0,76.72187711211721,13.209557830750617,1.8329977240681244e-06,-1.0,-1.0,0.21051825711007105
