target_id,prot_ps,prot_acf,prot_cs,e_prot_ps,E_prot_ps,e_prot_acf,E_prot_acf,e_prot_cs,E_prot_cs,sph_ps,sph_acf,sph_cs,e_sph_ps,e_sph_acf,e_sph_cs,h_ps,fa_prob_ps,hacf,gacf,hcs
10783945,0.487273026447535,-1.0,0.6367904729111165,1.2018103840680545,1.2018103840680545,-1.0,-1.0,0.011621507806695993,0.011621507806695993,428.40994529848444,-1.0,430.9520585725702,65.62578516245954,-1.0,68.72738459497702,13.565949830553834,1.2834615033827895e-06,-1.0,-1.0,0.3455330167501298
