target_id,prot_ps,prot_acf,prot_cs,e_prot_ps,E_prot_ps,e_prot_acf,E_prot_acf,e_prot_cs,E_prot_cs,sph_ps,sph_acf,sph_cs,e_sph_ps,e_sph_acf,e_sph_cs,h_ps,fa_prob_ps,hacf,gacf,hcs
10778226,0.5690951396965843,51.18647960247472,4.236859150368393,7.389056098930649,7.389056098930649,-1.0,-1.0,0.12389303330620671,0.12389303330620671,136.36577484547183,218.39266096486847,185.74828756351937,24.492351483625438,31.645374169402913,45.05280986466837,15.834472725945314,1.3279321063528192e-07,0.056280553173027915,0.01900382791686349,0.2641881938206435
