target_id,prot_ps,prot_acf,prot_cs,e_prot_ps,E_prot_ps,e_prot_acf,E_prot_acf,e_prot_cs,E_prot_cs,sph_ps,sph_acf,sph_cs,e_sph_ps,e_sph_acf,e_sph_cs,h_ps,fa_prob_ps,hacf,gacf,hcs
10858656,0.23410217934059782,-1.0,1.267271726357699,0.25327577516367106,0.25327577516367106,-1.0,-1.0,0.014009044362136238,0.014009044362136238,498.42293864686087,-1.0,522.5659574141455,73.55323593371169,-1.0,62.659878524756415,15.401163698311317,2.0481397714913624e-07,-1.0,-1.0,0.1837355175895222
