target_id,prot_ps,prot_acf,prot_cs,e_prot_ps,E_prot_ps,e_prot_acf,E_prot_acf,e_prot_cs,E_prot_cs,sph_ps,sph_acf,sph_cs,e_sph_ps,e_sph_acf,e_sph_cs,h_ps,fa_prob_ps,hacf,gacf,hcs
10841628,3.1033182385573657,-1.0,3.0748707706108696,6.53560778402809,6.53560778402809,-1.0,-1.0,0.19875054772909767,0.19875054772909767,867.5439042354494,-1.0,876.9406571860166,86.28563262687241,-1.0,99.65649019124973,9.882962467145,5.103685867566352e-05,-1.0,-1.0,0.3836971948265196
