target_id,prot_ps,prot_acf,prot_cs,e_prot_ps,E_prot_ps,e_prot_acf,E_prot_acf,e_prot_cs,E_prot_cs,sph_ps,sph_acf,sph_cs,e_sph_ps,e_sph_acf,e_sph_cs,h_ps,fa_prob_ps,hacf,gacf,hcs
10849760,11.230800797289703,11.688001921400428,11.330210114330983,0.6076143001688125,0.6076143001688125,-1.0,-1.0,0.7919360764352261,0.7919360764352261,1403.6448113392312,1386.8069001875008,1398.3801449441075,145.95228807719673,150.69541721829137,149.28250241412036,9.59973937111575,6.774639085639606e-05,0.31090180546530194,0.29622651502042924,0.2578555197156413
