target_id,prot_ps,prot_acf,prot_cs,e_prot_ps,E_prot_ps,e_prot_acf,E_prot_acf,e_prot_cs,E_prot_cs,sph_ps,sph_acf,sph_cs,e_sph_ps,e_sph_acf,e_sph_cs,h_ps,fa_prob_ps,hacf,gacf,hcs
10809070,14.740440711596348,15.366285055875778,14.749240080965757,0.5669693289513144,0.5669693289513144,-1.0,-1.0,0.08716619814901204,0.08716619814901204,576.9884498740812,557.7316027815051,576.816211043318,116.21949921418322,97.14385082429436,115.08392601724145,64.58707950979928,8.916363526144124e-29,0.2577785629639497,0.14725119283909513,0.2622847066766823
