target_id,prot_ps,prot_acf,prot_cs,e_prot_ps,E_prot_ps,e_prot_acf,E_prot_acf,e_prot_cs,E_prot_cs,sph_ps,sph_acf,sph_cs,e_sph_ps,e_sph_acf,e_sph_cs,h_ps,fa_prob_ps,hacf,gacf,hcs
10813405,0.12511557360570277,-1.0,2.324634753237998,0.5904675154664378,0.5904675154664378,-1.0,-1.0,0.05331666531769262,0.05331666531769262,594.2444657384793,-1.0,703.7861383442013,104.90480822147781,-1.0,187.17300813304936,17.105847370543312,3.724130394397323e-08,-1.0,-1.0,0.20910304906983299
