target_id,prot_ps,prot_acf,prot_cs,e_prot_ps,E_prot_ps,e_prot_acf,E_prot_acf,e_prot_cs,E_prot_cs,sph_ps,sph_acf,sph_cs,e_sph_ps,e_sph_acf,e_sph_cs,h_ps,fa_prob_ps,hacf,gacf,hcs
10802049,4.9308017023879955,27.299412239342928,0.4248164524383766,2.32532692676066,2.32532692676066,-1.0,-1.0,1.3421069443860194,1.3421069443860194,732.894527654429,841.7126156068717,355.0795430035997,319.9425980630639,220.03266657919644,59.51508747072967,13.709950062587076,1.1113333330184987e-06,0.4427629925286346,0.2052981734033596,0.7401878148360092
