target_id,prot_ps,prot_acf,prot_cs,e_prot_ps,E_prot_ps,e_prot_acf,E_prot_acf,e_prot_cs,E_prot_cs,sph_ps,sph_acf,sph_cs,e_sph_ps,e_sph_acf,e_sph_cs,h_ps,fa_prob_ps,hacf,gacf,hcs
10865307,5.288102558272405,10.605078791733831,10.61683054699243,0.16936957531646787,0.16936957531646787,-1.0,-1.0,0.0784993210988615,0.0784993210988615,7747.70618760461,7953.23270563608,7949.719768144372,3254.916226382003,3079.076184338507,3077.8748177691577,244.577514124146,6.044149783093754e-107,1.0234981953250957,0.6448420819911078,0.8664505185823032
