target_id,prot_ps,prot_acf,prot_cs,e_prot_ps,E_prot_ps,e_prot_acf,E_prot_acf,e_prot_cs,E_prot_cs,sph_ps,sph_acf,sph_cs,e_sph_ps,e_sph_acf,e_sph_cs,h_ps,fa_prob_ps,hacf,gacf,hcs
10815079,0.22705697975654396,56.33659851551056,0.4107198242824371,0.12086085388154255,0.12086085388154255,-1.0,-1.0,0.011817580697717848,0.011817580697717848,754.9231908215879,2423.323270391251,824.5100115608356,254.69032419208042,467.55805734427395,337.6972794974814,447.9604001020858,2.8396847195087137e-195,0.5495522345049222,0.2875030990428552,0.009878988941551396
