target_id,prot_ps,prot_acf,prot_cs,e_prot_ps,E_prot_ps,e_prot_acf,E_prot_acf,e_prot_cs,E_prot_cs,sph_ps,sph_acf,sph_cs,e_sph_ps,e_sph_acf,e_sph_cs,h_ps,fa_prob_ps,hacf,gacf,hcs
10809551,19.453879929071697,-1.0,6.230706617552788,5.143550328980826,5.143550328980826,-1.0,-1.0,0.28946187624059,0.28946187624059,351.79730418548235,-1.0,335.294309415402,44.51222510241605,-1.0,35.27546210208348,16.420990444833674,7.386768056067509e-08,-1.0,-1.0,0.14173670187526624
