target_id,prot_ps,prot_acf,prot_cs,e_prot_ps,E_prot_ps,e_prot_acf,E_prot_acf,e_prot_cs,E_prot_cs,sph_ps,sph_acf,sph_cs,e_sph_ps,e_sph_acf,e_sph_cs,h_ps,fa_prob_ps,hacf,gacf,hcs
10908913,1.7960576449280403,53.25005883909762,1.7823884779625414,0.9240242425921155,0.9240242425921155,-1.0,-1.0,0.011405772621676353,0.011405772621676353,243.00636588000253,323.3527400022065,247.36752354386763,62.43004743205296,21.786793406466344,55.52418186870331,16.086960015837448,1.0316254190360093e-07,0.16554598966799838,0.10334905964442936,0.7662546922000242
