target_id,prot_ps,prot_acf,prot_cs,e_prot_ps,E_prot_ps,e_prot_acf,E_prot_acf,e_prot_cs,E_prot_cs,sph_ps,sph_acf,sph_cs,e_sph_ps,e_sph_acf,e_sph_cs,h_ps,fa_prob_ps,hacf,gacf,hcs
10990723,0.2130213458422643,46.52804107312113,2.650075382860378,0.3021624699810166,0.3021624699810166,-1.0,-1.0,0.5896978335326637,0.5896978335326637,198.69273520162156,449.99634348467634,303.77759614153274,42.26669868855248,200.49414575312346,167.9809596002932,12.85226536367278,2.6201857030593557e-06,0.24241325008979642,0.15301764241026905,2.2620349884279016
