target_id,prot_ps,prot_acf,prot_cs,e_prot_ps,E_prot_ps,e_prot_acf,E_prot_acf,e_prot_cs,E_prot_cs,sph_ps,sph_acf,sph_cs,e_sph_ps,e_sph_acf,e_sph_cs,h_ps,fa_prob_ps,hacf,gacf,hcs
10978686,0.15735236912246114,11.46329744020477,0.7687152401078493,7.389056098930386,7.389056098930386,-1.0,-1.0,0.28988348871683606,0.28988348871683606,226.45474701234525,465.0760020339067,326.66033776734974,43.759335199574856,109.67440168361036,112.45568404334742,21.705727910935632,3.743881917560356e-10,0.12484678693600818,0.04332157562799069,1.679212579586959
