target_id,prot_ps,prot_acf,prot_cs,e_prot_ps,E_prot_ps,e_prot_acf,E_prot_acf,e_prot_cs,E_prot_cs,sph_ps,sph_acf,sph_cs,e_sph_ps,e_sph_acf,e_sph_cs,h_ps,fa_prob_ps,hacf,gacf,hcs
10972370,13.013188471785115,10.625525303184986,12.886105811437593,0.757256292288561,0.757256292288561,-1.0,-1.0,0.3154090832768293,0.3154090832768293,236.61897160107236,233.55375262888938,237.81003793021918,41.47856905730053,38.51873223661999,40.041584429312145,35.424698727414665,4.123336890756285e-16,0.1170300119440264,0.10931167136262271,1.6057170578114164
