target_id,prot_ps,prot_acf,prot_cs,e_prot_ps,E_prot_ps,e_prot_acf,E_prot_acf,e_prot_cs,E_prot_cs,sph_ps,sph_acf,sph_cs,e_sph_ps,e_sph_acf,e_sph_cs,h_ps,fa_prob_ps,hacf,gacf,hcs
10964533,0.10552110839755777,-1.0,2.9534784084465358,0.08790039362778616,0.08790039362778616,-1.0,-1.0,0.18475106398635338,0.18475106398635338,158.93318835645508,-1.0,181.29604526649146,24.890417033515476,-1.0,30.325780100375418,14.384138835638351,5.66301714865631e-07,-1.0,-1.0,0.18584892457950525
