target_id,prot_ps,prot_acf,prot_cs,e_prot_ps,E_prot_ps,e_prot_acf,E_prot_acf,e_prot_cs,E_prot_cs,sph_ps,sph_acf,sph_cs,e_sph_ps,e_sph_acf,e_sph_cs,h_ps,fa_prob_ps,hacf,gacf,hcs
10903557,54.05588726824395,-1.0,4.861766922976612,7.389056098929246,7.389056098929246,-1.0,-1.0,0.11189259659543355,0.11189259659543355,979.3456786803321,-1.0,841.024784199799,161.72199969941704,-1.0,194.91704449477638,18.816080875583342,6.734105324786941e-09,-1.0,-1.0,0.11749079778354628
