target_id,prot_ps,prot_acf,prot_cs,e_prot_ps,E_prot_ps,e_prot_acf,E_prot_acf,e_prot_cs,E_prot_cs,sph_ps,sph_acf,sph_cs,e_sph_ps,e_sph_acf,e_sph_cs,h_ps,fa_prob_ps,hacf,gacf,hcs
10979116,0.6735191693571174,-1.0,1.0456964401521138,7.389056098930649,7.389056098930649,-1.0,-1.0,0.011119757111593182,0.011119757111593182,565.9360528598222,-1.0,570.4455706699989,53.59610496958556,-1.0,52.115518466776784,12.107537105178045,5.517768121909225e-06,-1.0,-1.0,0.0668324531881519
