target_id,prot_ps,prot_acf,prot_cs,e_prot_ps,E_prot_ps,e_prot_acf,E_prot_acf,e_prot_cs,E_prot_cs,sph_ps,sph_acf,sph_cs,e_sph_ps,e_sph_acf,e_sph_cs,h_ps,fa_prob_ps,hacf,gacf,hcs
10916447,45.95284062903375,49.75606333464384,0.42481665574014194,7.389056098930637,7.389056098930637,-1.0,-1.0,0.02032310977370876,0.02032310977370876,181.3131420544694,185.52941331378733,140.6475263790012,43.10107425068402,34.947984609452035,25.539874651494284,11.641794100222763,8.790894393230219e-06,0.15558997630230686,0.076428233020965,0.2305529494209987
