target_id,prot_ps,prot_acf,prot_cs,e_prot_ps,E_prot_ps,e_prot_acf,E_prot_acf,e_prot_cs,E_prot_cs,sph_ps,sph_acf,sph_cs,e_sph_ps,e_sph_acf,e_sph_cs,h_ps,fa_prob_ps,hacf,gacf,hcs
10908345,14.450651352238525,28.811487704515457,14.496927160364233,0.814875911123825,0.814875911123825,-1.0,-1.0,0.1766433727135203,0.1766433727135203,1462.4454739807495,1624.1962250503532,1474.6320016232323,676.1684031802063,559.8060209070949,666.864254825889,60.316074007606446,6.3835444737090974e-27,0.5567694191249954,0.26211068195846726,0.9781725941305448
