target_id,prot_ps,prot_acf,prot_cs,e_prot_ps,E_prot_ps,e_prot_acf,E_prot_acf,e_prot_cs,E_prot_cs,sph_ps,sph_acf,sph_cs,e_sph_ps,e_sph_acf,e_sph_cs,h_ps,fa_prob_ps,hacf,gacf,hcs
10902706,0.11639813167238444,-1.0,0.512818336950665,0.1601565359987655,0.1601565359987655,-1.0,-1.0,0.010934938576287023,0.010934938576287023,508.7497380258148,-1.0,540.6179438722739,89.66558802107058,-1.0,71.99480056182638,11.460692641371496,1.0536210217968487e-05,-1.0,-1.0,0.3284362930059801
