target_id,prot_ps,prot_acf,prot_cs,e_prot_ps,E_prot_ps,e_prot_acf,E_prot_acf,e_prot_cs,E_prot_cs,sph_ps,sph_acf,sph_cs,e_sph_ps,e_sph_acf,e_sph_cs,h_ps,fa_prob_ps,hacf,gacf,hcs
10921177,1.1817998428193093,-1.0,0.32811486893215613,7.389056098914164,7.389056098914164,-1.0,-1.0,0.010251241969153432,0.010251241969153432,566.1035943074086,-1.0,545.5587902271043,67.29269343001698,-1.0,71.46049820839822,13.874380239313181,9.428296294369516e-07,-1.0,-1.0,0.16540804119943198
