target_id,prot_ps,prot_acf,prot_cs,e_prot_ps,E_prot_ps,e_prot_acf,E_prot_acf,e_prot_cs,E_prot_cs,sph_ps,sph_acf,sph_cs,e_sph_ps,e_sph_acf,e_sph_cs,h_ps,fa_prob_ps,hacf,gacf,hcs
10964309,2.85220538402737,18.92166026495397,3.0131620115227995,7.389056098930567,7.389056098930567,-1.0,-1.0,0.1587359986620021,0.1587359986620021,1401.9781455243608,2113.7839881728805,1433.1595168741649,626.4673808013112,716.3786347743779,610.4399461842341,21.442821663527344,4.869685063965327e-10,0.2515906378858479,0.054935885263549006,4.182365822226744
