target_id,prot_ps,prot_acf,prot_cs,e_prot_ps,E_prot_ps,e_prot_acf,E_prot_acf,e_prot_cs,E_prot_cs,sph_ps,sph_acf,sph_cs,e_sph_ps,e_sph_acf,e_sph_cs,h_ps,fa_prob_ps,hacf,gacf,hcs
11069694,12.579887688936271,12.607576632872224,12.617037223359661,0.5877416171153321,0.5877416171153321,-1.0,-1.0,0.14890488082213296,0.14890488082213296,4420.0950206041425,4414.183732735398,4410.1253120573865,1214.445367146935,1236.4822661984574,1245.880836831198,51.1903613237087,5.865547423877841e-23,0.8502454531767976,0.5468557216133206,0.9981976122587477
