target_id,prot_ps,prot_acf,prot_cs,e_prot_ps,E_prot_ps,e_prot_acf,E_prot_acf,e_prot_cs,E_prot_cs,sph_ps,sph_acf,sph_cs,e_sph_ps,e_sph_acf,e_sph_cs,h_ps,fa_prob_ps,hacf,gacf,hcs
11036322,1.1111464887262792,2.2272718981839716,2.1985616066231035,0.03357106377837304,0.03357106377837304,-1.0,-1.0,0.017657645912461706,0.017657645912461706,1087.4534110833902,1119.9321487218929,1118.0277599062217,359.7595553034002,332.40485068341144,337.0196331355043,1652.421582376942,0.0,1.0940696551073772,0.8378623763478736,0.08696336276209186
