target_id,prot_ps,prot_acf,prot_cs,e_prot_ps,E_prot_ps,e_prot_acf,E_prot_acf,e_prot_cs,E_prot_cs,sph_ps,sph_acf,sph_cs,e_sph_ps,e_sph_acf,e_sph_cs,h_ps,fa_prob_ps,hacf,gacf,hcs
11081971,0.1334564141731172,28.566276392899454,14.379681560101602,7.389056098930544,7.389056098930544,-1.0,-1.0,0.8941817376133167,0.8941817376133167,270.1773245790445,1648.427547109186,1587.0390070211388,64.36069571805392,460.2159889090156,607.4013078319053,49.71825997521858,2.5564308095514485e-22,0.7719090496770236,0.4245630748212845,0.37542613704864103
