target_id,prot_ps,prot_acf,prot_cs,e_prot_ps,E_prot_ps,e_prot_acf,E_prot_acf,e_prot_cs,E_prot_cs,sph_ps,sph_acf,sph_cs,e_sph_ps,e_sph_acf,e_sph_cs,h_ps,fa_prob_ps,hacf,gacf,hcs
11068715,6.927204133390544,13.874465346802026,13.715815501360225,0.20872977260757083,0.20872977260757083,-1.0,-1.0,0.1712848743251593,0.1712848743251593,2520.9824959743964,2572.6519666688905,2584.7081532872166,836.0804691934987,782.5085995141562,777.7811906174531,696.3043849102281,3.9705247585849253e-303,0.9413833418771381,0.6359604915423653,0.9313739123274631
