target_id,prot_ps,prot_acf,prot_cs,e_prot_ps,E_prot_ps,e_prot_acf,E_prot_acf,e_prot_cs,E_prot_cs,sph_ps,sph_acf,sph_cs,e_sph_ps,e_sph_acf,e_sph_cs,h_ps,fa_prob_ps,hacf,gacf,hcs
11085247,1.5164305506671798,-1.0,3.178240559995174,0.8457906653889169,0.8457906653889169,-1.0,-1.0,0.4481237061415779,0.4481237061415779,371.5711404203133,-1.0,443.77426803795885,84.11577225358351,-1.0,121.5085258784905,15.755418736177395,1.437171455369729e-07,-1.0,-1.0,0.2577908283455694
