target_id,prot_ps,prot_acf,prot_cs,e_prot_ps,E_prot_ps,e_prot_acf,E_prot_acf,e_prot_cs,E_prot_cs,sph_ps,sph_acf,sph_cs,e_sph_ps,e_sph_acf,e_sph_cs,h_ps,fa_prob_ps,hacf,gacf,hcs
11091668,36.48792927159229,36.59673867048696,36.50958817979011,0.9899102358078261,0.9899102358078261,-1.0,-1.0,0.584880676630559,0.584880676630559,6166.048459738835,6169.80943070106,6166.90892271365,2351.79773557864,2340.2467424957536,2349.4347000312214,287.247949603309,1.7774629186287551e-125,1.502234442450552,0.7957365743880591,0.993820900842625
