target_id,prot_ps,prot_acf,prot_cs,e_prot_ps,E_prot_ps,e_prot_acf,E_prot_acf,e_prot_cs,E_prot_cs,sph_ps,sph_acf,sph_cs,e_sph_ps,e_sph_acf,e_sph_cs,h_ps,fa_prob_ps,hacf,gacf,hcs
11085540,0.42668651528311546,55.68190912017599,2.2275528423826736,0.7466815538340237,0.7466815538340237,-1.0,-1.0,0.014184772291877791,0.014184772291877791,200.27379207439853,222.5441190053869,199.69350183252797,16.307757244928816,0.18128297797311174,34.585525493310556,11.455019259756028,1.0596156046305114e-05,0.00037347127118369833,0.000592931461676168,0.5479359753610688
