target_id,prot_ps,prot_acf,prot_cs,e_prot_ps,E_prot_ps,e_prot_acf,E_prot_acf,e_prot_cs,E_prot_cs,sph_ps,sph_acf,sph_cs,e_sph_ps,e_sph_acf,e_sph_cs,h_ps,fa_prob_ps,hacf,gacf,hcs
11036694,26.06280155660953,25.869046739302576,26.05486470830088,0.9228452599387215,0.9228452599387215,-1.0,-1.0,0.4425365053019409,0.4425365053019409,1956.4200125249642,1958.9750626943905,1956.741165265265,813.4834034058407,825.5073602995207,813.3903590674389,195.6486419079749,1.073678922467709e-85,1.2744184165192376,0.6796972995152245,0.9821974916456871
