target_id,prot_ps,prot_acf,prot_cs,e_prot_ps,E_prot_ps,e_prot_acf,E_prot_acf,e_prot_cs,E_prot_cs,sph_ps,sph_acf,sph_cs,e_sph_ps,e_sph_acf,e_sph_cs,h_ps,fa_prob_ps,hacf,gacf,hcs
11076084,41.700255348190744,46.93600821914151,0.7429661553539335,4.459265405839917,4.459265405839917,-1.0,-1.0,0.47672708611813436,0.47672708611813436,671.3559872754406,648.1162889479043,577.7768342558361,64.43687744291468,16.014941743998218,46.96470334454924,22.95113072600413,1.0775826053297146e-10,0.03221036150538155,0.0006120460488565552,0.36836894983129825
