target_id,prot_ps,prot_acf,prot_cs,e_prot_ps,E_prot_ps,e_prot_acf,E_prot_acf,e_prot_cs,E_prot_cs,sph_ps,sph_acf,sph_cs,e_sph_ps,e_sph_acf,e_sph_cs,h_ps,fa_prob_ps,hacf,gacf,hcs
11026877,14.595125991188109,28.321071012876928,14.443746216567234,1.1706136560062537,1.1706136560062537,-1.0,-1.0,0.8738725977121968,0.8738725977121968,995.4257130866638,995.7882850457466,984.162096875808,279.42626882303705,223.33104016794925,286.9208647483765,25.239617903257475,1.0928818645422275e-11,0.5426698225053428,0.31084020187540634,0.8100783413970698
