target_id,prot_ps,prot_acf,prot_cs,e_prot_ps,E_prot_ps,e_prot_acf,E_prot_acf,e_prot_cs,E_prot_cs,sph_ps,sph_acf,sph_cs,e_sph_ps,e_sph_acf,e_sph_cs,h_ps,fa_prob_ps,hacf,gacf,hcs
11081305,4.384375234074117,54.70106149930507,4.376841738694873,0.17679006143559436,0.17679006143559436,-1.0,-1.0,0.04752434532769919,0.04752434532769919,162.67405885612564,186.17122449069456,162.45944927136492,43.08588277132283,11.820480164662298,42.13878271665363,31.393891396051302,2.321700533765744e-14,0.042993579843204274,0.039576139592517975,0.1596737969196003
