target_id,prot_ps,prot_acf,prot_cs,e_prot_ps,E_prot_ps,e_prot_acf,E_prot_acf,e_prot_cs,E_prot_cs,sph_ps,sph_acf,sph_cs,e_sph_ps,e_sph_acf,e_sph_cs,h_ps,fa_prob_ps,hacf,gacf,hcs
11067972,54.07349508960131,-1.0,6.0050012628795235,7.389056098930649,7.389056098930649,-1.0,-1.0,0.015618802660922974,0.015618802660922974,627.5252388176943,-1.0,497.18778835946864,84.22238630085587,-1.0,138.51770042690734,16.55038152565966,6.490238106740584e-08,-1.0,-1.0,0.39814037281823444
