target_id,prot_ps,prot_acf,prot_cs,e_prot_ps,E_prot_ps,e_prot_acf,E_prot_acf,e_prot_cs,E_prot_cs,sph_ps,sph_acf,sph_cs,e_sph_ps,e_sph_acf,e_sph_cs,h_ps,fa_prob_ps,hacf,gacf,hcs
11136848,5.780263783882305,5.680563600733876,5.836881025441464,0.252772056974526,0.252772056974526,-1.0,-1.0,0.013018469793464256,0.013018469793464256,1640.697221694293,1644.5394361648453,1657.780631156812,701.7139632815741,723.4478726363607,699.989512953874,2235.5703267268686,0.0,1.4626651683363046,0.7920878675056002,0.7375526418309954
