target_id,prot_ps,prot_acf,prot_cs,e_prot_ps,E_prot_ps,e_prot_acf,E_prot_acf,e_prot_cs,E_prot_cs,sph_ps,sph_acf,sph_cs,e_sph_ps,e_sph_acf,e_sph_cs,h_ps,fa_prob_ps,hacf,gacf,hcs
11138509,14.170045325962635,44.21849896945059,14.322788663422687,0.7652460030756858,0.7652460030756858,-1.0,-1.0,0.5490795921761003,0.5490795921761003,634.5460762331857,646.6243999626951,635.8208430673021,229.91523814167584,181.74207198903386,247.04362828637773,24.351742308243924,2.6556613366440074e-11,0.21136088035657283,0.17591114481134307,0.5786849137339269
