target_id,prot_ps,prot_acf,prot_cs,e_prot_ps,E_prot_ps,e_prot_acf,E_prot_acf,e_prot_cs,E_prot_cs,sph_ps,sph_acf,sph_cs,e_sph_ps,e_sph_acf,e_sph_cs,h_ps,fa_prob_ps,hacf,gacf,hcs
11122491,0.11364307572182854,36.14718925440684,0.6536192606839059,0.19489463970784993,0.19489463970784993,-1.0,-1.0,0.010540116086547284,0.010540116086547284,353.99312455386047,954.860051920738,430.8682737946062,57.69489251878927,211.6425569411096,94.37461640366993,14.95700962808158,3.1933994984870285e-07,0.23703497624695147,0.08843535207199393,1.2564039355383478
