target_id,prot_ps,prot_acf,prot_cs,e_prot_ps,E_prot_ps,e_prot_acf,E_prot_acf,e_prot_cs,E_prot_cs,sph_ps,sph_acf,sph_cs,e_sph_ps,e_sph_acf,e_sph_cs,h_ps,fa_prob_ps,hacf,gacf,hcs
11237263,0.1262618328680624,49.32717705052346,0.5289989924703259,7.3890560988802285,7.3890560988802285,-1.0,-1.0,0.011993691493366382,0.011993691493366382,130.83787876309873,174.16045243658712,136.79540092844175,19.784385193717906,13.229504195048778,16.11080240923563,14.028305740339437,8.083216787893475e-07,0.08604133970397616,0.013904329532474842,0.2110085329506897
