target_id,prot_ps,prot_acf,prot_cs,e_prot_ps,E_prot_ps,e_prot_acf,E_prot_acf,e_prot_cs,E_prot_cs,sph_ps,sph_acf,sph_cs,e_sph_ps,e_sph_acf,e_sph_cs,h_ps,fa_prob_ps,hacf,gacf,hcs
11233025,9.941778747279146,49.28596801869571,2.1240780993173054,6.220139830979036,6.220139830979036,-1.0,-1.0,0.9047387029381666,0.9047387029381666,861.3395652661931,958.4320852150918,763.7231215402759,160.09110525633704,94.25526260190956,121.92786065635451,19.767238055347374,2.601342821730314e-09,0.07963050357293125,0.0211708998008176,0.2402139534682127
