target_id,prot_ps,prot_acf,prot_cs,e_prot_ps,E_prot_ps,e_prot_acf,E_prot_acf,e_prot_cs,E_prot_cs,sph_ps,sph_acf,sph_cs,e_sph_ps,e_sph_acf,e_sph_cs,h_ps,fa_prob_ps,hacf,gacf,hcs
11200726,6.043662309794944,12.178483363240957,12.22825663650884,0.3078240594760924,0.3078240594760924,-1.0,-1.0,0.09804855077733235,0.09804855077733235,1735.2310644327233,1804.1645034122605,1799.405726157077,605.1196554823515,490.3134241801609,487.1218108896508,93.73506378037474,1.9560458898014946e-41,0.6275486528845684,0.4089692618226988,0.9618701353085282
