target_id,prot_ps,prot_acf,prot_cs,e_prot_ps,E_prot_ps,e_prot_acf,E_prot_acf,e_prot_cs,E_prot_cs,sph_ps,sph_acf,sph_cs,e_sph_ps,e_sph_acf,e_sph_cs,h_ps,fa_prob_ps,hacf,gacf,hcs
11298155,18.46925719607122,38.946589048951864,5.146923184325699,1.167898905711184,1.167898905711184,-1.0,-1.0,0.25290667988887483,0.25290667988887483,504.81834810990335,504.3230142344087,472.29596497613505,63.543114852882454,43.628557748624644,84.89896910141638,16.351747679318954,7.916372352802805e-08,0.10488170878274668,0.02302295701174956,0.4410909846224047
