target_id,prot_ps,prot_acf,prot_cs,e_prot_ps,E_prot_ps,e_prot_acf,E_prot_acf,e_prot_cs,E_prot_cs,sph_ps,sph_acf,sph_cs,e_sph_ps,e_sph_acf,e_sph_cs,h_ps,fa_prob_ps,hacf,gacf,hcs
11242594,0.8342512750722128,-1.0,2.953487764075399,1.0884354988714298,1.0884354988714298,-1.0,-1.0,1.6851046177729403,1.6851046177729403,167.0544651773022,-1.0,195.80512948151562,31.585036867221874,-1.0,60.749179602395245,18.913446207351342,6.109345387744043e-09,-1.0,-1.0,0.1754007426809555
