target_id,prot_ps,prot_acf,prot_cs,e_prot_ps,E_prot_ps,e_prot_acf,E_prot_acf,e_prot_cs,E_prot_cs,sph_ps,sph_acf,sph_cs,e_sph_ps,e_sph_acf,e_sph_cs,h_ps,fa_prob_ps,hacf,gacf,hcs
11299407,12.062120770862546,23.989144874736667,24.755540496158368,0.40120248612540704,0.40120248612540704,-1.0,-1.0,0.5486422958405884,0.5486422958405884,3384.0292709333517,3468.2239922131325,3458.6562486167677,1147.3179596418931,978.2899098085132,982.7739535083596,79.964550483312,1.8699800670527484e-35,0.8135704008063616,0.5362383033606439,0.9901389686849461
