target_id,prot_ps,prot_acf,prot_cs,e_prot_ps,E_prot_ps,e_prot_acf,E_prot_acf,e_prot_cs,E_prot_cs,sph_ps,sph_acf,sph_cs,e_sph_ps,e_sph_acf,e_sph_cs,h_ps,fa_prob_ps,hacf,gacf,hcs
11245012,0.1463064652928779,25.399108421988785,4.7336745430715395,7.389056098617892,7.389056098617892,-1.0,-1.0,2.2771185033026202,2.2771185033026202,468.04345647730463,536.0499347489474,514.8363977533543,64.70819434870812,41.64037208652699,45.92099515928732,11.640565936057989,8.801697687451743e-06,0.009085793542554479,0.008203551988744067,0.7743135400271747
