target_id,prot_ps,prot_acf,prot_cs,e_prot_ps,E_prot_ps,e_prot_acf,E_prot_acf,e_prot_cs,E_prot_cs,sph_ps,sph_acf,sph_cs,e_sph_ps,e_sph_acf,e_sph_cs,h_ps,fa_prob_ps,hacf,gacf,hcs
11246163,0.13971816452213853,0.14303572196513414,0.14303572196513414,0.0036290286055072093,0.0036290286055072093,-1.0,-1.0,0.014303572196513415,0.014303572196513415,126855.23234866263,126797.58897069682,126797.58897069682,5830.71618153469,5920.10379569458,5920.10379569458,54040617.64362867,0.0,0.9771708802570142,0.5155523924904096,2.0250722611382897e-07
