target_id,prot_ps,prot_acf,prot_cs,e_prot_ps,E_prot_ps,e_prot_acf,E_prot_acf,e_prot_cs,E_prot_cs,sph_ps,sph_acf,sph_cs,e_sph_ps,e_sph_acf,e_sph_cs,h_ps,fa_prob_ps,hacf,gacf,hcs
11297521,17.93282770663046,-1.0,1.568491969462484,7.389056098930629,7.389056098930629,-1.0,-1.0,0.08111400624707583,0.08111400624707583,241.11612146796858,-1.0,182.1158571394585,32.10304531480772,-1.0,29.97526409019709,11.616351371940537,9.017428331252418e-06,-1.0,-1.0,0.25189185070953485
