target_id,prot_ps,prot_acf,prot_cs,e_prot_ps,E_prot_ps,e_prot_acf,E_prot_acf,e_prot_cs,E_prot_cs,sph_ps,sph_acf,sph_cs,e_sph_ps,e_sph_acf,e_sph_cs,h_ps,fa_prob_ps,hacf,gacf,hcs
11302549,6.246870259294438,12.362395932432264,12.455457850816334,0.2578476311314554,0.2578476311314554,-1.0,-1.0,0.09126105758911968,0.09126105758911968,2164.8954792605623,2301.5865565124054,2305.2878465068666,635.9150554024244,595.6493101970635,609.7258099336719,200.90131788037993,5.619093225411438e-88,0.713519849589737,0.5149824354610658,0.8106655734641284
