target_id,prot_ps,prot_acf,prot_cs,e_prot_ps,E_prot_ps,e_prot_acf,E_prot_acf,e_prot_cs,E_prot_cs,sph_ps,sph_acf,sph_cs,e_sph_ps,e_sph_acf,e_sph_cs,h_ps,fa_prob_ps,hacf,gacf,hcs
11348043,28.06278404254967,27.72848754003644,27.878302377933373,1.5031720590733972,1.5031720590733972,-1.0,-1.0,0.746194288631709,0.746194288631709,3041.3252513036828,3051.4757682165055,3048.3859892505734,1174.8851849610885,1188.0890427959164,1176.768529423032,67.64039226015744,4.208728275207351e-30,1.295941711433695,0.6546371936130211,0.9839842481072285
