target_id,prot_ps,prot_acf,prot_cs,e_prot_ps,E_prot_ps,e_prot_acf,E_prot_acf,e_prot_cs,E_prot_cs,sph_ps,sph_acf,sph_cs,e_sph_ps,e_sph_acf,e_sph_cs,h_ps,fa_prob_ps,hacf,gacf,hcs
11359322,8.076473085578526,16.387645293958485,8.083220582115809,0.3903149822948871,0.3903149822948871,-1.0,-1.0,0.19983110031391552,0.19983110031391552,696.9311142901993,768.0655611826155,696.5125622214564,153.4382596892062,156.81077847279238,153.06716907814013,19.232465961439104,4.4406460628401215e-09,0.1757896275135852,0.18157312393806427,0.8580755318859827
