target_id,prot_ps,prot_acf,prot_cs,e_prot_ps,E_prot_ps,e_prot_acf,E_prot_acf,e_prot_cs,E_prot_cs,sph_ps,sph_acf,sph_cs,e_sph_ps,e_sph_acf,e_sph_cs,h_ps,fa_prob_ps,hacf,gacf,hcs
11358597,1.292119716182512,-1.0,1.8161466509848831,1.7983528562872366,1.7983528562872366,-1.0,-1.0,1.6645002510913993,1.6645002510913993,320.64586817214615,-1.0,344.8733784088041,70.32962227733285,-1.0,87.52321431239629,13.91804532834984,9.025467673082475e-07,-1.0,-1.0,0.23718231601876794
