target_id,prot_ps,prot_acf,prot_cs,e_prot_ps,E_prot_ps,e_prot_acf,E_prot_acf,e_prot_cs,E_prot_cs,sph_ps,sph_acf,sph_cs,e_sph_ps,e_sph_acf,e_sph_cs,h_ps,fa_prob_ps,hacf,gacf,hcs
11397726,13.872537325470235,13.649694610387087,13.71549104249105,0.8099138356342843,0.8099138356342843,-1.0,-1.0,0.46744463792816243,0.46744463792816243,8632.641720991236,8523.48875374284,8550.279285559558,3279.7040337676126,3371.3876046030327,3285.1252449612757,129.6158523437083,5.111525832243866e-57,1.1624373745474796,0.5970306243869962,0.9855557547212624
