target_id,prot_ps,prot_acf,prot_cs,e_prot_ps,E_prot_ps,e_prot_acf,E_prot_acf,e_prot_cs,E_prot_cs,sph_ps,sph_acf,sph_cs,e_sph_ps,e_sph_acf,e_sph_cs,h_ps,fa_prob_ps,hacf,gacf,hcs
11411639,5.243137794558595,10.46203088760376,10.513148469649853,0.16301975751566652,0.16301975751566652,-1.0,-1.0,0.10141528610271519,0.10141528610271519,2355.7808392883776,2471.141428954128,2462.2988708976413,710.0270602836998,712.5746875371199,702.948169947544,236.66207328540517,1.655646046335024e-103,0.8853959271314626,0.5255303169117619,0.9654650626842994
