target_id,prot_ps,prot_acf,prot_cs,e_prot_ps,E_prot_ps,e_prot_acf,E_prot_acf,e_prot_cs,E_prot_cs,sph_ps,sph_acf,sph_cs,e_sph_ps,e_sph_acf,e_sph_cs,h_ps,fa_prob_ps,hacf,gacf,hcs
11455680,5.534751687175314,11.095492116641253,10.969217660229827,0.18518847181772782,0.18518847181772782,-1.0,-1.0,0.05201439552848384,0.05201439552848384,3133.6408689554987,3261.9413014453708,3260.280063657632,1213.233142037352,1095.3308510853212,1090.0921869586182,197.46717827212188,1.742184395120704e-86,0.9212513769794323,0.5717003707562612,0.9460723414945674
