target_id,prot_ps,prot_acf,prot_cs,e_prot_ps,E_prot_ps,e_prot_acf,E_prot_acf,e_prot_cs,E_prot_cs,sph_ps,sph_acf,sph_cs,e_sph_ps,e_sph_acf,e_sph_cs,h_ps,fa_prob_ps,hacf,gacf,hcs
11468301,5.139605661009835,4.883660241030157,5.085768797058992,0.16598215474098035,0.16598215474098035,-1.0,-1.0,0.007860909199509655,0.007860909199509655,638.836038292818,628.761000244494,624.2265222389927,118.03013484335509,114.73017012260334,112.2946095283075,510.4623650352958,2.0370967030397355e-222,0.68300807524168,0.46105975651017017,0.953868348775953
