target_id,prot_ps,prot_acf,prot_cs,e_prot_ps,E_prot_ps,e_prot_acf,E_prot_acf,e_prot_cs,E_prot_cs,sph_ps,sph_acf,sph_cs,e_sph_ps,e_sph_acf,e_sph_cs,h_ps,fa_prob_ps,hacf,gacf,hcs
11445869,5.021701212073548,17.736390316858888,5.005474275033075,2.30224532337516,2.30224532337516,-1.0,-1.0,0.022257856174343022,0.022257856174343022,645.2648224445174,734.1802839227614,670.7158528141039,209.44199610247136,209.22215010100243,205.05559800854562,35.96641811068255,2.398739466829811e-16,0.18222570774156216,0.08082624647217732,0.9782724373581531
