target_id,prot_ps,prot_acf,prot_cs,e_prot_ps,E_prot_ps,e_prot_acf,E_prot_acf,e_prot_cs,E_prot_cs,sph_ps,sph_acf,sph_cs,e_sph_ps,e_sph_acf,e_sph_cs,h_ps,fa_prob_ps,hacf,gacf,hcs
11466153,2.0223045318607387,-1.0,2.0041633610923166,2.5050962839364144,2.5050962839364144,-1.0,-1.0,0.011683781180183478,0.011683781180183478,282.53205874122824,-1.0,278.48122706194965,65.83471861774508,-1.0,64.98057139824151,14.669253764820894,4.2581802009514107e-07,-1.0,-1.0,0.6480949263305145
