target_id,prot_ps,prot_acf,prot_cs,e_prot_ps,E_prot_ps,e_prot_acf,E_prot_acf,e_prot_cs,E_prot_cs,sph_ps,sph_acf,sph_cs,e_sph_ps,e_sph_acf,e_sph_cs,h_ps,fa_prob_ps,hacf,gacf,hcs
11460825,3.322557747629483,-1.0,3.3464758732059834,1.3949738019615918,1.3949738019615918,-1.0,-1.0,0.12952120661315414,0.12952120661315414,381.18486506888456,-1.0,378.3102815659793,81.30420657301785,-1.0,75.46377304767849,18.24693038711548,1.1897585136646919e-08,-1.0,-1.0,0.26551370494552784
