target_id,prot_ps,prot_acf,prot_cs,e_prot_ps,E_prot_ps,e_prot_acf,E_prot_acf,e_prot_cs,E_prot_cs,sph_ps,sph_acf,sph_cs,e_sph_ps,e_sph_acf,e_sph_cs,h_ps,fa_prob_ps,hacf,gacf,hcs
11553761,0.10474979719646396,-1.0,1.6510006457567212,0.10742751064676888,0.10742751064676888,-1.0,-1.0,1.7483720982633086,1.7483720982633086,628.7479011411849,-1.0,699.0378741289758,97.68737239657241,-1.0,81.70854135698664,11.951086693279525,6.452217464594109e-06,-1.0,-1.0,0.15689663820487534
