target_id,prot_ps,prot_acf,prot_cs,e_prot_ps,E_prot_ps,e_prot_acf,E_prot_acf,e_prot_cs,E_prot_cs,sph_ps,sph_acf,sph_cs,e_sph_ps,e_sph_acf,e_sph_cs,h_ps,fa_prob_ps,hacf,gacf,hcs
11508423,54.05617180337301,59.11464342242107,5.291321969488367,7.389056098930604,7.389056098930604,-1.0,-1.0,0.1524612650859613,0.1524612650859613,866.5168754219503,845.9997345536327,758.786845673804,107.24004989813106,126.96963188829876,183.14237972552172,11.612324672878856,9.053812005344492e-06,0.2008773959337916,0.1396696721517425,0.433193699792965
