target_id,prot_ps,prot_acf,prot_cs,e_prot_ps,E_prot_ps,e_prot_acf,E_prot_acf,e_prot_cs,E_prot_cs,sph_ps,sph_acf,sph_cs,e_sph_ps,e_sph_acf,e_sph_cs,h_ps,fa_prob_ps,hacf,gacf,hcs
11506715,0.1363779267585025,54.41489397129044,0.7339225391886062,0.9970924457698502,0.9970924457698502,-1.0,-1.0,0.010376706686901882,0.010376706686901882,573.9578164690475,653.9566567382925,590.4841099594396,91.4066812191369,42.294634648483445,60.71589297525457,11.467335625846788,1.0466450300623577e-05,0.03888783359904695,0.007211216815525464,0.4625094841784293
