target_id,prot_ps,prot_acf,prot_cs,e_prot_ps,E_prot_ps,e_prot_acf,E_prot_acf,e_prot_cs,E_prot_cs,sph_ps,sph_acf,sph_cs,e_sph_ps,e_sph_acf,e_sph_cs,h_ps,fa_prob_ps,hacf,gacf,hcs
11507190,1.056089513306068,51.370244982652366,1.754230521782301,7.389056098930647,7.389056098930647,-1.0,-1.0,0.14260635009729478,0.14260635009729478,722.44864663651,1138.169260207677,800.0112747154914,178.44252771824122,135.93887473423158,208.7669880182863,11.477026708226283,1.0365508973904006e-05,0.11044752179250356,0.05954701108520967,0.48723517883966705
