target_id,prot_ps,prot_acf,prot_cs,e_prot_ps,E_prot_ps,e_prot_acf,E_prot_acf,e_prot_cs,E_prot_cs,sph_ps,sph_acf,sph_cs,e_sph_ps,e_sph_acf,e_sph_cs,h_ps,fa_prob_ps,hacf,gacf,hcs
11551452,0.3088261281269028,-1.0,0.42689316399229194,0.8326681723950239,0.8326681723950239,-1.0,-1.0,0.01083231967897317,0.01083231967897317,235.74052836504296,-1.0,237.47944073304294,23.072069092129357,-1.0,20.858193308629524,11.955491574516607,6.423858717257434e-06,-1.0,-1.0,0.24883386819618916
