target_id,prot_ps,prot_acf,prot_cs,e_prot_ps,E_prot_ps,e_prot_acf,E_prot_acf,e_prot_cs,E_prot_cs,sph_ps,sph_acf,sph_cs,e_sph_ps,e_sph_acf,e_sph_cs,h_ps,fa_prob_ps,hacf,gacf,hcs
11561331,2.797224242717819,1.5325300628319383,2.8893300117924805,0.39275921909574013,0.39275921909574013,-1.0,-1.0,0.18007829639752831,0.18007829639752831,525.972050749605,488.66632814977226,526.4382323886845,127.15542911811048,146.7177251818082,125.8785586182782,64.56255095117727,9.137773403336522e-29,0.09731704504321027,0.3909456502283196,6.462776322485565
