target_id,prot_ps,prot_acf,prot_cs,e_prot_ps,E_prot_ps,e_prot_acf,E_prot_acf,e_prot_cs,E_prot_cs,sph_ps,sph_acf,sph_cs,e_sph_ps,e_sph_acf,e_sph_cs,h_ps,fa_prob_ps,hacf,gacf,hcs
11518511,6.5522656379963715,12.607586688827723,1.6183482427150013,2.2761805782567635,2.2761805782567635,-1.0,-1.0,0.322953176026525,0.322953176026525,530.4669378858489,564.1013665659999,418.71470966150565,164.63211130394032,160.8026185835044,156.34157842707157,15.550334324918,1.764312905704872e-07,0.14479648359066893,0.011422667128421,2.0629957143656674
