target_id,prot_ps,prot_acf,prot_cs,e_prot_ps,E_prot_ps,e_prot_acf,E_prot_acf,e_prot_cs,E_prot_cs,sph_ps,sph_acf,sph_cs,e_sph_ps,e_sph_acf,e_sph_cs,h_ps,fa_prob_ps,hacf,gacf,hcs
11567049,1.1185584501693735,1.1238531512208283,0.5572232474536222,0.03418147622948001,0.03418147622948001,-1.0,-1.0,0.008546707238026715,0.008546707238026715,4180.436195402691,4180.99104629472,4112.262447258854,1624.6937505061626,1622.9577339201333,1678.99049987762,61638.75867416052,0.0,1.6477874440431648,0.950081554928055,0.009574705880076827
