target_id,prot_ps,prot_acf,prot_cs,e_prot_ps,E_prot_ps,e_prot_acf,E_prot_acf,e_prot_cs,E_prot_cs,sph_ps,sph_acf,sph_cs,e_sph_ps,e_sph_acf,e_sph_cs,h_ps,fa_prob_ps,hacf,gacf,hcs
11619989,17.798978328972737,16.18348316475749,17.79495421148521,2.900848279955519,2.900848279955519,-1.0,-1.0,0.12803831513391747,0.12803831513391747,1975.9358197251063,1973.5004617514242,1975.849892209501,452.12126539207804,500.70609015339545,453.01617215961585,41.47246474727518,9.744003007429004e-19,0.6664566197612176,0.34611612559996746,0.7329476083632472
