target_id,prot_ps,prot_acf,prot_cs,e_prot_ps,E_prot_ps,e_prot_acf,E_prot_acf,e_prot_cs,E_prot_cs,sph_ps,sph_acf,sph_cs,e_sph_ps,e_sph_acf,e_sph_cs,h_ps,fa_prob_ps,hacf,gacf,hcs
11602951,1.8912207632784723,3.8006551545113325,3.858238640332992,0.055941176934599525,0.055941176934599525,-1.0,-1.0,0.010895940899295417,0.010895940899295417,6813.386376298595,6951.704660120527,6943.452802755977,2100.8154207802595,1936.8715223088589,2024.491299468275,5522.1259855274,0.0,1.2679761033604549,0.8794324925314287,0.1315938597485544
