target_id,prot_ps,prot_acf,prot_cs,e_prot_ps,E_prot_ps,e_prot_acf,E_prot_acf,e_prot_cs,E_prot_cs,sph_ps,sph_acf,sph_cs,e_sph_ps,e_sph_acf,e_sph_cs,h_ps,fa_prob_ps,hacf,gacf,hcs
11665627,11.575851141130086,23.41709938365966,23.87072905758396,0.4286123329407241,0.4286123329407241,-1.0,-1.0,0.927085563703658,0.927085563703658,3321.154639193347,3387.276162685081,3402.6595616866543,1203.126249265022,1096.9119687371717,1123.4730477206026,75.65615198192432,1.3897947673865738e-33,0.8955520254994808,0.5639815369736413,0.9557842954277138
