target_id,prot_ps,prot_acf,prot_cs,e_prot_ps,E_prot_ps,e_prot_acf,E_prot_acf,e_prot_cs,E_prot_cs,sph_ps,sph_acf,sph_cs,e_sph_ps,e_sph_acf,e_sph_cs,h_ps,fa_prob_ps,hacf,gacf,hcs
11668893,14.595172373852693,59.68681101547554,0.6810549165168776,5.1353715671277245,5.1353715671277245,-1.0,-1.0,0.18296806893181417,0.18296806893181417,540.1746390466396,546.355834687966,460.09329311937245,73.08826041554545,24.379381425482322,45.571778524315995,11.950708270032877,6.454659595725592e-06,0.0894063819999859,0.062359402098870004,0.7208231462570849
