target_id,prot_ps,prot_acf,prot_cs,e_prot_ps,E_prot_ps,e_prot_acf,E_prot_acf,e_prot_cs,E_prot_cs,sph_ps,sph_acf,sph_cs,e_sph_ps,e_sph_acf,e_sph_cs,h_ps,fa_prob_ps,hacf,gacf,hcs
11603122,0.18465503278514322,-1.0,0.10188894694960565,7.389056098930649,7.389056098930649,-1.0,-1.0,0.008629181737115065,0.008629181737115065,598.634817244124,-1.0,586.2633388654215,75.04435288005845,-1.0,96.80470820432593,13.549810847458042,1.3043433192772113e-06,-1.0,-1.0,0.182580113539223
