target_id,prot_ps,prot_acf,prot_cs,e_prot_ps,E_prot_ps,e_prot_acf,E_prot_acf,e_prot_cs,E_prot_cs,sph_ps,sph_acf,sph_cs,e_sph_ps,e_sph_acf,e_sph_cs,h_ps,fa_prob_ps,hacf,gacf,hcs
11668401,13.665979211335896,27.70804945193231,13.806822960306889,1.327023163065939,1.327023163065939,-1.0,-1.0,0.7830839039089887,0.7830839039089887,1168.7019162755332,1198.4776541912117,1162.1068668484654,230.57576625073338,203.1688648177284,245.7871312814103,34.43735937972096,1.1067380721321272e-15,0.525847548107386,0.2822314780625081,0.8418591415535307
