target_id,prot_ps,prot_acf,prot_cs,e_prot_ps,E_prot_ps,e_prot_acf,E_prot_acf,e_prot_cs,E_prot_cs,sph_ps,sph_acf,sph_cs,e_sph_ps,e_sph_acf,e_sph_cs,h_ps,fa_prob_ps,hacf,gacf,hcs
11620956,6.523268109127044,6.497908215969801,6.458314611004517,0.25420265762167654,0.25420265762167654,-1.0,-1.0,0.01685768521840809,0.01685768521840809,6178.507417854697,6146.723866478479,6080.498580310163,2179.8021674322695,2192.906258311016,2206.4201843645887,778.8414967698543,0.0,1.2057930742564729,0.7629389457189708,0.9658697692027873
