target_id,prot_ps,prot_acf,prot_cs,e_prot_ps,E_prot_ps,e_prot_acf,E_prot_acf,e_prot_cs,E_prot_cs,sph_ps,sph_acf,sph_cs,e_sph_ps,e_sph_acf,e_sph_cs,h_ps,fa_prob_ps,hacf,gacf,hcs
11652033,0.7781886412852248,22.762994155287743,0.7755797274386246,0.803686256831655,0.803686256831655,-1.0,-1.0,0.014008545418118091,0.014008545418118091,644.3301337137954,1239.2618102109575,650.128733683039,171.4873257277893,318.53602810874827,172.07111416725743,34.51775296928952,1.0212459746786432e-15,0.17394661050762567,0.015440282823974067,2.6609290149184455
