target_id,prot_ps,prot_acf,prot_cs,e_prot_ps,E_prot_ps,e_prot_acf,E_prot_acf,e_prot_cs,E_prot_cs,sph_ps,sph_acf,sph_cs,e_sph_ps,e_sph_acf,e_sph_cs,h_ps,fa_prob_ps,hacf,gacf,hcs
11616687,16.58521278522377,50.49174563027918,1.8578714198959074,0.6203091206857686,0.6203091206857686,-1.0,-1.0,0.011458114181013156,0.011458114181013156,436.9299486409907,452.99976354074585,346.6369838857453,134.31871087740288,90.49153678695887,91.0628948543292,35.64864952602926,3.2960077450429976e-16,0.09082745242637452,0.08671817361759906,0.11506910910293938
