target_id,prot_ps,prot_acf,prot_cs,e_prot_ps,E_prot_ps,e_prot_acf,E_prot_acf,e_prot_cs,E_prot_cs,sph_ps,sph_acf,sph_cs,e_sph_ps,e_sph_acf,e_sph_cs,h_ps,fa_prob_ps,hacf,gacf,hcs
11766331,0.19787408707882106,55.29364434443414,1.9193392510246483,0.31501337139747765,0.31501337139747765,-1.0,-1.0,0.037900194228743744,0.037900194228743744,536.2945377068949,913.868221024754,663.2784175175406,89.06219316514898,120.6062667000567,151.22460875598006,13.707302920003135,1.1142790880058547e-06,0.14984323084422047,0.07578000954597611,0.2611334495921268
