target_id,prot_ps,prot_acf,prot_cs,e_prot_ps,E_prot_ps,e_prot_acf,E_prot_acf,e_prot_cs,E_prot_cs,sph_ps,sph_acf,sph_cs,e_sph_ps,e_sph_acf,e_sph_cs,h_ps,fa_prob_ps,hacf,gacf,hcs
11764306,25.605554916686547,25.41950332559645,25.562325818135054,0.9679870769630463,0.9679870769630463,-1.0,-1.0,0.5875819588608368,0.5875819588608368,4858.725317030186,4864.649455177378,4859.638278890053,1641.5551773443296,1682.1024899706106,1650.700667261293,101.12173247718563,1.211684590057312e-44,1.1109241008436976,0.6598769149907775,0.9969594961052254
