target_id,prot_ps,prot_acf,prot_cs,e_prot_ps,E_prot_ps,e_prot_acf,E_prot_acf,e_prot_cs,E_prot_cs,sph_ps,sph_acf,sph_cs,e_sph_ps,e_sph_acf,e_sph_cs,h_ps,fa_prob_ps,hacf,gacf,hcs
11773625,0.24086372591761063,-1.0,2.5072734859933035,0.2807006166886977,0.2807006166886977,-1.0,-1.0,0.13896526051615532,0.13896526051615532,175.10226682802823,-1.0,195.6061868465803,20.708349320747732,-1.0,29.54161775332404,11.190765805484927,1.3801051052387123e-05,-1.0,-1.0,0.15468572203114603
