target_id,prot_ps,prot_acf,prot_cs,e_prot_ps,E_prot_ps,e_prot_acf,E_prot_acf,e_prot_cs,E_prot_cs,sph_ps,sph_acf,sph_cs,e_sph_ps,e_sph_acf,e_sph_cs,h_ps,fa_prob_ps,hacf,gacf,hcs
11703279,0.6639342445508314,-1.0,2.9925040022935714,7.389056098930649,7.389056098930649,-1.0,-1.0,0.15324014062678512,0.15324014062678512,230.63741181848968,-1.0,289.90719180717133,40.67363510386197,-1.0,151.25759510725342,17.00468680627575,4.12058003100432e-08,-1.0,-1.0,0.3346168589534265
