target_id,prot_ps,prot_acf,prot_cs,e_prot_ps,E_prot_ps,e_prot_acf,E_prot_acf,e_prot_cs,E_prot_cs,sph_ps,sph_acf,sph_cs,e_sph_ps,e_sph_acf,e_sph_cs,h_ps,fa_prob_ps,hacf,gacf,hcs
11753541,13.386723372813623,26.236747859045863,0.1416048774645784,1.0759320924117652,1.0759320924117652,-1.0,-1.0,0.010950331292154447,0.010950331292154447,1349.1691363578018,1394.807344126171,254.9646561890443,479.8988297716547,366.6090192532824,76.02932418382764,25.74892663831528,6.567245416031537e-12,0.5120647323461955,0.2867462175563832,0.6733224724905421
