target_id,prot_ps,prot_acf,prot_cs,e_prot_ps,E_prot_ps,e_prot_acf,E_prot_acf,e_prot_cs,E_prot_cs,sph_ps,sph_acf,sph_cs,e_sph_ps,e_sph_acf,e_sph_cs,h_ps,fa_prob_ps,hacf,gacf,hcs
11703756,0.1469302703393918,-1.0,1.412433424255984,0.2201406111232413,0.2201406111232413,-1.0,-1.0,0.011409629339822074,0.011409629339822074,103.32499375654199,-1.0,128.02055729007353,14.640292164998941,-1.0,30.8619460955382,17.672637449794458,2.1128617203470563e-08,-1.0,-1.0,0.3380107189617139
