target_id,prot_ps,prot_acf,prot_cs,e_prot_ps,E_prot_ps,e_prot_acf,E_prot_acf,e_prot_cs,E_prot_cs,sph_ps,sph_acf,sph_cs,e_sph_ps,e_sph_acf,e_sph_cs,h_ps,fa_prob_ps,hacf,gacf,hcs
11761036,0.21644901520604584,-1.0,0.7179525017423625,1.0337639954079125,1.0337639954079125,-1.0,-1.0,0.008796843155350287,0.008796843155350287,283.01770344336063,-1.0,315.3195905649377,40.92884891006235,-1.0,53.72924725328362,15.794218586093754,1.3824773416331004e-07,-1.0,-1.0,0.17868205039637594
