target_id,prot_ps,prot_acf,prot_cs,e_prot_ps,E_prot_ps,e_prot_acf,E_prot_acf,e_prot_cs,E_prot_cs,sph_ps,sph_acf,sph_cs,e_sph_ps,e_sph_acf,e_sph_cs,h_ps,fa_prob_ps,hacf,gacf,hcs
11709244,14.170058629796284,14.099237699992955,14.178849297311945,0.539356495634393,0.539356495634393,-1.0,-1.0,0.0921884650692936,0.0921884650692936,5796.639820493642,5792.050941530278,5795.683685839755,1871.0629807437217,1935.4658628805762,1867.1528460350755,156.0747607784612,1.6504129760882884e-68,0.9124283577577903,0.5518907598681779,0.9348283125718843
