target_id,prot_ps,prot_acf,prot_cs,e_prot_ps,E_prot_ps,e_prot_acf,E_prot_acf,e_prot_cs,E_prot_cs,sph_ps,sph_acf,sph_cs,e_sph_ps,e_sph_acf,e_sph_cs,h_ps,fa_prob_ps,hacf,gacf,hcs
11766556,0.1970967020218571,41.62273679673672,2.703536723405122,7.38905601645863,7.38905601645863,-1.0,-1.0,1.914415214703154,1.914415214703154,675.4120243541787,1343.249125305464,893.2975347209832,91.73830382122149,0.0,201.12235413151114,11.08060572367613,1.5408277026502766e-05,0.10029988750801912,0.012431986144794209,0.33821404813081796
