target_id,prot_ps,prot_acf,prot_cs,e_prot_ps,E_prot_ps,e_prot_acf,E_prot_acf,e_prot_cs,E_prot_cs,sph_ps,sph_acf,sph_cs,e_sph_ps,e_sph_acf,e_sph_cs,h_ps,fa_prob_ps,hacf,gacf,hcs
11751896,0.10595074554840743,53.78148416057229,1.6742994733455259,0.2907254054796632,0.2907254054796632,-1.0,-1.0,0.010545252684078821,0.010545252684078821,100.55999602237878,452.9261701576267,282.22078457267145,21.11963763060401,146.50776931307473,164.27450832876502,13.265777883935108,1.7327897362480561e-06,0.1194377589875582,0.09128807641623059,0.6357933555531787
