target_id,prot_ps,prot_acf,prot_cs,e_prot_ps,E_prot_ps,e_prot_acf,E_prot_acf,e_prot_cs,E_prot_cs,sph_ps,sph_acf,sph_cs,e_sph_ps,e_sph_acf,e_sph_cs,h_ps,fa_prob_ps,hacf,gacf,hcs
11768389,0.11551650198311215,-1.0,2.751191448345781,0.1923167031029142,0.1923167031029142,-1.0,-1.0,0.6565364011129184,0.6565364011129184,649.0678401642075,-1.0,718.6594421007742,122.85938792818078,-1.0,100.6370937040506,14.539490829707232,4.848187003009357e-07,-1.0,-1.0,0.13014872368151317
