target_id,prot_ps,prot_acf,prot_cs,e_prot_ps,E_prot_ps,e_prot_acf,E_prot_acf,e_prot_cs,E_prot_cs,sph_ps,sph_acf,sph_cs,e_sph_ps,e_sph_acf,e_sph_cs,h_ps,fa_prob_ps,hacf,gacf,hcs
11753767,1.2073300253820551,2.4111687084659934,2.4185578305186253,0.03214065300159809,0.03214065300159809,-1.0,-1.0,0.01053302902297113,0.01053302902297113,9451.633848187652,9533.25918212744,9524.911045123503,1334.7972838945186,1372.0563477894732,1431.701968775587,34268.67380363486,0.0,1.3060138558475525,0.9351142006657003,0.05832777089161242
