target_id,prot_ps,prot_acf,prot_cs,e_prot_ps,E_prot_ps,e_prot_acf,E_prot_acf,e_prot_cs,E_prot_cs,sph_ps,sph_acf,sph_cs,e_sph_ps,e_sph_acf,e_sph_cs,h_ps,fa_prob_ps,hacf,gacf,hcs
11775950,6.611728107185574,15.468292351812124,16.079098288616454,2.1507248053325614,2.1507248053325614,-1.0,-1.0,0.5655442753217222,0.5655442753217222,2668.450523751717,2791.6559682986276,2823.923630952258,1018.4189005060156,933.9038689513612,890.6042005555461,61.5066895279983,1.9408149900853733e-27,0.6939884336209864,0.3864956686672827,0.5473520052543907
