target_id,prot_ps,prot_acf,prot_cs,e_prot_ps,E_prot_ps,e_prot_acf,E_prot_acf,e_prot_cs,E_prot_cs,sph_ps,sph_acf,sph_cs,e_sph_ps,e_sph_acf,e_sph_cs,h_ps,fa_prob_ps,hacf,gacf,hcs
11719736,7.974857867811173,15.16181589756161,16.00989447471658,0.29332769223989386,0.29332769223989386,-1.0,-1.0,0.40004055640514236,0.40004055640514236,565.8027566221981,599.7275353900184,598.7701271472146,168.68589544233586,142.02707760252835,146.2781379811321,44.702531838654096,3.8542252776421284e-20,0.17063341487758912,0.11419499892855049,0.9719975472331843
