target_id,prot_ps,prot_acf,prot_cs,e_prot_ps,E_prot_ps,e_prot_acf,E_prot_acf,e_prot_cs,E_prot_cs,sph_ps,sph_acf,sph_cs,e_sph_ps,e_sph_acf,e_sph_cs,h_ps,fa_prob_ps,hacf,gacf,hcs
11871782,0.34639559862756447,-1.0,0.5939206405115515,1.1126850278319937,1.1126850278319937,-1.0,-1.0,0.013293625156281028,0.013293625156281028,488.164479983889,-1.0,508.98527784588987,66.47066044202603,-1.0,77.90165608244831,13.994267463209988,8.363091770620723e-07,-1.0,-1.0,0.2793631752662421
