target_id,prot_ps,prot_acf,prot_cs,e_prot_ps,E_prot_ps,e_prot_acf,E_prot_acf,e_prot_cs,E_prot_cs,sph_ps,sph_acf,sph_cs,e_sph_ps,e_sph_acf,e_sph_cs,h_ps,fa_prob_ps,hacf,gacf,hcs
11853243,18.711527692774272,19.309739735908806,18.90433736938983,3.293075941837525,3.293075941837525,-1.0,-1.0,1.695316016190212,1.695316016190212,1905.8615053229587,1846.6238292539383,1912.3396376836758,582.7797072755508,574.5301485211646,587.0897846132482,20.857874107139267,8.740582392992058e-10,0.6798561337909459,0.37517164338067,0.9463521088604017
