target_id,prot_ps,prot_acf,prot_cs,e_prot_ps,E_prot_ps,e_prot_acf,E_prot_acf,e_prot_cs,E_prot_cs,sph_ps,sph_acf,sph_cs,e_sph_ps,e_sph_acf,e_sph_cs,h_ps,fa_prob_ps,hacf,gacf,hcs
11876496,45.8759241739495,-1.0,2.8966814556501808,7.389056098930649,7.389056098930649,-1.0,-1.0,0.060359278610997935,0.060359278610997935,1149.8814791262514,-1.0,873.1111250420144,180.42183148014811,-1.0,179.09888053075537,13.466104610990106,1.418224797566338e-06,-1.0,-1.0,0.19778068427965836
