target_id,prot_ps,prot_acf,prot_cs,e_prot_ps,E_prot_ps,e_prot_acf,E_prot_acf,e_prot_cs,E_prot_cs,sph_ps,sph_acf,sph_cs,e_sph_ps,e_sph_acf,e_sph_cs,h_ps,fa_prob_ps,hacf,gacf,hcs
11804320,0.23400846850297213,58.95093886181712,2.9375743253418185,0.5455023044615176,0.5455023044615176,-1.0,-1.0,0.15929495403068802,0.15929495403068802,786.5597673648311,960.2133839546768,837.203621912273,121.07620163263827,73.88096994109561,99.52621787664053,12.091819066139733,5.605181802807241e-06,0.02089852549328747,0.0009133061169714178,0.40936170999107113
