target_id,prot_ps,prot_acf,prot_cs,e_prot_ps,E_prot_ps,e_prot_acf,E_prot_acf,e_prot_cs,E_prot_cs,sph_ps,sph_acf,sph_cs,e_sph_ps,e_sph_acf,e_sph_cs,h_ps,fa_prob_ps,hacf,gacf,hcs
11803334,0.5917676609604526,-1.0,2.7242073117569086,7.389056098930637,7.389056098930637,-1.0,-1.0,0.8523982929571142,0.8523982929571142,136.11660832563214,-1.0,153.09811481132306,16.255205979533777,-1.0,21.165843772696153,19.12549734278309,4.9419920265683345e-09,-1.0,-1.0,0.1752122601535555
