target_id,prot_ps,prot_acf,prot_cs,e_prot_ps,E_prot_ps,e_prot_acf,E_prot_acf,e_prot_cs,E_prot_cs,sph_ps,sph_acf,sph_cs,e_sph_ps,e_sph_acf,e_sph_cs,h_ps,fa_prob_ps,hacf,gacf,hcs
11858760,36.48785302342425,37.00537199014798,36.12958499760368,3.323708210826566,3.323708210826566,-1.0,-1.0,1.8121686020758123,1.8121686020758123,564.7871111431086,560.3870832110599,565.4798378535347,81.9984950799276,96.06433988599994,80.9283886312678,28.846998294152005,2.9642021734408996e-13,0.5722251665361944,0.2335263527677714,0.9851174820324539
