target_id,prot_ps,prot_acf,prot_cs,e_prot_ps,E_prot_ps,e_prot_acf,E_prot_acf,e_prot_cs,E_prot_cs,sph_ps,sph_acf,sph_cs,e_sph_ps,e_sph_acf,e_sph_cs,h_ps,fa_prob_ps,hacf,gacf,hcs
11809639,8.53517412916316,59.5641084224917,1.9622440246352928,7.389056098930649,7.389056098930649,-1.0,-1.0,1.060030476179031,1.060030476179031,603.331370584325,666.0573377983222,466.9209242495269,169.02557814461454,82.8263656281627,117.96188916600761,12.378957561946796,4.206172107728886e-06,0.13954824845818964,0.06541836371156937,0.3258306337753233
