target_id,prot_ps,prot_acf,prot_cs,e_prot_ps,E_prot_ps,e_prot_acf,E_prot_acf,e_prot_cs,E_prot_cs,sph_ps,sph_acf,sph_cs,e_sph_ps,e_sph_acf,e_sph_cs,h_ps,fa_prob_ps,hacf,gacf,hcs
11868854,0.10347385977510856,-1.0,1.8780995960878377,0.1601976763360418,0.1601976763360418,-1.0,-1.0,0.011942462524160756,0.011942462524160756,838.6222100124294,-1.0,1060.113286697165,178.09306389957288,-1.0,325.46750544152275,16.633945219587446,5.969931924241778e-08,-1.0,-1.0,0.28075086918630104
