target_id,prot_ps,prot_acf,prot_cs,e_prot_ps,E_prot_ps,e_prot_acf,E_prot_acf,e_prot_cs,E_prot_cs,sph_ps,sph_acf,sph_cs,e_sph_ps,e_sph_acf,e_sph_cs,h_ps,fa_prob_ps,hacf,gacf,hcs
11912536,45.8626060716995,58.19516484439373,0.8496330597717316,7.389056098930649,7.389056098930649,-1.0,-1.0,2.959499242261558,2.959499242261558,1100.4301298111604,1119.3948701402746,790.1706182759908,110.46299598491107,57.30666396772987,93.41305635662074,17.304865315351073,3.052055898438452e-08,0.13634549575783497,0.034970466703164484,0.2890153732535913
