target_id,prot_ps,prot_acf,prot_cs,e_prot_ps,E_prot_ps,e_prot_acf,E_prot_acf,e_prot_cs,E_prot_cs,sph_ps,sph_acf,sph_cs,e_sph_ps,e_sph_acf,e_sph_cs,h_ps,fa_prob_ps,hacf,gacf,hcs
11924257,0.22243458319062734,-1.0,0.5984984408738091,0.35138738552144755,0.35138738552144755,-1.0,-1.0,0.2164665823252438,0.2164665823252438,514.2782185231018,-1.0,523.8141140274965,51.45685490044034,-1.0,36.65501992744005,19.321853932790983,4.060929564398435e-09,-1.0,-1.0,0.11976365490251654
