target_id,prot_ps,prot_acf,prot_cs,e_prot_ps,E_prot_ps,e_prot_acf,E_prot_acf,e_prot_cs,E_prot_cs,sph_ps,sph_acf,sph_cs,e_sph_ps,e_sph_acf,e_sph_cs,h_ps,fa_prob_ps,hacf,gacf,hcs
11905430,0.2719233245406737,43.320513516664505,0.38436738643866253,0.4074347296284044,0.4074347296284044,-1.0,-1.0,3.882498846362365,3.882498846362365,2109.4603393374196,8308.967414264407,2164.2079617832774,225.17794665913374,0.0,221.65416107755672,12.032430328054788,5.948149899290081e-06,0.7896879677357052,0.4004926261970734,0.7926811364321321
