target_id,prot_ps,prot_acf,prot_cs,e_prot_ps,E_prot_ps,e_prot_acf,E_prot_acf,e_prot_cs,E_prot_cs,sph_ps,sph_acf,sph_cs,e_sph_ps,e_sph_acf,e_sph_cs,h_ps,fa_prob_ps,hacf,gacf,hcs
11954852,8.105822797323311,-1.0,8.07315197030542,5.554251742105408,5.554251742105408,-1.0,-1.0,0.18114172424776456,0.18114172424776456,285.6718871491996,-1.0,286.88734559261235,78.87436422183329,-1.0,77.26450351245886,15.876741118505397,1.272972265295384e-07,-1.0,-1.0,0.29479457741146836
