target_id,prot_ps,prot_acf,prot_cs,e_prot_ps,E_prot_ps,e_prot_acf,E_prot_acf,e_prot_cs,E_prot_cs,sph_ps,sph_acf,sph_cs,e_sph_ps,e_sph_acf,e_sph_cs,h_ps,fa_prob_ps,hacf,gacf,hcs
12023060,0.1322047253906853,-1.0,1.8838022433043353,0.27088504138206326,0.27088504138206326,-1.0,-1.0,0.011388433533601021,0.011388433533601021,473.9945731765134,-1.0,499.69187205427164,73.34388648154439,-1.0,43.4955232626312,8.880289634611826,0.00013910387043109242,-1.0,-1.0,0.19318930772510468
