target_id,prot_ps,prot_acf,prot_cs,e_prot_ps,E_prot_ps,e_prot_acf,E_prot_acf,e_prot_cs,E_prot_cs,sph_ps,sph_acf,sph_cs,e_sph_ps,e_sph_acf,e_sph_cs,h_ps,fa_prob_ps,hacf,gacf,hcs
12024088,53.839452725557116,-1.0,2.9512352140992877,7.389056098930649,7.389056098930649,-1.0,-1.0,0.2190386154167485,0.2190386154167485,2456.688770381802,-1.0,1289.2795494463953,575.4190135512059,-1.0,578.5996865233202,19.587711084991454,3.1128999513302126e-09,-1.0,-1.0,0.2495313145650709
