target_id,prot_ps,prot_acf,prot_cs,e_prot_ps,E_prot_ps,e_prot_acf,E_prot_acf,e_prot_cs,E_prot_cs,sph_ps,sph_acf,sph_cs,e_sph_ps,e_sph_acf,e_sph_cs,h_ps,fa_prob_ps,hacf,gacf,hcs
12056058,0.6608057305065089,-1.0,0.18574196635745463,7.389056098930383,7.389056098930383,-1.0,-1.0,0.01934606204234111,0.01934606204234111,383.1801318125556,-1.0,343.31455510671213,65.70352259681694,-1.0,57.173649804981885,15.05633492385494,2.8914575776320647e-07,-1.0,-1.0,0.21861084527297803
