target_id,prot_ps,prot_acf,prot_cs,e_prot_ps,E_prot_ps,e_prot_acf,E_prot_acf,e_prot_cs,E_prot_cs,sph_ps,sph_acf,sph_cs,e_sph_ps,e_sph_acf,e_sph_cs,h_ps,fa_prob_ps,hacf,gacf,hcs
12062063,14.033805990729533,13.935766689479351,14.077010594747016,0.6378887093619499,0.6378887093619499,-1.0,-1.0,0.1191586020224377,0.1191586020224377,4453.1242248101535,4443.314421633031,4449.260087813406,1762.282202247967,1804.0629929574845,1753.4724498251276,174.13362262684154,2.3698921332293337e-76,0.9027143585667423,0.5411629773840697,0.9855706651474975
