target_id,prot_ps,prot_acf,prot_cs,e_prot_ps,E_prot_ps,e_prot_acf,E_prot_acf,e_prot_cs,E_prot_cs,sph_ps,sph_acf,sph_cs,e_sph_ps,e_sph_acf,e_sph_cs,h_ps,fa_prob_ps,hacf,gacf,hcs
12071107,0.4466035088152948,-1.0,1.6923190101608632,0.7698436633407917,0.7698436633407917,-1.0,-1.0,1.3569545736046902,1.3569545736046902,227.23842351957836,-1.0,247.49117237057396,26.500364816897143,-1.0,41.96421538137616,13.947882080092564,8.760154754803855e-07,-1.0,-1.0,0.2237244267562595
