target_id,prot_ps,prot_acf,prot_cs,e_prot_ps,E_prot_ps,e_prot_acf,E_prot_acf,e_prot_cs,E_prot_cs,sph_ps,sph_acf,sph_cs,e_sph_ps,e_sph_acf,e_sph_cs,h_ps,fa_prob_ps,hacf,gacf,hcs
12007823,3.04500483700352,-1.0,3.0748561954873157,1.613858934363129,1.613858934363129,-1.0,-1.0,0.2602327154059635,0.2602327154059635,497.66330583603286,-1.0,503.56312355923995,87.45094974029172,-1.0,83.41473081256923,15.478155640546037,1.8963671136113014e-07,-1.0,-1.0,0.3084421714532644
