target_id,prot_ps,prot_acf,prot_cs,e_prot_ps,E_prot_ps,e_prot_acf,E_prot_acf,e_prot_cs,E_prot_cs,sph_ps,sph_acf,sph_cs,e_sph_ps,e_sph_acf,e_sph_cs,h_ps,fa_prob_ps,hacf,gacf,hcs
12152443,45.94238500073823,49.224753440357745,46.43555508228018,2.7273243172254293,2.7273243172254293,-1.0,-1.0,1.4263467501623923,1.4263467501623923,230.70407612506173,237.15143951975287,241.0051230792005,66.05813032102652,64.52138915932517,65.22474479890292,29.35739579399304,1.779282894601788e-13,0.30647264111082406,0.18909356820630746,0.06913804687847346
