target_id,prot_ps,prot_acf,prot_cs,e_prot_ps,E_prot_ps,e_prot_acf,E_prot_acf,e_prot_cs,E_prot_cs,sph_ps,sph_acf,sph_cs,e_sph_ps,e_sph_acf,e_sph_cs,h_ps,fa_prob_ps,hacf,gacf,hcs
12167133,5.074351602565371,35.881569335237145,5.074571108143159,4.256681620293974,4.256681620293974,-1.0,-1.0,0.015999731632416574,0.015999731632416574,1348.0557587656901,1523.256356897617,1348.0557587656901,408.24881670742235,228.22724972527243,408.24881670742235,24.959413819904285,1.4463197159986022e-11,0.2346104680205791,0.06106801160554467,0.4735697605961806
