target_id,prot_ps,prot_acf,prot_cs,e_prot_ps,E_prot_ps,e_prot_acf,E_prot_acf,e_prot_cs,E_prot_cs,sph_ps,sph_acf,sph_cs,e_sph_ps,e_sph_acf,e_sph_cs,h_ps,fa_prob_ps,hacf,gacf,hcs
12119331,0.2823563802914907,-1.0,1.452122677303643,0.27371817219935896,0.27371817219935896,-1.0,-1.0,0.009405467182418536,0.009405467182418536,285.8782815825196,-1.0,391.65830279179966,41.39631390396832,-1.0,118.25156961360976,13.695576938011822,1.1274220107687536e-06,-1.0,-1.0,0.616731807296776
