target_id,prot_ps,prot_acf,prot_cs,e_prot_ps,E_prot_ps,e_prot_acf,E_prot_acf,e_prot_cs,E_prot_cs,sph_ps,sph_acf,sph_cs,e_sph_ps,e_sph_acf,e_sph_cs,h_ps,fa_prob_ps,hacf,gacf,hcs
12153141,16.22150715358465,-1.0,1.3242557341867567,4.191455254253324,4.191455254253324,-1.0,-1.0,0.011494774036257285,0.011494774036257285,1326.4192431333345,-1.0,794.7614370482428,372.4539527438013,-1.0,194.70914111394396,18.152035066051095,1.3081915377476751e-08,-1.0,-1.0,0.2592962023286375
