target_id,prot_ps,prot_acf,prot_cs,e_prot_ps,E_prot_ps,e_prot_acf,E_prot_acf,e_prot_cs,E_prot_cs,sph_ps,sph_acf,sph_cs,e_sph_ps,e_sph_acf,e_sph_cs,h_ps,fa_prob_ps,hacf,gacf,hcs
12115283,52.11100487781677,-1.0,0.8698621606361122,7.389056098930649,7.389056098930649,-1.0,-1.0,0.03559819458295656,0.03559819458295656,656.9368537941618,-1.0,453.63598988520215,96.97560276932299,-1.0,77.41233083817819,19.25755672559634,4.3306130386161675e-09,-1.0,-1.0,0.2303578130676984
