target_id,prot_ps,prot_acf,prot_cs,e_prot_ps,E_prot_ps,e_prot_acf,E_prot_acf,e_prot_cs,E_prot_cs,sph_ps,sph_acf,sph_cs,e_sph_ps,e_sph_acf,e_sph_cs,h_ps,fa_prob_ps,hacf,gacf,hcs
12158152,0.179045189301842,-1.0,2.7654924444388596,7.389056098930649,7.389056098930649,-1.0,-1.0,0.353261959915172,0.353261959915172,545.1905515754675,-1.0,631.663881314601,90.0861860052686,-1.0,97.30754575793249,15.073301379807642,2.842813614713718e-07,-1.0,-1.0,0.236602288770771
