target_id,prot_ps,prot_acf,prot_cs,e_prot_ps,E_prot_ps,e_prot_acf,E_prot_acf,e_prot_cs,E_prot_cs,sph_ps,sph_acf,sph_cs,e_sph_ps,e_sph_acf,e_sph_cs,h_ps,fa_prob_ps,hacf,gacf,hcs
12108870,17.37517252472836,17.859019768424332,17.542298021959137,1.2626110501290932,1.2626110501290932,-1.0,-1.0,1.079084175866538,1.079084175866538,3550.7415107804077,3501.8979455777926,3540.6838986011235,794.0832496214562,932.9450132587735,867.9762318161487,82.60146277359128,1.3385682521443239e-36,1.0243330001185185,0.5522131044482034,0.952109935524495
