target_id,prot_ps,prot_acf,prot_cs,e_prot_ps,E_prot_ps,e_prot_acf,E_prot_acf,e_prot_cs,E_prot_cs,sph_ps,sph_acf,sph_cs,e_sph_ps,e_sph_acf,e_sph_cs,h_ps,fa_prob_ps,hacf,gacf,hcs
12120023,45.941028283907364,-1.0,1.903091328668414,7.389056098930649,7.389056098930649,-1.0,-1.0,0.011213206036219952,0.011213206036219952,144.14377923145724,-1.0,113.85182152921207,6.887478781971234,-1.0,12.213886435195421,14.53543639365129,4.867883569453142e-07,-1.0,-1.0,0.08178956922408753
