target_id,prot_ps,prot_acf,prot_cs,e_prot_ps,E_prot_ps,e_prot_acf,E_prot_acf,e_prot_cs,E_prot_cs,sph_ps,sph_acf,sph_cs,e_sph_ps,e_sph_acf,e_sph_cs,h_ps,fa_prob_ps,hacf,gacf,hcs
12153551,12.802769071299972,25.582953561097383,12.788435087859483,0.7214193884690828,0.7214193884690828,-1.0,-1.0,0.34216722120831505,0.34216722120831505,1402.8367435855848,1407.7493004140445,1401.8029360277142,423.2631158632632,352.00269815436656,426.0773915349138,49.38853716009953,3.5549282697618983e-22,0.6198934153736393,0.3185373183672398,0.25761194822251543
