target_id,prot_ps,prot_acf,prot_cs,e_prot_ps,E_prot_ps,e_prot_acf,E_prot_acf,e_prot_cs,E_prot_cs,sph_ps,sph_acf,sph_cs,e_sph_ps,e_sph_acf,e_sph_cs,h_ps,fa_prob_ps,hacf,gacf,hcs
12156880,2.98469966344901,-1.0,2.953487494848669,1.7336545511950407,1.7336545511950407,-1.0,-1.0,0.14285354918593082,0.14285354918593082,134.96461417496684,-1.0,131.59514844327958,58.66916110772221,-1.0,50.19228233404029,13.806283789812488,1.0092694659970547e-06,-1.0,-1.0,0.5460304230374514
