target_id,prot_ps,prot_acf,prot_cs,e_prot_ps,E_prot_ps,e_prot_acf,E_prot_acf,e_prot_cs,E_prot_cs,sph_ps,sph_acf,sph_cs,e_sph_ps,e_sph_acf,e_sph_cs,h_ps,fa_prob_ps,hacf,gacf,hcs
12203913,20.556525036056158,19.800202678889036,20.350685093924408,1.5012519326710771,1.5012519326710771,-1.0,-1.0,1.0595665007802428,1.0595665007802428,3169.48264934041,3145.749989053179,3167.7878592047828,667.3519541215193,719.2161984342025,708.3208815549558,80.98955198512009,6.709412308123845e-36,0.7912115789318547,0.4203534122776426,0.9513138408284225
