target_id,prot_ps,prot_acf,prot_cs,e_prot_ps,E_prot_ps,e_prot_acf,E_prot_acf,e_prot_cs,E_prot_cs,sph_ps,sph_acf,sph_cs,e_sph_ps,e_sph_acf,e_sph_cs,h_ps,fa_prob_ps,hacf,gacf,hcs
12268307,2.9067418251000343,-1.0,0.5709779034893956,1.4687325578535055,1.4687325578535055,-1.0,-1.0,0.011804318620078738,0.011804318620078738,741.3831665111585,-1.0,682.8077308320122,77.74901791792664,-1.0,55.40914352167321,7.987135576923645,0.0003398060389122515,-1.0,-1.0,0.39593565018291926
