target_id,prot_ps,prot_acf,prot_cs,e_prot_ps,E_prot_ps,e_prot_acf,E_prot_acf,e_prot_cs,E_prot_cs,sph_ps,sph_acf,sph_cs,e_sph_ps,e_sph_acf,e_sph_cs,h_ps,fa_prob_ps,hacf,gacf,hcs
12206157,47.06794509812464,55.74299434944987,1.577886372311041,7.389056098930649,7.389056098930649,-1.0,-1.0,0.09605950197052913,0.09605950197052913,450.3426572771714,450.6498748761466,304.389060449493,40.60828048333276,51.4151297571048,49.42340593837968,19.03646788973118,5.402154995569186e-09,0.23244252651141364,0.11402622187900983,0.381571554643174
