target_id,prot_ps,prot_acf,prot_cs,e_prot_ps,E_prot_ps,e_prot_acf,E_prot_acf,e_prot_cs,E_prot_cs,sph_ps,sph_acf,sph_cs,e_sph_ps,e_sph_acf,e_sph_cs,h_ps,fa_prob_ps,hacf,gacf,hcs
12268654,54.040837316601156,-1.0,1.901559878541157,7.3890560988797676,7.3890560988797676,-1.0,-1.0,0.8581524253426889,0.8581524253426889,430.2271306243756,-1.0,223.78505589486815,51.928921759804915,-1.0,72.76561786969694,14.695822105310988,4.1465370729367185e-07,-1.0,-1.0,0.3171904486902219
