target_id,prot_ps,prot_acf,prot_cs,e_prot_ps,E_prot_ps,e_prot_acf,E_prot_acf,e_prot_cs,E_prot_cs,sph_ps,sph_acf,sph_cs,e_sph_ps,e_sph_acf,e_sph_cs,h_ps,fa_prob_ps,hacf,gacf,hcs
12265967,16.97106941143234,-1.0,1.9217871367698538,6.100507597692886,6.100507597692886,-1.0,-1.0,0.23177156466304064,0.23177156466304064,1273.9289371857449,-1.0,665.4316728687204,365.9427786286631,-1.0,356.9425771250841,23.608328078221692,5.585131317134114e-11,-1.0,-1.0,0.29834189605107225
