target_id,prot_ps,prot_acf,prot_cs,e_prot_ps,E_prot_ps,e_prot_acf,E_prot_acf,e_prot_cs,E_prot_cs,sph_ps,sph_acf,sph_cs,e_sph_ps,e_sph_acf,e_sph_cs,h_ps,fa_prob_ps,hacf,gacf,hcs
12251852,13.914294776635836,27.62700480595231,0.9287332606734707,0.6484080181025478,0.6484080181025478,-1.0,-1.0,0.590375640457882,0.590375640457882,3471.878348921734,3784.6709373319477,2409.5472963730663,405.3510601367341,0.0,238.27725574507187,15.110193563401157,2.7398470222813126e-07,0.2532265059028536,0.4232963625343762,1.0435682835551154
