target_id,prot_ps,prot_acf,prot_cs,e_prot_ps,E_prot_ps,e_prot_acf,E_prot_acf,e_prot_cs,E_prot_cs,sph_ps,sph_acf,sph_cs,e_sph_ps,e_sph_acf,e_sph_cs,h_ps,fa_prob_ps,hacf,gacf,hcs
12365337,5.8468280121941785,2.9628947633318603,5.8489348461850685,0.1649390549087045,0.1649390549087045,-1.0,-1.0,0.030826877279059254,0.030826877279059254,357.75085538831786,316.83297594250104,357.3209439820572,95.43835134002256,82.71015504140269,94.41860428003415,834.3628974650568,0.0,0.09165615793153453,0.5024874198007128,1.6890597774831686
