target_id,prot_ps,prot_acf,prot_cs,e_prot_ps,E_prot_ps,e_prot_acf,E_prot_acf,e_prot_cs,E_prot_cs,sph_ps,sph_acf,sph_cs,e_sph_ps,e_sph_acf,e_sph_cs,h_ps,fa_prob_ps,hacf,gacf,hcs
12317064,21.73783392231048,-1.0,0.6604167683422565,7.38905609893054,7.38905609893054,-1.0,-1.0,0.07789558118775101,0.07789558118775101,1010.5015367345194,-1.0,671.3069098232831,161.01021928580298,-1.0,89.20819944730408,14.047694241163208,7.92800485802163e-07,-1.0,-1.0,0.18296427655723962
