target_id,prot_ps,prot_acf,prot_cs,e_prot_ps,E_prot_ps,e_prot_acf,E_prot_acf,e_prot_cs,E_prot_cs,sph_ps,sph_acf,sph_cs,e_sph_ps,e_sph_acf,e_sph_cs,h_ps,fa_prob_ps,hacf,gacf,hcs
12301013,54.04695182020833,56.11082560475916,1.452446416043653,7.389056098930649,7.389056098930649,-1.0,-1.0,0.010370436069495935,0.010370436069495935,791.5096306534838,791.5080729395378,542.9832569169763,81.2813610193123,108.02181054299753,91.59859428343199,15.416240760543996,2.0174914644846862e-07,0.21567206664990285,0.11797742567312075,0.7991453537287819
