target_id,prot_ps,prot_acf,prot_cs,e_prot_ps,E_prot_ps,e_prot_acf,E_prot_acf,e_prot_cs,E_prot_cs,sph_ps,sph_acf,sph_cs,e_sph_ps,e_sph_acf,e_sph_cs,h_ps,fa_prob_ps,hacf,gacf,hcs
12405321,10.425044732939766,-1.0,5.31665375458026,7.389056098930631,7.389056098930631,-1.0,-1.0,0.2724507440508363,0.2724507440508363,2313.287230035232,-1.0,2113.106553922755,2127.8780982071794,-1.0,1816.9324574159236,17.708236046418737,2.0389698351374633e-08,-1.0,-1.0,0.3264414675684693
