target_id,prot_ps,prot_acf,prot_cs,e_prot_ps,E_prot_ps,e_prot_acf,E_prot_acf,e_prot_cs,E_prot_cs,sph_ps,sph_acf,sph_cs,e_sph_ps,e_sph_acf,e_sph_cs,h_ps,fa_prob_ps,hacf,gacf,hcs
12470325,2.6245397668261483,-1.0,2.69050720313564,0.2651255250523332,0.2651255250523332,-1.0,-1.0,0.08869937008884185,0.08869937008884185,508.5074614732445,-1.0,519.5864915148022,70.7872496560932,-1.0,90.0343165376492,60.7559434209171,4.11177204431403e-27,-1.0,-1.0,0.4713589281738912
