target_id,prot_ps,prot_acf,prot_cs,e_prot_ps,E_prot_ps,e_prot_acf,E_prot_acf,e_prot_cs,E_prot_cs,sph_ps,sph_acf,sph_cs,e_sph_ps,e_sph_acf,e_sph_cs,h_ps,fa_prob_ps,hacf,gacf,hcs
12455816,52.125312993208645,56.15168780274689,28.62500225271628,7.389056098926646,7.389056098926646,-1.0,-1.0,0.29817233114651526,0.29817233114651526,1218.2566829325604,1260.0089629404383,1207.7719647683693,259.06311441885697,272.93972014175347,391.0337660489745,20.028458397626505,2.0033232755051843e-09,0.5166862856926648,0.24045184985918494,1.0190124970241887
