target_id,prot_ps,prot_acf,prot_cs,e_prot_ps,E_prot_ps,e_prot_acf,E_prot_acf,e_prot_cs,E_prot_cs,sph_ps,sph_acf,sph_cs,e_sph_ps,e_sph_acf,e_sph_cs,h_ps,fa_prob_ps,hacf,gacf,hcs
12406326,12.589401863791025,38.558314030990005,2.8846960620846813,3.7286964715101427,3.7286964715101427,-1.0,-1.0,0.42766206812820007,0.42766206812820007,1206.1663943903209,1220.9573034748187,955.3462416307389,277.4644997781184,178.96968368792517,250.35621632963316,14.455914841951204,5.270792912455702e-07,0.20711981066967688,0.06520721999787399,0.8190514946088623
