target_id,prot_ps,prot_acf,prot_cs,e_prot_ps,E_prot_ps,e_prot_acf,E_prot_acf,e_prot_cs,E_prot_cs,sph_ps,sph_acf,sph_cs,e_sph_ps,e_sph_acf,e_sph_cs,h_ps,fa_prob_ps,hacf,gacf,hcs
12417486,26.536545061166755,-1.0,1.7820877766653827,7.389056098930132,7.389056098930132,-1.0,-1.0,0.009442184927903928,0.009442184927903928,870.9309008858193,-1.0,489.03519557626544,116.34563088014976,-1.0,118.2150927522107,18.26528937572404,1.1681150347688723e-08,-1.0,-1.0,0.33117965278991457
