target_id,prot_ps,prot_acf,prot_cs,e_prot_ps,E_prot_ps,e_prot_acf,E_prot_acf,e_prot_cs,E_prot_cs,sph_ps,sph_acf,sph_cs,e_sph_ps,e_sph_acf,e_sph_cs,h_ps,fa_prob_ps,hacf,gacf,hcs
12455090,7.2982960600590925,14.323978124652058,14.567935791256692,0.3059246129997572,0.3059246129997572,-1.0,-1.0,0.35748258997618665,0.35748258997618665,6661.803250200077,6822.345346362521,6838.823981293707,2743.3586862762486,2495.724082513919,2546.001318690785,122.61446257992367,5.613264411053455e-54,0.9902823806383463,0.6414068852909236,0.9152033601950561
