target_id,prot_ps,prot_acf,prot_cs,e_prot_ps,E_prot_ps,e_prot_acf,E_prot_acf,e_prot_cs,E_prot_cs,sph_ps,sph_acf,sph_cs,e_sph_ps,e_sph_acf,e_sph_cs,h_ps,fa_prob_ps,hacf,gacf,hcs
12406784,0.5801071898023389,-1.0,1.9344477282915808,7.389056098868138,7.389056098868138,-1.0,-1.0,0.07758041214984177,0.07758041214984177,237.13896003521486,-1.0,264.1560091203121,37.89221703043886,-1.0,49.861328161984005,11.39006078431024,1.1307314007675458e-05,-1.0,-1.0,0.3883155267958661
