target_id,prot_ps,prot_acf,prot_cs,e_prot_ps,E_prot_ps,e_prot_acf,E_prot_acf,e_prot_cs,E_prot_cs,sph_ps,sph_acf,sph_cs,e_sph_ps,e_sph_acf,e_sph_cs,h_ps,fa_prob_ps,hacf,gacf,hcs
12553312,21.783782215913146,43.748452382627875,21.782125280804,0.9218204022681697,0.9218204022681697,-1.0,-1.0,0.24289446466432993,0.24289446466432993,1973.3757618344534,2039.2742646910822,1973.5298643061972,441.2370634353521,323.51930055418416,441.47700163967323,49.36007921776694,3.657547453407485e-22,0.4779380566523188,0.24631958429316472,0.7262234141913343
