target_id,prot_ps,prot_acf,prot_cs,e_prot_ps,E_prot_ps,e_prot_acf,E_prot_acf,e_prot_cs,E_prot_cs,sph_ps,sph_acf,sph_cs,e_sph_ps,e_sph_acf,e_sph_cs,h_ps,fa_prob_ps,hacf,gacf,hcs
12598744,0.11739090952236,50.53246108070016,0.6958105642985237,0.10754535324853061,0.10754535324853061,-1.0,-1.0,0.01449173906216286,0.01449173906216286,310.68401163572526,454.96523743129745,326.7572058470508,48.65777275161818,0.0,32.2258521599506,8.88969300164287,0.000137801956462715,0.21948175709097556,0.15645936811694916,0.09386337472979854
