target_id,prot_ps,prot_acf,prot_cs,e_prot_ps,E_prot_ps,e_prot_acf,E_prot_acf,e_prot_cs,E_prot_cs,sph_ps,sph_acf,sph_cs,e_sph_ps,e_sph_acf,e_sph_cs,h_ps,fa_prob_ps,hacf,gacf,hcs
12602592,6.26727171216516,6.314009757712483,6.26941521221232,0.24425296621786777,0.24425296621786777,-1.0,-1.0,0.13902905312778902,0.13902905312778902,2884.827434107014,2867.5616040245536,2889.521362717,912.8535999842836,909.5688911019382,900.9084210566181,408.98330459965143,2.4032979821460788e-178,1.1832553565937467,0.7061394490595047,0.7792340312338797
