target_id,prot_ps,prot_acf,prot_cs,e_prot_ps,E_prot_ps,e_prot_acf,E_prot_acf,e_prot_cs,E_prot_cs,sph_ps,sph_acf,sph_cs,e_sph_ps,e_sph_acf,e_sph_cs,h_ps,fa_prob_ps,hacf,gacf,hcs
12645715,4.772223839061301,14.262701597064734,4.801274608527734,1.8246016030484686,1.8246016030484686,-1.0,-1.0,0.15399662949410425,0.15399662949410425,774.2424331734923,859.6063207334779,777.5459931246002,185.42670747801554,154.46703158171465,176.25564665688128,22.116662970201798,2.4823059823366826e-10,0.01793636357381268,0.07660898582103372,1.0620947877782259
