target_id,prot_ps,prot_acf,prot_cs,e_prot_ps,E_prot_ps,e_prot_acf,E_prot_acf,e_prot_cs,E_prot_cs,sph_ps,sph_acf,sph_cs,e_sph_ps,e_sph_acf,e_sph_cs,h_ps,fa_prob_ps,hacf,gacf,hcs
12834663,0.3142510172674901,-1.0,1.0731559713743626,0.6038073468093504,0.6038073468093504,-1.0,-1.0,0.7750386266563613,0.7750386266563613,715.1695273627413,-1.0,755.9797608167858,93.51928020045624,-1.0,137.77783772619725,7.7036925413332575,0.0004511581831188604,-1.0,-1.0,0.19168837253786306
