target_id,prot_ps,prot_acf,prot_cs,e_prot_ps,E_prot_ps,e_prot_acf,E_prot_acf,e_prot_cs,E_prot_cs,sph_ps,sph_acf,sph_cs,e_sph_ps,e_sph_acf,e_sph_cs,h_ps,fa_prob_ps,hacf,gacf,hcs
2161250,2.8550355669454506,-1.0,2.133043262491695,1.623405108025106,1.623405108025106,-1.0,-1.0,0.03637736910580759,0.03637736910580759,918.287747129678,-1.0,875.4569310976285,224.2358226302146,-1.0,192.53425441227708,21.998333060967582,2.7941218437945364e-10,-1.0,-1.0,0.46141338475655086
