target_id,prot_ps,prot_acf,prot_cs,e_prot_ps,E_prot_ps,e_prot_acf,E_prot_acf,e_prot_cs,E_prot_cs,sph_ps,sph_acf,sph_cs,e_sph_ps,e_sph_acf,e_sph_cs,h_ps,fa_prob_ps,hacf,gacf,hcs
2165531,0.39789770959215004,-1.0,3.1355652976082644,0.8976637270250313,0.8976637270250313,-1.0,-1.0,1.6006966622340126,1.6006966622340126,929.8155844299629,-1.0,1043.8681865301962,150.66084763032285,-1.0,184.4342973502394,12.962789861516189,2.346020987918497e-06,-1.0,-1.0,0.16049467793447245
