target_id,prot_ps,prot_acf,prot_cs,e_prot_ps,E_prot_ps,e_prot_acf,E_prot_acf,e_prot_cs,E_prot_cs,sph_ps,sph_acf,sph_cs,e_sph_ps,e_sph_acf,e_sph_cs,h_ps,fa_prob_ps,hacf,gacf,hcs
2423787,0.5349664728079612,-1.0,0.5955368712678938,0.48183744060028416,0.48183744060028416,-1.0,-1.0,0.01154471930353252,0.01154471930353252,953.6058081366514,-1.0,969.4481077401698,292.3324615712406,-1.0,369.23886517686975,10.946073383784865,1.7627094423536948e-05,-1.0,-1.0,0.41377850949707445
