target_id,prot_ps,prot_acf,prot_cs,e_prot_ps,E_prot_ps,e_prot_acf,E_prot_acf,e_prot_cs,E_prot_cs,sph_ps,sph_acf,sph_cs,e_sph_ps,e_sph_acf,e_sph_cs,h_ps,fa_prob_ps,hacf,gacf,hcs
2425504,3.7979361975711297,3.7802283302880824,3.76049740913721,0.11562044237231622,0.11562044237231622,-1.0,-1.0,0.007889344221455333,0.007889344221455333,6857.477711445218,6830.890619212881,6849.698531751961,2524.957036798784,2567.072568852932,2538.5440465083375,2929.0145577123117,0.0,1.4646884671018539,0.8536919840869072,0.9842221537749455
