target_id,prot_ps,prot_acf,prot_cs,e_prot_ps,E_prot_ps,e_prot_acf,E_prot_acf,e_prot_cs,E_prot_cs,sph_ps,sph_acf,sph_cs,e_sph_ps,e_sph_acf,e_sph_cs,h_ps,fa_prob_ps,hacf,gacf,hcs
2447049,28.617509454680526,58.29741834802553,28.603691549900716,7.389056098930649,7.389056098930649,-1.0,-1.0,0.33837297114056286,0.33837297114056286,988.1568540151433,1029.3843061702798,988.2778302421364,294.62131976680655,84.95021729905062,294.4381647424149,19.375502026703845,3.848809232664384e-09,0.49278078294665684,0.19239341074002886,1.1862685459732936
