target_id,prot_ps,prot_acf,prot_cs,e_prot_ps,E_prot_ps,e_prot_acf,E_prot_acf,e_prot_cs,E_prot_cs,sph_ps,sph_acf,sph_cs,e_sph_ps,e_sph_acf,e_sph_cs,h_ps,fa_prob_ps,hacf,gacf,hcs
2694407,1.3986122488499526,0.837783177383244,4.1895288989972315,0.09277690050753337,0.09277690050753337,-1.0,-1.0,0.3127251635041444,0.3127251635041444,253.72703907334173,243.3932393306589,282.41508969908017,45.49663496209125,47.51817634640878,50.48633371055937,72.6873676552832,2.7056855561153657e-32,0.3191546821491458,0.432226799038939,0.2184172070499792
