target_id,prot_ps,prot_acf,prot_cs,e_prot_ps,E_prot_ps,e_prot_acf,E_prot_acf,e_prot_cs,E_prot_cs,sph_ps,sph_acf,sph_cs,e_sph_ps,e_sph_acf,e_sph_cs,h_ps,fa_prob_ps,hacf,gacf,hcs
2696497,45.86288811288712,53.55695639923215,3.1643581043325217,7.3890560989306175,7.3890560989306175,-1.0,-1.0,0.011752277034022068,0.011752277034022068,1364.4299656396527,1403.32373486507,1089.6817001773138,164.74217449903327,75.96952443686249,169.0823168937092,15.86546668404692,1.2874055181622886e-07,0.1453922245836387,0.05250119907031427,0.7147679435826793
