target_id,prot_ps,prot_acf,prot_cs,e_prot_ps,E_prot_ps,e_prot_acf,E_prot_acf,e_prot_cs,E_prot_cs,sph_ps,sph_acf,sph_cs,e_sph_ps,e_sph_acf,e_sph_cs,h_ps,fa_prob_ps,hacf,gacf,hcs
2692704,14.892853715124405,14.916623565368354,14.894861745174891,0.4203049919595461,0.4203049919595461,-1.0,-1.0,0.0812587802552722,0.0812587802552722,5655.304731092908,5659.0850711108815,5655.304731092908,1975.2130347927534,1975.8939815944411,1975.2130347927534,831.7946382856867,0.0,1.1004281342881082,0.5065826420169002,0.9789201506073019
