target_id,prot_ps,prot_acf,prot_cs,e_prot_ps,E_prot_ps,e_prot_acf,E_prot_acf,e_prot_cs,E_prot_cs,sph_ps,sph_acf,sph_cs,e_sph_ps,e_sph_acf,e_sph_cs,h_ps,fa_prob_ps,hacf,gacf,hcs
2721966,1.5193516225673764,-1.0,2.9718877159059045,0.9537766815221558,0.9537766815221558,-1.0,-1.0,0.15027756828743682,0.15027756828743682,817.0399846162874,-1.0,971.2703916634704,198.99541612117685,-1.0,255.73189291178474,13.945328821746834,8.782550271644978e-07,-1.0,-1.0,0.5904350973417491
