target_id,prot_ps,prot_acf,prot_cs,e_prot_ps,E_prot_ps,e_prot_acf,E_prot_acf,e_prot_cs,E_prot_cs,sph_ps,sph_acf,sph_cs,e_sph_ps,e_sph_acf,e_sph_cs,h_ps,fa_prob_ps,hacf,gacf,hcs
2717854,1.836005951349554,3.759814027696848,3.6942216199310494,0.06117296872350609,0.06117296872350609,-1.0,-1.0,0.08664902059808484,0.08664902059808484,2086.690109116328,2207.15294940756,2202.998808106098,965.9975929463203,882.4944482272824,901.3325542446293,289.078324280307,2.8502235703558305e-126,1.202440332228018,0.7836377848049695,0.8729203750232629
