target_id,prot_ps,prot_acf,prot_cs,e_prot_ps,E_prot_ps,e_prot_acf,E_prot_acf,e_prot_cs,E_prot_cs,sph_ps,sph_acf,sph_cs,e_sph_ps,e_sph_acf,e_sph_cs,h_ps,fa_prob_ps,hacf,gacf,hcs
2835890,2.9985369188498927,-1.0,2.992851528199757,2.7512245572903535,2.7512245572903535,-1.0,-1.0,0.10701323253216363,0.10701323253216363,975.2327245315338,-1.0,967.0297240190243,612.5353238474997,-1.0,585.3515731162992,15.43825962060419,1.9735541027311337e-07,-1.0,-1.0,0.5737043164237077
