target_id,prot_ps,prot_acf,prot_cs,e_prot_ps,E_prot_ps,e_prot_acf,E_prot_acf,e_prot_cs,E_prot_cs,sph_ps,sph_acf,sph_cs,e_sph_ps,e_sph_acf,e_sph_cs,h_ps,fa_prob_ps,hacf,gacf,hcs
3130537,0.17807854668206002,-1.0,2.953508831067011,0.5259108412605763,0.5259108412605763,-1.0,-1.0,1.1312242108633546,1.1312242108633546,513.4107608037208,-1.0,1229.669401622224,154.56432655350602,-1.0,724.5314331679336,17.91340707942766,1.6607572358395603e-08,-1.0,-1.0,0.19067738945535845
