target_id,prot_ps,prot_acf,prot_cs,e_prot_ps,E_prot_ps,e_prot_acf,E_prot_acf,e_prot_cs,E_prot_cs,sph_ps,sph_acf,sph_cs,e_sph_ps,e_sph_acf,e_sph_cs,h_ps,fa_prob_ps,hacf,gacf,hcs
3223536,0.20888793426154614,-1.0,4.329091217452661,0.2589680004164116,0.2589680004164116,-1.0,-1.0,2.394975741221214,2.394975741221214,404.8554537492285,-1.0,617.9966328977889,69.93433739786194,-1.0,210.41888520884166,13.735791220814873,1.082983071900684e-06,-1.0,-1.0,0.2839204190534102
