target_id,prot_ps,prot_acf,prot_cs,e_prot_ps,E_prot_ps,e_prot_acf,E_prot_acf,e_prot_cs,E_prot_cs,sph_ps,sph_acf,sph_cs,e_sph_ps,e_sph_acf,e_sph_cs,h_ps,fa_prob_ps,hacf,gacf,hcs
3340694,0.33105291673661835,-1.0,4.862565206200505,0.9064642269923192,0.9064642269923192,-1.0,-1.0,0.009944562071811032,0.009944562071811032,702.5553102765756,-1.0,1144.0995203990678,94.55602812954028,-1.0,356.14299115121,14.493090631584852,5.078444527725826e-07,-1.0,-1.0,0.38622899618051193
