target_id,prot_ps,prot_acf,prot_cs,e_prot_ps,E_prot_ps,e_prot_acf,E_prot_acf,e_prot_cs,E_prot_cs,sph_ps,sph_acf,sph_cs,e_sph_ps,e_sph_acf,e_sph_cs,h_ps,fa_prob_ps,hacf,gacf,hcs
3335194,12.802796788623946,12.70976962056011,12.803273615806466,0.42368009232918014,0.42368009232918014,-1.0,-1.0,0.06801459398028727,0.06801459398028727,7863.7308385048555,7917.850942275448,7863.7308385048555,2778.8618603581226,2717.0176116239645,2778.8618603581226,518.2285536867006,8.633736087005287e-226,1.1484178082855077,0.5376164857531821,0.9257764488556266
