target_id,prot_ps,prot_acf,prot_cs,e_prot_ps,E_prot_ps,e_prot_acf,E_prot_acf,e_prot_cs,E_prot_cs,sph_ps,sph_acf,sph_cs,e_sph_ps,e_sph_acf,e_sph_cs,h_ps,fa_prob_ps,hacf,gacf,hcs
3426852,12.769400482041085,-1.0,5.5014021690599435,0.5116369387864778,0.5116369387864778,-1.0,-1.0,0.08280194568638015,0.08280194568638015,1972.9402841511085,-1.0,1555.6154594074337,690.7503080514067,-1.0,639.7332559098159,23.982354577128852,3.84233957657249e-11,-1.0,-1.0,0.2988902487813756
