target_id,prot_ps,prot_acf,prot_cs,e_prot_ps,E_prot_ps,e_prot_acf,E_prot_acf,e_prot_cs,E_prot_cs,sph_ps,sph_acf,sph_cs,e_sph_ps,e_sph_acf,e_sph_cs,h_ps,fa_prob_ps,hacf,gacf,hcs
3543358,9.235617007218845,-1.0,9.233618764165044,0.34108705514422205,0.34108705514422205,-1.0,-1.0,0.03546019181415462,0.03546019181415462,519.0569426843017,-1.0,519.0569426843017,333.2261150926294,-1.0,333.2261150926294,44.541189275751044,4.5290517194634904e-20,-1.0,-1.0,0.5345747716340248
