target_id,prot_ps,prot_acf,prot_cs,e_prot_ps,E_prot_ps,e_prot_acf,E_prot_acf,e_prot_cs,E_prot_cs,sph_ps,sph_acf,sph_cs,e_sph_ps,e_sph_acf,e_sph_cs,h_ps,fa_prob_ps,hacf,gacf,hcs
3556875,2.919038266500458,-1.0,2.987649512722332,2.092928137301963,2.092928137301963,-1.0,-1.0,0.15023423988902848,0.15023423988902848,944.6710740527743,-1.0,954.5429520842263,204.73593872116706,-1.0,202.9961220802107,13.51592113911343,1.3493046947575126e-06,-1.0,-1.0,0.48557235788852443
