target_id,prot_ps,prot_acf,prot_cs,e_prot_ps,E_prot_ps,e_prot_acf,E_prot_acf,e_prot_cs,E_prot_cs,sph_ps,sph_acf,sph_cs,e_sph_ps,e_sph_acf,e_sph_cs,h_ps,fa_prob_ps,hacf,gacf,hcs
3546641,47.06856936830644,-1.0,28.613652449632912,4.336671743154559,4.336671743154559,-1.0,-1.0,0.31474821697740984,0.31474821697740984,644.5204363825305,-1.0,628.3868378707971,155.99590342634755,-1.0,177.94463166626062,22.56099921520258,1.591778134147953e-10,-1.0,-1.0,0.2768726247534297
