target_id,prot_ps,prot_acf,prot_cs,e_prot_ps,E_prot_ps,e_prot_acf,E_prot_acf,e_prot_cs,E_prot_cs,sph_ps,sph_acf,sph_cs,e_sph_ps,e_sph_acf,e_sph_cs,h_ps,fa_prob_ps,hacf,gacf,hcs
3554099,20.855596227519992,18.043256184086204,1.4859632952511308,4.662369836580133,4.662369836580133,-1.0,-1.0,1.0455673171565272,1.0455673171565272,1117.1704434845512,1135.458097317872,551.9505429356932,478.080373183932,431.27033047748284,245.53035018467094,23.572915219375684,5.786460566599826e-11,0.2525980613056406,0.03343142529817389,3.869307241684765
