target_id,prot_ps,prot_acf,prot_cs,e_prot_ps,E_prot_ps,e_prot_acf,E_prot_acf,e_prot_cs,E_prot_cs,sph_ps,sph_acf,sph_cs,e_sph_ps,e_sph_acf,e_sph_cs,h_ps,fa_prob_ps,hacf,gacf,hcs
3558685,1.4800921597651693,-1.0,1.4862690160114136,7.389056098926964,7.389056098926964,-1.0,-1.0,0.011830011250267338,0.011830011250267338,1063.851028126596,-1.0,1063.6255624847827,156.01627661038242,-1.0,149.6428994931986,17.559709589091657,2.365456803458733e-08,-1.0,-1.0,0.23895154803604643
