target_id,prot_ps,prot_acf,prot_cs,e_prot_ps,E_prot_ps,e_prot_acf,E_prot_acf,e_prot_cs,E_prot_cs,sph_ps,sph_acf,sph_cs,e_sph_ps,e_sph_acf,e_sph_cs,h_ps,fa_prob_ps,hacf,gacf,hcs
3662044,24.730959699079772,-1.0,1.67089568353055,0.7331407925321367,0.7331407925321367,-1.0,-1.0,0.011011834064147035,0.011011834064147035,788.2246232674726,-1.0,585.7308092355869,162.37860085163203,-1.0,168.89056743196312,22.557053801548044,1.598070762681943e-10,-1.0,-1.0,0.21459035247747613
