target_id,prot_ps,prot_acf,prot_cs,e_prot_ps,E_prot_ps,e_prot_acf,E_prot_acf,e_prot_cs,E_prot_cs,sph_ps,sph_acf,sph_cs,e_sph_ps,e_sph_acf,e_sph_cs,h_ps,fa_prob_ps,hacf,gacf,hcs
3663021,0.18245393683812647,-1.0,0.6506901917549446,7.389056098930649,7.389056098930649,-1.0,-1.0,0.013776687640648605,0.013776687640648605,574.0232279170762,-1.0,613.383792897035,110.15766856017716,-1.0,154.61801152210992,20.02482129252575,2.0106228394026508e-09,-1.0,-1.0,0.2633266619044017
