target_id,prot_ps,prot_acf,prot_cs,e_prot_ps,E_prot_ps,e_prot_acf,E_prot_acf,e_prot_cs,E_prot_cs,sph_ps,sph_acf,sph_cs,e_sph_ps,e_sph_acf,e_sph_cs,h_ps,fa_prob_ps,hacf,gacf,hcs
3765196,1.408190508730578,-1.0,4.045865166932345,3.3317331441877043,3.3317331441877043,-1.0,-1.0,0.22718083410281484,0.22718083410281484,701.9768561706096,-1.0,818.9634606419667,167.95668217770603,-1.0,229.387832737676,15.200973380614618,2.5020797107337705e-07,-1.0,-1.0,0.316638468790495
