target_id,prot_ps,prot_acf,prot_cs,e_prot_ps,E_prot_ps,e_prot_acf,E_prot_acf,e_prot_cs,E_prot_cs,sph_ps,sph_acf,sph_cs,e_sph_ps,e_sph_acf,e_sph_cs,h_ps,fa_prob_ps,hacf,gacf,hcs
3760509,16.216826498936467,31.896979082375765,16.062100818380717,1.3174152128333174,1.3174152128333174,-1.0,-1.0,0.789234915079435,0.789234915079435,1233.633881447739,1402.9356879398629,1248.5023210391828,589.6041419115678,375.0434377276216,536.7041915215124,28.190326043930714,5.716062332886931e-13,0.5285207487890387,0.2994559931281914,0.39990690880598306
