target_id,prot_ps,prot_acf,prot_cs,e_prot_ps,E_prot_ps,e_prot_acf,E_prot_acf,e_prot_cs,E_prot_cs,sph_ps,sph_acf,sph_cs,e_sph_ps,e_sph_acf,e_sph_cs,h_ps,fa_prob_ps,hacf,gacf,hcs
3850551,0.9666759907386684,-1.0,1.9377860653988208,0.028641683736492084,0.028641683736492084,-1.0,-1.0,0.014148597172176714,0.014148597172176714,259.6007447359307,-1.0,283.1932973334397,36.601664580617886,-1.0,54.81488785525446,617.7529574249309,5.16772519367212e-269,-1.0,-1.0,0.029153705450474274
