target_id,prot_ps,prot_acf,prot_cs,e_prot_ps,E_prot_ps,e_prot_acf,E_prot_acf,e_prot_cs,E_prot_cs,sph_ps,sph_acf,sph_cs,e_sph_ps,e_sph_acf,e_sph_cs,h_ps,fa_prob_ps,hacf,gacf,hcs
3853682,2.1936859932081356,2.268164341337979,4.478500708928331,0.06963945520989974,0.06963945520989974,-1.0,-1.0,0.18588617362095777,0.18588617362095777,2188.020038045357,2202.281220534517,2380.3438080663655,744.5206069242237,770.3044202213543,758.3190612601329,456.6801848753659,4.637839489091799e-199,0.126594817632455,0.4604300420255592,4.355452844444221
