target_id,prot_ps,prot_acf,prot_cs,e_prot_ps,E_prot_ps,e_prot_acf,E_prot_acf,e_prot_cs,E_prot_cs,sph_ps,sph_acf,sph_cs,e_sph_ps,e_sph_acf,e_sph_cs,h_ps,fa_prob_ps,hacf,gacf,hcs
3958018,52.639357114685176,-1.0,2.7654949653428043,7.389056098930649,7.389056098930649,-1.0,-1.0,0.3347683376309057,0.3347683376309057,1766.7006223356454,-1.0,1077.995515990154,608.4131249431892,-1.0,365.319442929348,24.696104930473357,1.8819925685574285e-11,-1.0,-1.0,0.22704139864405248
