target_id,prot_ps,prot_acf,prot_cs,e_prot_ps,E_prot_ps,e_prot_acf,E_prot_acf,e_prot_cs,E_prot_cs,sph_ps,sph_acf,sph_cs,e_sph_ps,e_sph_acf,e_sph_cs,h_ps,fa_prob_ps,hacf,gacf,hcs
3946262,18.616893673783196,18.329086701851338,18.45657532588288,0.8969677378235807,0.8969677378235807,-1.0,-1.0,0.534126714263295,0.534126714263295,844.0672563611834,847.2680783231615,845.4835620188385,319.4512543876558,318.0401170251304,318.5254140011873,62.638347113727484,6.259094274789652e-28,0.7910833824989996,0.37389651951875336,0.9866866710710596
