target_id,prot_ps,prot_acf,prot_cs,e_prot_ps,E_prot_ps,e_prot_acf,E_prot_acf,e_prot_cs,E_prot_cs,sph_ps,sph_acf,sph_cs,e_sph_ps,e_sph_acf,e_sph_cs,h_ps,fa_prob_ps,hacf,gacf,hcs
3946894,19.723184785516178,19.84109257813543,19.72108461113237,0.6333730831138805,0.6333730831138805,-1.0,-1.0,0.16043579731550112,0.16043579731550112,2077.614329168465,2070.719558291234,2077.8327405194127,441.3262629641492,465.736449874568,439.9894311005975,313.6490188235568,6.080816116316934e-137,0.9076552927345113,0.4134755643768434,0.9825988572243424
