target_id,prot_ps,prot_acf,prot_cs,e_prot_ps,E_prot_ps,e_prot_acf,E_prot_acf,e_prot_cs,E_prot_cs,sph_ps,sph_acf,sph_cs,e_sph_ps,e_sph_acf,e_sph_cs,h_ps,fa_prob_ps,hacf,gacf,hcs
4049209,0.23565276943905375,50.71654439345002,0.7842469676956534,0.2886465599379686,0.2886465599379686,-1.0,-1.0,0.13748846757066457,0.13748846757066457,106.45014861661367,282.8436748534672,127.9173657278893,19.369932017206736,69.36597832147643,35.625181061167396,12.946388211508387,2.3848168917750864e-06,0.2185427731641802,0.10354180474058737,2.6928513537573884
