target_id,prot_ps,prot_acf,prot_cs,e_prot_ps,E_prot_ps,e_prot_acf,E_prot_acf,e_prot_cs,E_prot_cs,sph_ps,sph_acf,sph_cs,e_sph_ps,e_sph_acf,e_sph_cs,h_ps,fa_prob_ps,hacf,gacf,hcs
4075140,0.10555637948286165,-1.0,3.033790635759942,0.3903413243571224,0.3903413243571224,-1.0,-1.0,0.11043721599741145,0.11043721599741145,617.4246680297944,-1.0,784.0678268471848,127.93234243033017,-1.0,238.34765943769702,16.05770670812109,1.062249620590337e-07,-1.0,-1.0,0.4159341271423599
