target_id,prot_ps,prot_acf,prot_cs,e_prot_ps,E_prot_ps,e_prot_acf,E_prot_acf,e_prot_cs,E_prot_cs,sph_ps,sph_acf,sph_cs,e_sph_ps,e_sph_acf,e_sph_cs,h_ps,fa_prob_ps,hacf,gacf,hcs
4178437,52.11091878205633,54.63966197799891,5.118023984902539,7.389056098930649,7.389056098930649,-1.0,-1.0,0.44532864016623575,0.44532864016623575,686.8246809698857,700.3461771534313,492.8535559996905,56.0261350042404,35.783230147721326,195.22783677953365,20.44938410369804,1.315059265253977e-09,0.28763512638742783,0.1449116970968812,0.40398092482639353
