target_id,prot_ps,prot_acf,prot_cs,e_prot_ps,E_prot_ps,e_prot_acf,E_prot_acf,e_prot_cs,E_prot_cs,sph_ps,sph_acf,sph_cs,e_sph_ps,e_sph_acf,e_sph_cs,h_ps,fa_prob_ps,hacf,gacf,hcs
4135279,12.261531093692552,-1.0,3.0131657881755376,4.56272861281218,4.56272861281218,-1.0,-1.0,0.15754990076830866,0.15754990076830866,775.7368506581158,-1.0,610.8640374149956,114.07056914231325,-1.0,95.99545238482189,17.74087321989767,1.9734978448087917e-08,-1.0,-1.0,0.2444112093459928
