target_id,prot_ps,prot_acf,prot_cs,e_prot_ps,E_prot_ps,e_prot_acf,E_prot_acf,e_prot_cs,E_prot_cs,sph_ps,sph_acf,sph_cs,e_sph_ps,e_sph_acf,e_sph_cs,h_ps,fa_prob_ps,hacf,gacf,hcs
4245790,10.205355097734987,20.47458670847118,20.184019220452754,0.31420223624870847,0.31420223624870847,-1.0,-1.0,1.0163064463845313,1.0163064463845313,2879.3446640572397,3002.1685925932406,2965.1789023703823,937.5965091496915,772.3639948197439,753.1249141785585,137.96094628030605,1.2142897030942319e-60,0.8672694030547126,0.5310129024569271,0.5385677693219506
