target_id,prot_ps,prot_acf,prot_cs,e_prot_ps,E_prot_ps,e_prot_acf,E_prot_acf,e_prot_cs,E_prot_cs,sph_ps,sph_acf,sph_cs,e_sph_ps,e_sph_acf,e_sph_cs,h_ps,fa_prob_ps,hacf,gacf,hcs
4366418,7.66932617029656,59.11467036558315,7.789511375589464,0.8281323290201074,0.8281323290201074,-1.0,-1.0,0.13695877950947993,0.13695877950947993,837.8996575701411,924.9365828146223,825.2305405476545,251.67946048898017,103.29707606307964,224.7235810184602,46.70328943270297,5.212176486047734e-21,0.10696178315673657,0.024094315606419756,0.39901526492527717
