target_id,prot_ps,prot_acf,prot_cs,e_prot_ps,E_prot_ps,e_prot_acf,E_prot_acf,e_prot_cs,E_prot_cs,sph_ps,sph_acf,sph_cs,e_sph_ps,e_sph_acf,e_sph_cs,h_ps,fa_prob_ps,hacf,gacf,hcs
4448391,52.50257841650597,52.903042655903846,2.5139139725071136,7.389056098930649,7.389056098930649,-1.0,-1.0,0.012665214357364481,0.012665214357364481,250.4750577969696,248.56726445336014,174.70982994634602,51.19948543070152,54.58752737059156,43.36287788567863,19.96898874922419,2.126074002675965e-09,0.29034120677960973,0.1741494682087758,0.13526493051364155
