target_id,prot_ps,prot_acf,prot_cs,e_prot_ps,E_prot_ps,e_prot_acf,E_prot_acf,e_prot_cs,E_prot_cs,sph_ps,sph_acf,sph_cs,e_sph_ps,e_sph_acf,e_sph_cs,h_ps,fa_prob_ps,hacf,gacf,hcs
4457346,45.86794067682458,-1.0,3.0951038513286044,1.7956322186348022,1.7956322186348022,-1.0,-1.0,0.16861498022109625,0.16861498022109625,679.1803285384765,-1.0,543.7518840844047,73.52214991139863,-1.0,71.53155015605739,47.20868982439858,3.1443183584084498e-21,-1.0,-1.0,0.09763010778651568
