target_id,prot_ps,prot_acf,prot_cs,e_prot_ps,E_prot_ps,e_prot_acf,E_prot_acf,e_prot_cs,E_prot_cs,sph_ps,sph_acf,sph_cs,e_sph_ps,e_sph_acf,e_sph_cs,h_ps,fa_prob_ps,hacf,gacf,hcs
4454611,28.617814390119353,-1.0,28.618339945265088,7.389056098930647,7.389056098930647,-1.0,-1.0,0.3060233676626659,0.3060233676626659,644.729156380076,-1.0,644.729156380076,120.51650968276523,-1.0,120.51650968276523,17.303134918300795,3.057341738944864e-08,-1.0,-1.0,0.19672127224166375
