target_id,prot_ps,prot_acf,prot_cs,e_prot_ps,E_prot_ps,e_prot_acf,E_prot_acf,e_prot_cs,E_prot_cs,sph_ps,sph_acf,sph_cs,e_sph_ps,e_sph_acf,e_sph_cs,h_ps,fa_prob_ps,hacf,gacf,hcs
4553880,0.17388655156503585,58.39919703267515,5.799256861386819,0.2195914668223184,0.2195914668223184,-1.0,-1.0,0.40299925210552706,0.40299925210552706,240.62278798513904,317.75388933550107,272.2870554511026,28.750498701286357,0.0,29.542871992084745,12.91518786608374,2.460396933183331e-06,0.07407372720091047,0.07821165813563583,0.09463468498440461
