target_id,prot_ps,prot_acf,prot_cs,e_prot_ps,E_prot_ps,e_prot_acf,E_prot_acf,e_prot_cs,E_prot_cs,sph_ps,sph_acf,sph_cs,e_sph_ps,e_sph_acf,e_sph_cs,h_ps,fa_prob_ps,hacf,gacf,hcs
4543236,45.60984020024023,46.568382541649044,45.63710111189194,3.244111083694554,3.244111083694554,-1.0,-1.0,0.7933744159372401,0.7933744159372401,1466.6444021979273,1476.0706046738621,1477.7133600444504,269.268596453235,266.4905792774702,289.1551482881285,29.27332576078727,1.9353350193983955e-13,0.4363700796628149,0.2051510958895722,0.351473943738167
