target_id,prot_ps,prot_acf,prot_cs,e_prot_ps,E_prot_ps,e_prot_acf,E_prot_acf,e_prot_cs,E_prot_cs,sph_ps,sph_acf,sph_cs,e_sph_ps,e_sph_acf,e_sph_cs,h_ps,fa_prob_ps,hacf,gacf,hcs
4641231,4.570082593489936,-1.0,8.970818508203335,0.3588258731674395,0.3588258731674395,-1.0,-1.0,0.7425656501965435,0.7425656501965435,877.8496024597453,-1.0,952.7537418727934,233.45483181047038,-1.0,231.382687238201,40.95275493830988,1.6384927028355943e-18,-1.0,-1.0,0.0980672253351663
