target_id,prot_ps,prot_acf,prot_cs,e_prot_ps,E_prot_ps,e_prot_acf,E_prot_acf,e_prot_cs,E_prot_cs,sph_ps,sph_acf,sph_cs,e_sph_ps,e_sph_acf,e_sph_cs,h_ps,fa_prob_ps,hacf,gacf,hcs
4667807,0.10885436729875386,-1.0,0.7327739518657834,0.22632128824181233,0.22632128824181233,-1.0,-1.0,0.010347517175849929,0.010347517175849929,321.4336204567974,-1.0,350.003227544534,55.2745070491387,-1.0,56.3094313011724,14.43032656486511,5.407403786550232e-07,-1.0,-1.0,0.4037016218951836
