target_id,prot_ps,prot_acf,prot_cs,e_prot_ps,E_prot_ps,e_prot_acf,E_prot_acf,e_prot_cs,E_prot_cs,sph_ps,sph_acf,sph_cs,e_sph_ps,e_sph_acf,e_sph_cs,h_ps,fa_prob_ps,hacf,gacf,hcs
4646799,11.77027813447647,22.293163845781237,22.000144625296812,4.6458734042790395,4.6458734042790395,-1.0,-1.0,1.0703716671634143,1.0703716671634143,1216.9172833034174,1245.929555950742,1252.103011597376,336.87918882226535,274.9182782453739,271.69483543489173,26.224545606290764,4.081544658909237e-12,0.4330898782990261,0.21777852207766915,0.8016096202802094
