target_id,prot_ps,prot_acf,prot_cs,e_prot_ps,E_prot_ps,e_prot_acf,E_prot_acf,e_prot_cs,E_prot_cs,sph_ps,sph_acf,sph_cs,e_sph_ps,e_sph_acf,e_sph_cs,h_ps,fa_prob_ps,hacf,gacf,hcs
4750239,17.928586602297703,18.921698641963303,18.12028501265682,2.111729519113084,2.111729519113084,-1.0,-1.0,0.7132195705668798,0.7132195705668798,1191.383635054089,1234.2119936629863,1246.941642957026,494.37310611414017,405.5598444164236,429.7656045004925,31.693566635474948,1.7205167236617966e-14,0.5898084258942304,0.326535295623613,0.8319910939949298
