target_id,prot_ps,prot_acf,prot_cs,e_prot_ps,E_prot_ps,e_prot_acf,E_prot_acf,e_prot_cs,E_prot_cs,sph_ps,sph_acf,sph_cs,e_sph_ps,e_sph_acf,e_sph_cs,h_ps,fa_prob_ps,hacf,gacf,hcs
4842734,0.16509101268599802,52.49429897405207,2.730970439035446,7.389056098908914,7.389056098908914,-1.0,-1.0,0.15666268072236153,0.15666268072236153,319.27969152754423,428.45170414895136,352.5313898878995,40.13215142496487,41.250866384930205,39.72787512800186,14.557814273176726,4.760160460106644e-07,0.1430918122014847,0.08958770093237131,0.3099578652184994
