target_id,prot_ps,prot_acf,prot_cs,e_prot_ps,E_prot_ps,e_prot_acf,E_prot_acf,e_prot_cs,E_prot_cs,sph_ps,sph_acf,sph_cs,e_sph_ps,e_sph_acf,e_sph_cs,h_ps,fa_prob_ps,hacf,gacf,hcs
4902014,0.16580233874687028,-1.0,1.7954735953453926,0.12468712402979801,0.12468712402979801,-1.0,-1.0,2.260685567150226,2.260685567150226,41.533276294714135,-1.0,70.22566592663318,76.35846362458518,-1.0,167.6266860087411,7.314568457432809,0.0006657685585974315,-1.0,-1.0,0.4610194188147791
