target_id,prot_ps,prot_acf,prot_cs,e_prot_ps,E_prot_ps,e_prot_acf,E_prot_acf,e_prot_cs,E_prot_cs,sph_ps,sph_acf,sph_cs,e_sph_ps,e_sph_acf,e_sph_cs,h_ps,fa_prob_ps,hacf,gacf,hcs
4902057,2.957390563562513,-1.0,0.46526796268299225,1.671315050128146,1.671315050128146,-1.0,-1.0,1.7502233402622267,1.7502233402622267,4773.867735181905,-1.0,2447.4617295408793,1585.9630722387944,-1.0,569.213487239986,6.131698427213241,0.0021728873339456386,-1.0,-1.0,0.48073834918806985
