target_id,prot_ps,prot_acf,prot_cs,e_prot_ps,E_prot_ps,e_prot_acf,E_prot_acf,e_prot_cs,E_prot_cs,sph_ps,sph_acf,sph_cs,e_sph_ps,e_sph_acf,e_sph_cs,h_ps,fa_prob_ps,hacf,gacf,hcs
4949045,3.948734560166375,23.703121915459633,0.22701869350552537,1.7668298472870425,1.7668298472870425,-1.0,-1.0,0.013565688451264383,0.013565688451264383,522.803626667429,620.7935017140752,231.02004882530753,197.95285691102438,125.52549159686266,35.835874505434894,15.982229080103398,1.1455290364372946e-07,0.18475850960880863,0.023187203133868146,5.716786005273824
