target_id,prot_ps,prot_acf,prot_cs,e_prot_ps,E_prot_ps,e_prot_acf,E_prot_acf,e_prot_cs,E_prot_cs,sph_ps,sph_acf,sph_cs,e_sph_ps,e_sph_acf,e_sph_cs,h_ps,fa_prob_ps,hacf,gacf,hcs
4912049,7.938269381111029,15.61140563711524,15.50499058312426,0.3862112488162363,0.3862112488162363,-1.0,-1.0,0.2335096666494385,0.2335096666494385,2419.2036937805487,2596.7822498730984,2586.3197298111672,793.4370763717983,863.9276951774723,860.9403228792156,29.16609770898464,2.1543918939187177e-13,0.5014470654789103,0.31259126681912913,0.9258474756790165
