target_id,prot_ps,prot_acf,prot_cs,e_prot_ps,E_prot_ps,e_prot_acf,E_prot_acf,e_prot_cs,E_prot_cs,sph_ps,sph_acf,sph_cs,e_sph_ps,e_sph_acf,e_sph_cs,h_ps,fa_prob_ps,hacf,gacf,hcs
4995716,53.84098750717888,56.66284557618201,2.8321205902844673,7.389056098930612,7.389056098930612,-1.0,-1.0,1.0699017221039804,1.0699017221039804,1359.7046075912942,1389.237930008144,803.2181495370364,299.8512630136357,302.3342271531845,339.2213330369099,23.836849226404304,4.444141875866173e-11,0.33767492432297774,0.1941073193195294,0.36136328774120763
