target_id,prot_ps,prot_acf,prot_cs,e_prot_ps,E_prot_ps,e_prot_acf,E_prot_acf,e_prot_cs,E_prot_cs,sph_ps,sph_acf,sph_cs,e_sph_ps,e_sph_acf,e_sph_cs,h_ps,fa_prob_ps,hacf,gacf,hcs
4946140,8.338333516656967,16.939579911064357,16.943870998858472,0.3742733776378268,0.3742733776378268,-1.0,-1.0,0.7941586181504273,0.7941586181504273,1997.6678460558132,2047.6208770161616,2047.744685954258,574.3854657526696,527.4353683737414,527.2128279625439,39.202235378879905,9.433774625855181e-18,0.8175416582090023,0.4486137332446902,0.8555171579377089
