target_id,prot_ps,prot_acf,prot_cs,e_prot_ps,E_prot_ps,e_prot_acf,E_prot_acf,e_prot_cs,E_prot_cs,sph_ps,sph_acf,sph_cs,e_sph_ps,e_sph_acf,e_sph_cs,h_ps,fa_prob_ps,hacf,gacf,hcs
4931303,0.1175948203430606,57.35737025691196,2.3470155945055384,0.15996076326860126,0.15996076326860126,-1.0,-1.0,0.015159613094978232,0.015159613094978232,301.6870790355341,908.6081627569123,532.6802108660295,49.34964212633304,224.2548442560851,218.33642352049287,14.67898353319268,4.216949999332562e-07,0.20557206174800785,0.07263234704191975,0.6824836477003386
