target_id,prot_ps,prot_acf,prot_cs,e_prot_ps,E_prot_ps,e_prot_acf,E_prot_acf,e_prot_cs,E_prot_cs,sph_ps,sph_acf,sph_cs,e_sph_ps,e_sph_acf,e_sph_cs,h_ps,fa_prob_ps,hacf,gacf,hcs
5000915,2.0660738808252774,45.50412053382024,2.0656870201083737,0.9159307177940145,0.9159307177940145,-1.0,-1.0,0.05767577975014858,0.05767577975014858,630.9696032053412,688.3008241771616,630.9696032053412,36.07780694948335,0.0,36.07780694948335,10.709970029161754,2.232128101033869e-05,0.004839947542422661,0.007009910856844787,0.5923955571375973
