target_id,prot_ps,prot_acf,prot_cs,e_prot_ps,E_prot_ps,e_prot_acf,E_prot_acf,e_prot_cs,E_prot_cs,sph_ps,sph_acf,sph_cs,e_sph_ps,e_sph_acf,e_sph_cs,h_ps,fa_prob_ps,hacf,gacf,hcs
5093373,1.711039591716561,-1.0,1.4539082511948098,1.2167725912008402,1.2167725912008402,-1.0,-1.0,0.010808218493396698,0.010808218493396698,366.2916841809316,-1.0,360.6761196470497,49.02937401099598,-1.0,36.985485141393376,13.654142948931767,1.1751168729998339e-06,-1.0,-1.0,0.2753670844189686
