target_id,prot_ps,prot_acf,prot_cs,e_prot_ps,E_prot_ps,e_prot_acf,E_prot_acf,e_prot_cs,E_prot_cs,sph_ps,sph_acf,sph_cs,e_sph_ps,e_sph_acf,e_sph_cs,h_ps,fa_prob_ps,hacf,gacf,hcs
5018454,15.200788204923333,15.345735061913729,15.123630583301273,1.1147381733751185,1.1147381733751185,-1.0,-1.0,0.6664991929726565,0.6664991929726565,3466.017190745972,3451.2072217433038,3534.4938530496615,1130.4831853678659,1196.3129187300367,1036.8861910755902,60.04078158728638,8.406590012374549e-27,0.9001272639535068,0.5060161210411898,0.9958639677729956
