target_id,prot_ps,prot_acf,prot_cs,e_prot_ps,E_prot_ps,e_prot_acf,E_prot_acf,e_prot_cs,E_prot_cs,sph_ps,sph_acf,sph_cs,e_sph_ps,e_sph_acf,e_sph_cs,h_ps,fa_prob_ps,hacf,gacf,hcs
5080500,2.5448686204585163,5.128777629230171,5.097514562406577,0.08768998500115527,0.08768998500115527,-1.0,-1.0,0.13656982193101727,0.13656982193101727,2003.3889585219779,2060.760010165731,2114.6628630897394,698.1619699075126,674.0911029538697,707.9583802340151,211.39160584308468,1.562399393456431e-92,0.8425900458277285,0.7042043047063339,0.7179502803190384
