target_id,prot_ps,prot_acf,prot_cs,e_prot_ps,E_prot_ps,e_prot_acf,E_prot_acf,e_prot_cs,E_prot_cs,sph_ps,sph_acf,sph_cs,e_sph_ps,e_sph_acf,e_sph_cs,h_ps,fa_prob_ps,hacf,gacf,hcs
5023847,0.12244049324666785,52.20801829127595,3.1703018259064075,0.23394568604856475,0.23394568604856475,-1.0,-1.0,0.01205293217564315,0.01205293217564315,3644.0095511234563,9864.986106659348,7228.792393048314,745.3433725235819,3344.746809323568,5101.628678665039,14.056365409044664,7.859556987299385e-07,0.170555633695399,0.017424295168686092,8.557419950433966
