target_id,prot_ps,prot_acf,prot_cs,e_prot_ps,E_prot_ps,e_prot_acf,E_prot_acf,e_prot_cs,E_prot_cs,sph_ps,sph_acf,sph_cs,e_sph_ps,e_sph_acf,e_sph_cs,h_ps,fa_prob_ps,hacf,gacf,hcs
5125726,45.86367699032019,-1.0,3.1521665479331262,7.389056098930649,7.389056098930649,-1.0,-1.0,0.054927346507547284,0.054927346507547284,945.3512267574184,-1.0,677.2805604124326,134.87792321406562,-1.0,116.49687622760788,21.34618798338642,5.363747796735213e-10,-1.0,-1.0,0.15681699969791577
