target_id,prot_ps,prot_acf,prot_cs,e_prot_ps,E_prot_ps,e_prot_acf,E_prot_acf,e_prot_cs,E_prot_cs,sph_ps,sph_acf,sph_cs,e_sph_ps,e_sph_acf,e_sph_cs,h_ps,fa_prob_ps,hacf,gacf,hcs
5126149,4.8014062594450975,1.6346940025687218,4.794003770757464,0.17718614824304849,0.17718614824304849,-1.0,-1.0,0.10739539742127978,0.10739539742127978,1894.7186912162333,1554.1733607161405,1893.2173836553316,553.3600188357344,490.8604471454542,564.340206174401,415.9032374571807,2.3742091076962463e-181,0.28574136077169604,0.5287785152562342,0.925629954006708
