target_id,prot_ps,prot_acf,prot_cs,e_prot_ps,E_prot_ps,e_prot_acf,E_prot_acf,e_prot_cs,E_prot_cs,sph_ps,sph_acf,sph_cs,e_sph_ps,e_sph_acf,e_sph_cs,h_ps,fa_prob_ps,hacf,gacf,hcs
5186354,4.9829854528041615,10.114671445917338,5.0310152172088545,0.31984318892539226,0.31984318892539226,-1.0,-1.0,0.21374709275671033,0.21374709275671033,305.719619565607,324.91180219297564,304.87148390804884,65.98459490481133,59.078163394371764,71.10265948110603,30.784985176236308,4.2682594691706154e-14,1.185745227813128e-05,0.002083615766833677,6.1997533139955205
