target_id,prot_ps,prot_acf,prot_cs,e_prot_ps,E_prot_ps,e_prot_acf,E_prot_acf,e_prot_cs,E_prot_cs,sph_ps,sph_acf,sph_cs,e_sph_ps,e_sph_acf,e_sph_cs,h_ps,fa_prob_ps,hacf,gacf,hcs
5176981,13.028528231387691,40.96956418827176,1.1763679851964115,3.5885894252521733,3.5885894252521733,-1.0,-1.0,1.4048753220091093,1.4048753220091093,689.0162885071439,709.2592097498609,537.2243466163736,116.22236645648043,44.31330528707056,80.9102027786233,15.783478317512513,1.397405542532018e-07,0.06705776782228534,0.021187229566352814,0.8298903278760769
