target_id,prot_ps,prot_acf,prot_cs,e_prot_ps,E_prot_ps,e_prot_acf,E_prot_acf,e_prot_cs,E_prot_cs,sph_ps,sph_acf,sph_cs,e_sph_ps,e_sph_acf,e_sph_cs,h_ps,fa_prob_ps,hacf,gacf,hcs
5210066,2.085207233090023,2.1046734685078263,2.0656532885072556,0.07471410294377401,0.07471410294377401,-1.0,-1.0,0.0111448853970508,0.0111448853970508,2625.306879972013,2624.0455761743287,2612.653753204976,876.8272704259614,867.7235450889307,875.9860789377775,1196.8248349513565,0.0,1.1200214269322664,0.8689061482410101,0.850578413074433
