target_id,prot_ps,prot_acf,prot_cs,e_prot_ps,E_prot_ps,e_prot_acf,E_prot_acf,e_prot_cs,E_prot_cs,sph_ps,sph_acf,sph_cs,e_sph_ps,e_sph_acf,e_sph_cs,h_ps,fa_prob_ps,hacf,gacf,hcs
5295366,3.1414532926642424,-1.0,3.074865935593897,1.7012961746186144,1.7012961746186144,-1.0,-1.0,0.2436494283698568,0.2436494283698568,512.9477190251615,-1.0,515.2648464483581,156.26797439049517,-1.0,158.1830788907716,16.701398817625858,5.580519800837078e-08,-1.0,-1.0,0.4151710885085845
