target_id,prot_ps,prot_acf,prot_cs,e_prot_ps,E_prot_ps,e_prot_acf,E_prot_acf,e_prot_cs,E_prot_cs,sph_ps,sph_acf,sph_cs,e_sph_ps,e_sph_acf,e_sph_cs,h_ps,fa_prob_ps,hacf,gacf,hcs
5209218,5.191556329576736,5.1493065264075994,5.16443161782572,0.22721193845988436,0.22721193845988436,-1.0,-1.0,0.0447931687821443,0.0447931687821443,3552.257450482253,3560.2252397572956,3558.8437112917545,1612.3023270568829,1616.4182126730257,1634.3411243377413,375.62327984145594,7.394048423857277e-164,1.2058605401870945,0.7968600828203768,0.80872707160733
