target_id,prot_ps,prot_acf,prot_cs,e_prot_ps,E_prot_ps,e_prot_acf,E_prot_acf,e_prot_cs,E_prot_cs,sph_ps,sph_acf,sph_cs,e_sph_ps,e_sph_acf,e_sph_cs,h_ps,fa_prob_ps,hacf,gacf,hcs
5259844,0.9928695477611784,-1.0,1.7129574762703832,7.389056095960222,7.389056095960222,-1.0,-1.0,0.18511708363556786,0.18511708363556786,463.47603801903534,-1.0,478.11421839069874,53.78801233340544,-1.0,58.3339735969663,11.7953636309595,7.539432598536389e-06,-1.0,-1.0,0.26269996459405665
