target_id,prot_ps,prot_acf,prot_cs,e_prot_ps,E_prot_ps,e_prot_acf,E_prot_acf,e_prot_cs,E_prot_cs,sph_ps,sph_acf,sph_cs,e_sph_ps,e_sph_acf,e_sph_cs,h_ps,fa_prob_ps,hacf,gacf,hcs
5286224,0.24355222876618982,-1.0,0.8698628346249462,0.47349024217772145,0.47349024217772145,-1.0,-1.0,0.14436848500619856,0.14436848500619856,297.70980303391985,-1.0,331.58123132093283,40.532123297055975,-1.0,41.42702534879063,16.57236558446527,6.349113262718229e-08,-1.0,-1.0,0.2521150597552459
