target_id,prot_ps,prot_acf,prot_cs,e_prot_ps,E_prot_ps,e_prot_acf,E_prot_acf,e_prot_cs,E_prot_cs,sph_ps,sph_acf,sph_cs,e_sph_ps,e_sph_acf,e_sph_cs,h_ps,fa_prob_ps,hacf,gacf,hcs
5363966,0.23819915932244665,38.92615271033719,0.9816227459835731,0.2930130089887869,0.2930130089887869,-1.0,-1.0,0.01195250911620553,0.01195250911620553,309.7921004372815,717.1473582804365,380.11442568525547,45.70002306081585,183.02342252797166,98.23102846825674,15.280455177757888,2.3109078897855028e-07,0.16107204980975273,0.0630709278663158,0.6388797670665584
