target_id,prot_ps,prot_acf,prot_cs,e_prot_ps,E_prot_ps,e_prot_acf,E_prot_acf,e_prot_cs,E_prot_cs,sph_ps,sph_acf,sph_cs,e_sph_ps,e_sph_acf,e_sph_cs,h_ps,fa_prob_ps,hacf,gacf,hcs
5373246,4.602601745729403,9.276887618936598,9.26646644562017,0.15684337305495738,0.15684337305495738,-1.0,-1.0,0.47090983179938206,0.47090983179938206,830.4756918724944,879.5147348111157,876.6334416599641,222.93833658509388,178.36530264994124,174.65504059065628,200.3146763701094,1.010279191995698e-87,0.6140190033767505,0.5041804288857735,264.68505981561196
