target_id,prot_ps,prot_acf,prot_cs,e_prot_ps,E_prot_ps,e_prot_acf,E_prot_acf,e_prot_cs,E_prot_cs,sph_ps,sph_acf,sph_cs,e_sph_ps,e_sph_acf,e_sph_cs,h_ps,fa_prob_ps,hacf,gacf,hcs
5376353,0.2757397467693532,-1.0,1.3432775287586793,7.3890560988642955,7.3890560988642955,-1.0,-1.0,0.009010863933766834,0.009010863933766834,655.2745026292865,-1.0,693.5328681035091,95.2073736946444,-1.0,100.21180181147457,16.84947027696992,4.81247000555458e-08,-1.0,-1.0,0.23873818563564994
