target_id,prot_ps,prot_acf,prot_cs,e_prot_ps,E_prot_ps,e_prot_acf,E_prot_acf,e_prot_cs,E_prot_cs,sph_ps,sph_acf,sph_cs,e_sph_ps,e_sph_acf,e_sph_cs,h_ps,fa_prob_ps,hacf,gacf,hcs
5350995,21.463484381236245,20.944539341144264,21.240827946458015,1.9102891421642498,1.9102891421642498,-1.0,-1.0,0.6202530937383889,0.6202530937383889,1947.327556127094,1942.6478505662585,1945.8942864857186,508.3548288307363,594.0563131809681,533.9995009657638,38.79699364589651,1.4147501385914265e-17,0.8208364176703842,0.4211023423435777,0.979064393937875
