target_id,prot_ps,prot_acf,prot_cs,e_prot_ps,E_prot_ps,e_prot_acf,E_prot_acf,e_prot_cs,E_prot_cs,sph_ps,sph_acf,sph_cs,e_sph_ps,e_sph_acf,e_sph_cs,h_ps,fa_prob_ps,hacf,gacf,hcs
5350807,0.296650176252829,-1.0,1.3534635238660455,0.6150043893373265,0.6150043893373265,-1.0,-1.0,0.012123739817298035,0.012123739817298035,309.8604366776922,-1.0,316.01428531738463,35.93806612725713,-1.0,25.52060864571081,12.524127537033841,3.6378142514980412e-06,-1.0,-1.0,0.08934271712433413
