target_id,prot_ps,prot_acf,prot_cs,e_prot_ps,E_prot_ps,e_prot_acf,E_prot_acf,e_prot_cs,E_prot_cs,sph_ps,sph_acf,sph_cs,e_sph_ps,e_sph_acf,e_sph_cs,h_ps,fa_prob_ps,hacf,gacf,hcs
5446518,2.2815483476461487,2.288583129644394,2.29269002433059,0.08133446131336235,0.08133446131336235,-1.0,-1.0,0.035769619476138236,0.035769619476138236,3028.3588102417093,3034.3004691806123,3042.835061179013,922.6731534795907,916.9417714042345,922.6913297916635,1735.1391224458569,0.0,1.248553076687161,0.9042890262225014,0.3804190694068357
