target_id,prot_ps,prot_acf,prot_cs,e_prot_ps,E_prot_ps,e_prot_acf,E_prot_acf,e_prot_cs,E_prot_cs,sph_ps,sph_acf,sph_cs,e_sph_ps,e_sph_acf,e_sph_cs,h_ps,fa_prob_ps,hacf,gacf,hcs
5427387,2.3446741817897605,2.329408535733819,4.251374911796301,0.26345045914850623,0.26345045914850623,-1.0,-1.0,0.330989406125707,0.330989406125707,544.4281154709244,546.671798623977,585.746720528658,175.09498883996756,173.84617168930356,162.09986245163694,40.97438820270223,1.6034274128648553e-18,0.2722572324878425,0.38277229347193487,1.4323562580604527
