target_id,prot_ps,prot_acf,prot_cs,e_prot_ps,E_prot_ps,e_prot_acf,E_prot_acf,e_prot_cs,E_prot_cs,sph_ps,sph_acf,sph_cs,e_sph_ps,e_sph_acf,e_sph_cs,h_ps,fa_prob_ps,hacf,gacf,hcs
5426997,0.15522351388703703,-1.0,0.9507460517389701,0.8157628793654264,0.8157628793654264,-1.0,-1.0,3.7023427844981995,3.7023427844981995,888.1338469042169,-1.0,1039.2988379587368,157.3856791005779,-1.0,387.0128400756428,9.174810470768028,0.00010361686303587591,-1.0,-1.0,0.3217871186480425
