target_id,prot_ps,prot_acf,prot_cs,e_prot_ps,E_prot_ps,e_prot_acf,E_prot_acf,e_prot_cs,E_prot_cs,sph_ps,sph_acf,sph_cs,e_sph_ps,e_sph_acf,e_sph_cs,h_ps,fa_prob_ps,hacf,gacf,hcs
5469517,4.01379496461693,10.11469034710899,0.2866444601883839,1.478556155809223,1.478556155809223,-1.0,-1.0,0.008838359301409178,0.008838359301409178,391.79025486792773,426.0670203647212,228.74612408452862,123.73784154382695,136.84276011883608,47.65797886738159,24.423050047367187,2.4728862125382025e-11,0.14514500059492746,0.07481254999022263,5.1118545094541075
