target_id,prot_ps,prot_acf,prot_cs,e_prot_ps,E_prot_ps,e_prot_acf,E_prot_acf,e_prot_cs,E_prot_cs,sph_ps,sph_acf,sph_cs,e_sph_ps,e_sph_acf,e_sph_cs,h_ps,fa_prob_ps,hacf,gacf,hcs
5541806,24.76641262513356,-1.0,24.776700949650433,7.389056098930649,7.389056098930649,-1.0,-1.0,0.28089378568000106,0.28089378568000106,533.4092120957309,-1.0,533.0850992300972,124.92728884444706,-1.0,124.85950180348178,24.777937487352798,1.734117321594079e-11,-1.0,-1.0,0.104938558453473
