target_id,prot_ps,prot_acf,prot_cs,e_prot_ps,E_prot_ps,e_prot_acf,E_prot_acf,e_prot_cs,E_prot_cs,sph_ps,sph_acf,sph_cs,e_sph_ps,e_sph_acf,e_sph_cs,h_ps,fa_prob_ps,hacf,gacf,hcs
5597401,1.6038691960668963,3.187601437792182,3.108549878000944,0.04530499924939844,0.04530499924939844,-1.0,-1.0,0.03997935891948159,0.03997935891948159,21544.539664979093,21947.536934581363,21624.638148736194,8652.824341580876,8717.67201787652,8867.186611716874,28199.20003202555,0.0,1.3263550386621794,0.9275608156995465,0.20537903509453131
