target_id,prot_ps,prot_acf,prot_cs,e_prot_ps,E_prot_ps,e_prot_acf,E_prot_acf,e_prot_cs,E_prot_cs,sph_ps,sph_acf,sph_cs,e_sph_ps,e_sph_acf,e_sph_cs,h_ps,fa_prob_ps,hacf,gacf,hcs
5560949,45.890560629154784,-1.0,1.9395762941579926,7.389056098930612,7.389056098930612,-1.0,-1.0,0.012461686135161175,0.012461686135161175,978.6180035580326,-1.0,769.1684840917911,65.0427621561288,-1.0,66.94135376989794,15.183318775320489,2.546645175762076e-07,-1.0,-1.0,0.08640731608999035
