target_id,prot_ps,prot_acf,prot_cs,e_prot_ps,E_prot_ps,e_prot_acf,E_prot_acf,e_prot_cs,E_prot_cs,sph_ps,sph_acf,sph_cs,e_sph_ps,e_sph_acf,e_sph_cs,h_ps,fa_prob_ps,hacf,gacf,hcs
5546124,2.8266494154049537,-1.0,3.095105544137769,1.7963488155232197,1.7963488155232197,-1.0,-1.0,0.2891044747511982,0.2891044747511982,651.4765022597137,-1.0,691.7677010037114,437.65541735718205,-1.0,434.87852550481523,16.33954487848069,8.013566079755171e-08,-1.0,-1.0,0.617711232453271
