target_id,prot_ps,prot_acf,prot_cs,e_prot_ps,E_prot_ps,e_prot_acf,E_prot_acf,e_prot_cs,E_prot_cs,sph_ps,sph_acf,sph_cs,e_sph_ps,e_sph_acf,e_sph_cs,h_ps,fa_prob_ps,hacf,gacf,hcs
5565156,9.17924317032825,-1.0,9.18246727292186,0.41236530287719386,0.41236530287719386,-1.0,-1.0,0.03838488892384512,0.03838488892384512,602.005154393952,-1.0,602.005154393952,139.5074316084939,-1.0,139.5074316084939,62.91006406052661,4.769867579036747e-28,-1.0,-1.0,0.43769723621818374
