target_id,prot_ps,prot_acf,prot_cs,e_prot_ps,E_prot_ps,e_prot_acf,E_prot_acf,e_prot_cs,E_prot_cs,sph_ps,sph_acf,sph_cs,e_sph_ps,e_sph_acf,e_sph_cs,h_ps,fa_prob_ps,hacf,gacf,hcs
5621887,0.27283072801909947,58.9512948715128,2.9925189372384917,0.3723524434766402,0.3723524434766402,-1.0,-1.0,0.2518845210079888,0.2518845210079888,703.3655811704298,1428.1304998803453,1076.8584703347842,119.29405745136586,248.12017764923073,321.71250659379507,12.586096433356811,3.419225709145965e-06,0.11310195073421409,0.07730278918382424,0.47417556791436166
