target_id,prot_ps,prot_acf,prot_cs,e_prot_ps,E_prot_ps,e_prot_acf,E_prot_acf,e_prot_cs,E_prot_cs,sph_ps,sph_acf,sph_cs,e_sph_ps,e_sph_acf,e_sph_cs,h_ps,fa_prob_ps,hacf,gacf,hcs
5632007,0.20742049086567788,-1.0,0.5365881840605288,7.389056096922837,7.389056096922837,-1.0,-1.0,0.24485458875929986,0.24485458875929986,525.0446655098398,-1.0,537.1793056208566,83.17120687279645,-1.0,77.78822584458781,15.231887965210637,2.425912362880795e-07,-1.0,-1.0,0.21913505489677063
