target_id,prot_ps,prot_acf,prot_cs,e_prot_ps,E_prot_ps,e_prot_acf,E_prot_acf,e_prot_cs,E_prot_cs,sph_ps,sph_acf,sph_cs,e_sph_ps,e_sph_acf,e_sph_cs,h_ps,fa_prob_ps,hacf,gacf,hcs
5653841,1.184130971264096,-1.0,3.3985403712093833,0.5254164641758473,0.5254164641758473,-1.0,-1.0,0.5417141651341313,0.5417141651341313,365.5107894009469,-1.0,412.58330086347956,69.73409248129677,-1.0,94.88137252342254,21.9736919849468,2.863827294251502e-10,-1.0,-1.0,0.3082176759583588
