target_id,prot_ps,prot_acf,prot_cs,e_prot_ps,E_prot_ps,e_prot_acf,E_prot_acf,e_prot_cs,E_prot_cs,sph_ps,sph_acf,sph_cs,e_sph_ps,e_sph_acf,e_sph_cs,h_ps,fa_prob_ps,hacf,gacf,hcs
5632729,1.3799509146588822,-1.0,1.8400478017457873,7.389056098930649,7.389056098930649,-1.0,-1.0,0.009108832130345934,0.009108832130345934,444.56998220750035,-1.0,452.5606673625044,60.70006218389051,-1.0,65.83517459587132,22.469512180266598,1.7442745693936165e-10,-1.0,-1.0,0.2842622125418423
