target_id,prot_ps,prot_acf,prot_cs,e_prot_ps,E_prot_ps,e_prot_acf,E_prot_acf,e_prot_cs,E_prot_cs,sph_ps,sph_acf,sph_cs,e_sph_ps,e_sph_acf,e_sph_cs,h_ps,fa_prob_ps,hacf,gacf,hcs
5687665,16.39622773028392,32.87727663433179,16.390172030565573,0.9637146881612767,0.9637146881612767,-1.0,-1.0,0.15038290567683243,0.15038290567683243,1404.5408773200718,1583.6698156585726,1407.2454978027572,736.9106214072509,587.4796560246823,734.7641082297422,40.06871414017647,3.966235998373273e-18,0.6328990951860926,0.29254631171821904,0.5903201369872504
