target_id,prot_ps,prot_acf,prot_cs,e_prot_ps,E_prot_ps,e_prot_acf,E_prot_acf,e_prot_cs,E_prot_cs,sph_ps,sph_acf,sph_cs,e_sph_ps,e_sph_acf,e_sph_cs,h_ps,fa_prob_ps,hacf,gacf,hcs
5612536,41.68572547675771,-1.0,1.6790403959993274,7.389056098930649,7.389056098930649,-1.0,-1.0,0.20405583883210957,0.20405583883210957,458.3949819008129,-1.0,206.03685059224492,80.32101595489613,-1.0,89.60752298295125,14.132077340164516,7.286463493285107e-07,-1.0,-1.0,0.058408849744892105
