target_id,prot_ps,prot_acf,prot_cs,e_prot_ps,E_prot_ps,e_prot_acf,E_prot_acf,e_prot_cs,E_prot_cs,sph_ps,sph_acf,sph_cs,e_sph_ps,e_sph_acf,e_sph_cs,h_ps,fa_prob_ps,hacf,gacf,hcs
5717033,11.060232065490219,-1.0,3.6781890067843053,3.7597391159409255,3.7597391159409255,-1.0,-1.0,0.2642403213770093,0.2642403213770093,280.59030012253874,-1.0,229.1732194398932,80.16510054400624,-1.0,54.4729479824346,17.953282068695813,1.595837497534828e-08,-1.0,-1.0,0.26417619637740625
