target_id,prot_ps,prot_acf,prot_cs,e_prot_ps,E_prot_ps,e_prot_acf,E_prot_acf,e_prot_cs,E_prot_cs,sph_ps,sph_acf,sph_cs,e_sph_ps,e_sph_acf,e_sph_cs,h_ps,fa_prob_ps,hacf,gacf,hcs
5772478,46.273664781967526,53.57618509512395,3.487764696371741,2.2006200931936113,2.2006200931936113,-1.0,-1.0,0.2168726434629568,0.2168726434629568,283.81238373323293,284.8471765718598,231.6372531997301,26.669511728477,23.38707141266545,38.084254884148244,17.65635063589767,2.1475552627117005e-08,0.12190063352039932,0.03076089882252205,0.14922478670867206
