target_id,prot_ps,prot_acf,prot_cs,e_prot_ps,E_prot_ps,e_prot_acf,E_prot_acf,e_prot_cs,E_prot_cs,sph_ps,sph_acf,sph_cs,e_sph_ps,e_sph_acf,e_sph_cs,h_ps,fa_prob_ps,hacf,gacf,hcs
5784101,7.949417171960439,7.744388957042247,7.9448493344013436,0.4230686972826703,0.4230686972826703,-1.0,-1.0,0.26340103738285225,0.26340103738285225,1308.7924754736048,1304.0136470606653,1308.5085422441782,480.71476726000725,487.5236581681449,479.93436329215297,119.49645532360765,1.2686705131136316e-52,0.8005456704144163,0.5462642483796917,0.9794879203753971
