target_id,prot_ps,prot_acf,prot_cs,e_prot_ps,E_prot_ps,e_prot_acf,E_prot_acf,e_prot_cs,E_prot_cs,sph_ps,sph_acf,sph_cs,e_sph_ps,e_sph_acf,e_sph_cs,h_ps,fa_prob_ps,hacf,gacf,hcs
5770431,0.19618983756084105,0.2043337281793356,0.2043337281793356,0.0051038550417203486,0.0051038550417203486,-1.0,-1.0,0.02043337281793356,0.02043337281793356,51377.809877734326,51349.1306143778,51349.1306143778,1553.6205959350468,1642.0502511795876,1642.0502511795876,7180634.586734165,0.0,1.3956718140599198,0.7619471168248464,2.5959415618861755e-06
