target_id,prot_ps,prot_acf,prot_cs,e_prot_ps,E_prot_ps,e_prot_acf,E_prot_acf,e_prot_cs,E_prot_cs,sph_ps,sph_acf,sph_cs,e_sph_ps,e_sph_acf,e_sph_cs,h_ps,fa_prob_ps,hacf,gacf,hcs
5738138,3.1191027537803797,41.97089955210686,3.1409045636892006,0.12582676765104453,0.12582676765104453,-1.0,-1.0,0.09809648285218797,0.09809648285218797,1234.90492005168,1970.1722012284333,1202.3838818352917,676.7831723769604,593.2327712756129,594.4991585914098,148.92479152481886,2.1027363488519044e-65,0.9662196281652631,0.4973915128541773,0.4950353925761874
