target_id,prot_ps,prot_acf,prot_cs,e_prot_ps,E_prot_ps,e_prot_acf,E_prot_acf,e_prot_cs,E_prot_cs,sph_ps,sph_acf,sph_cs,e_sph_ps,e_sph_acf,e_sph_cs,h_ps,fa_prob_ps,hacf,gacf,hcs
5809184,47.072889220816855,49.38832873851061,47.09519729916858,1.8903472431594037,1.8903472431594037,-1.0,-1.0,1.0877172761000584,1.0877172761000584,383.00660600409464,382.294098561186,383.02485149018827,30.421822584915866,32.23492654084075,30.446615092050266,51.44844127706113,4.53133166374387e-23,0.16158879549755195,0.10956174368285111,0.08541145244134232
