target_id,prot_ps,prot_acf,prot_cs,e_prot_ps,E_prot_ps,e_prot_acf,E_prot_acf,e_prot_cs,E_prot_cs,sph_ps,sph_acf,sph_cs,e_sph_ps,e_sph_acf,e_sph_cs,h_ps,fa_prob_ps,hacf,gacf,hcs
5897057,0.2816543091931039,-1.0,28.62075401681086,0.9905373033108952,0.9905373033108952,-1.0,-1.0,0.3069109166800052,0.3069109166800052,448.0155048846691,-1.0,863.3542661391994,55.65351738145249,-1.0,217.717285467899,25.55154626363709,8.000266489331422e-12,-1.0,-1.0,0.1685917428413949
