target_id,prot_ps,prot_acf,prot_cs,e_prot_ps,E_prot_ps,e_prot_acf,E_prot_acf,e_prot_cs,E_prot_cs,sph_ps,sph_acf,sph_cs,e_sph_ps,e_sph_acf,e_sph_cs,h_ps,fa_prob_ps,hacf,gacf,hcs
5888258,14.033736346305865,29.240550321992487,14.430468120511264,1.0479412233392968,1.0479412233392968,-1.0,-1.0,0.7829241440794028,0.7829241440794028,1133.378597831592,1220.0404852131987,1163.67022056019,389.9522361619523,271.39194341350776,355.8485859043,22.901810409458907,1.1320617417567364e-10,0.2880282064559407,0.07644522132257726,0.7491397152488627
