target_id,prot_ps,prot_acf,prot_cs,e_prot_ps,E_prot_ps,e_prot_acf,E_prot_acf,e_prot_cs,E_prot_cs,sph_ps,sph_acf,sph_cs,e_sph_ps,e_sph_acf,e_sph_cs,h_ps,fa_prob_ps,hacf,gacf,hcs
5962514,0.2660498025862878,0.7968878648243845,1.577348211852378,0.007791973653508159,0.007791973653508159,-1.0,-1.0,0.01048660804566393,0.01048660804566393,38112.51686633201,39006.92263829931,39331.4361120022,9281.894238732359,6407.43001787487,4773.717844259792,5075.604589636317,0.0,1.0828450169358659,0.7326920300812079,0.07308379906523928
