target_id,prot_ps,prot_acf,prot_cs,e_prot_ps,E_prot_ps,e_prot_acf,E_prot_acf,e_prot_cs,E_prot_cs,sph_ps,sph_acf,sph_cs,e_sph_ps,e_sph_acf,e_sph_cs,h_ps,fa_prob_ps,hacf,gacf,hcs
5964402,11.668798277600168,59.54391630087048,11.78434178787749,0.5321742174315144,0.5321742174315144,-1.0,-1.0,0.3572779643761089,0.3572779643761089,217.74584994091884,225.098843174749,216.27456412902865,42.532130950790744,9.655614904585963,44.07770133733008,51.1645930822821,6.01865646945194e-23,0.22397139042477227,0.07686044973444622,6.255553296379871
