target_id,prot_ps,prot_acf,prot_cs,e_prot_ps,E_prot_ps,e_prot_acf,E_prot_acf,e_prot_cs,E_prot_cs,sph_ps,sph_acf,sph_cs,e_sph_ps,e_sph_acf,e_sph_cs,h_ps,fa_prob_ps,hacf,gacf,hcs
5963681,11.792881806453908,-1.0,0.8048846606025472,3.758593331756839,3.758593331756839,-1.0,-1.0,0.16720923722626402,0.16720923722626402,1095.3393908512767,-1.0,567.1623616770648,333.9831652716991,-1.0,106.88114750569406,23.41984351409838,6.743590571621733e-11,-1.0,-1.0,0.16227229092905365
