target_id,prot_ps,prot_acf,prot_cs,e_prot_ps,E_prot_ps,e_prot_acf,E_prot_acf,e_prot_cs,E_prot_cs,sph_ps,sph_acf,sph_cs,e_sph_ps,e_sph_acf,e_sph_cs,h_ps,fa_prob_ps,hacf,gacf,hcs
5905644,19.993241197468507,20.209083295892924,20.204792186194098,1.4363250600222097,1.4363250600222097,-1.0,-1.0,0.6636716997055981,0.6636716997055981,2628.8354357502453,2630.4982816157253,2631.6746315686964,564.4533554683746,565.721267435154,563.9447154631459,35.62045816615602,3.3902488363402605e-16,0.7459150230372285,0.4125906548724074,0.24795397993168403
