target_id,prot_ps,prot_acf,prot_cs,e_prot_ps,E_prot_ps,e_prot_acf,E_prot_acf,e_prot_cs,E_prot_cs,sph_ps,sph_acf,sph_cs,e_sph_ps,e_sph_acf,e_sph_cs,h_ps,fa_prob_ps,hacf,gacf,hcs
5953179,12.557042981929792,12.341886280104518,12.420759924212472,0.8893865856887406,0.8893865856887406,-1.0,-1.0,0.6904442438205797,0.6904442438205797,4525.198479371409,4358.592531083257,4348.529313815494,1888.8498195747857,1900.7264402390133,1924.2939888240037,48.92284978676663,5.663387770045633e-22,0.7674892532247243,0.42835851549594633,0.9921115128170003
