target_id,prot_ps,prot_acf,prot_cs,e_prot_ps,E_prot_ps,e_prot_acf,E_prot_acf,e_prot_cs,E_prot_cs,sph_ps,sph_acf,sph_cs,e_sph_ps,e_sph_acf,e_sph_cs,h_ps,fa_prob_ps,hacf,gacf,hcs
5939413,52.83186273917101,55.02701782155782,2.9511890768539155,7.389056098930642,7.389056098930642,-1.0,-1.0,0.39664667666326353,0.39664667666326353,385.4065467141729,391.1299869254535,261.6998806792339,52.79063544200973,37.27769272384081,56.26406680586218,32.76621189970385,5.8859284584330265e-15,0.2410973312506884,0.10178035898869002,0.08354332371631823
