target_id,prot_ps,prot_acf,prot_cs,e_prot_ps,E_prot_ps,e_prot_acf,E_prot_acf,e_prot_cs,E_prot_cs,sph_ps,sph_acf,sph_cs,e_sph_ps,e_sph_acf,e_sph_cs,h_ps,fa_prob_ps,hacf,gacf,hcs
5904170,2.850196710425693,55.130227357149124,2.909968746453523,0.8243470431976434,0.8243470431976434,-1.0,-1.0,0.1519292560753585,0.1519292560753585,366.2781761646628,455.15197593709235,368.1395434821236,54.19132794046201,20.80533860461736,52.16345412138771,40.57600012365392,2.3881799538241092e-18,0.14645691959062349,0.052205525565205226,0.4390058788020657
