target_id,prot_ps,prot_acf,prot_cs,e_prot_ps,E_prot_ps,e_prot_acf,E_prot_acf,e_prot_cs,E_prot_cs,sph_ps,sph_acf,sph_cs,e_sph_ps,e_sph_acf,e_sph_cs,h_ps,fa_prob_ps,hacf,gacf,hcs
5950533,20.85024244712799,20.617590323556215,20.80273369376006,0.7265486038540205,0.7265486038540205,-1.0,-1.0,0.3165090058426358,0.3165090058426358,3293.02786764134,3303.4084783502076,3299.9593876831873,1726.0296416726032,1706.3038621231376,1718.3928046865651,232.60834440140792,9.538488969602045e-102,1.1799849659682375,0.6139429841880139,0.9839164313268496
