target_id,prot_ps,prot_acf,prot_cs,e_prot_ps,E_prot_ps,e_prot_acf,E_prot_acf,e_prot_cs,E_prot_cs,sph_ps,sph_acf,sph_cs,e_sph_ps,e_sph_acf,e_sph_cs,h_ps,fa_prob_ps,hacf,gacf,hcs
6021431,6.609554083193395,13.056923147756606,13.158727826559431,0.2303067173379256,0.2303067173379256,-1.0,-1.0,0.16280395725499144,0.16280395725499144,3068.0856556007247,3257.3808738290377,3218.3710771283822,847.370525443597,894.5589239162047,784.5868847570946,553.2083003480008,5.555047998032959e-241,0.8878789036613647,0.5756440092745955,0.9098621565367551
