target_id,prot_ps,prot_acf,prot_cs,e_prot_ps,E_prot_ps,e_prot_acf,E_prot_acf,e_prot_cs,E_prot_cs,sph_ps,sph_acf,sph_cs,e_sph_ps,e_sph_acf,e_sph_cs,h_ps,fa_prob_ps,hacf,gacf,hcs
6072702,1.8974319110067623,3.616775069385767,1.8992977232363322,0.05570954742715634,0.05570954742715634,-1.0,-1.0,0.008749403488787923,0.008749403488787923,3939.6676682765146,4090.9186426643323,3939.6676682765146,1369.5697387741368,1252.6801387378118,1369.5697387741368,848.0885732126274,0.0,0.9515634079181065,0.5802011997389218,0.47510407682285427
