target_id,prot_ps,prot_acf,prot_cs,e_prot_ps,E_prot_ps,e_prot_acf,E_prot_acf,e_prot_cs,E_prot_cs,sph_ps,sph_acf,sph_cs,e_sph_ps,e_sph_acf,e_sph_cs,h_ps,fa_prob_ps,hacf,gacf,hcs
6043042,12.309590269127396,18.57360996119678,0.5508977199285064,0.42258754115885877,0.42258754115885877,-1.0,-1.0,0.01091816626410597,0.01091816626410597,592.9210467731606,602.5776141952238,307.7306888506178,131.74139288680107,156.78715926771605,34.608519786957736,15.63708960360255,1.617701067686005e-07,3.078964248717092e-05,0.03493903861273746,12.972416507364695
