target_id,prot_ps,prot_acf,prot_cs,e_prot_ps,E_prot_ps,e_prot_acf,E_prot_acf,e_prot_cs,E_prot_cs,sph_ps,sph_acf,sph_cs,e_sph_ps,e_sph_acf,e_sph_cs,h_ps,fa_prob_ps,hacf,gacf,hcs
6060311,5.757083705745733,6.191427803132683,5.698372137215032,0.9779899002843077,0.9779899002843077,-1.0,-1.0,0.12104936470735733,0.12104936470735733,524.3298932027384,536.9497368490419,534.1093613083647,109.39566043113935,106.98798354682108,103.20908807092111,42.39053402657301,3.890675295246922e-19,0.12734171063306493,0.13848490346708328,0.9826083539749388
