target_id,prot_ps,prot_acf,prot_cs,e_prot_ps,E_prot_ps,e_prot_acf,E_prot_acf,e_prot_cs,E_prot_cs,sph_ps,sph_acf,sph_cs,e_sph_ps,e_sph_acf,e_sph_cs,h_ps,fa_prob_ps,hacf,gacf,hcs
6045893,0.32293671671848106,-1.0,7.484842883097008,0.16113870997754268,0.16113870997754268,-1.0,-1.0,0.23675146253835752,0.23675146253835752,678.5236090527043,-1.0,835.6116396743831,84.30958149791266,-1.0,174.30124749623477,252.0875317459518,3.309603796868521e-110,-1.0,-1.0,0.010338923146280874
