target_id,prot_ps,prot_acf,prot_cs,e_prot_ps,E_prot_ps,e_prot_acf,E_prot_acf,e_prot_cs,E_prot_cs,sph_ps,sph_acf,sph_cs,e_sph_ps,e_sph_acf,e_sph_cs,h_ps,fa_prob_ps,hacf,gacf,hcs
6110417,0.329313170910491,-1.0,5.178710128068925,7.389056098930649,7.389056098930649,-1.0,-1.0,0.09258304591594904,0.09258304591594904,183.1918584990659,-1.0,222.9496121794394,41.69887195306271,-1.0,71.99411524744215,11.956715214760274,6.416003032457586e-06,-1.0,-1.0,0.19614651427054344
