target_id,prot_ps,prot_acf,prot_cs,e_prot_ps,E_prot_ps,e_prot_acf,E_prot_acf,e_prot_cs,E_prot_cs,sph_ps,sph_acf,sph_cs,e_sph_ps,e_sph_acf,e_sph_cs,h_ps,fa_prob_ps,hacf,gacf,hcs
6115516,1.9942808769642426,-1.0,1.7520954335884524,0.5585247579960406,0.5585247579960406,-1.0,-1.0,0.05438796638009392,0.05438796638009392,680.962076766901,-1.0,662.324851119834,344.0760135913617,-1.0,350.87250942668044,47.39888353808483,2.5997191365541434e-21,-1.0,-1.0,0.19178635280433382
