target_id,prot_ps,prot_acf,prot_cs,e_prot_ps,E_prot_ps,e_prot_acf,E_prot_acf,e_prot_cs,E_prot_cs,sph_ps,sph_acf,sph_cs,e_sph_ps,e_sph_acf,e_sph_cs,h_ps,fa_prob_ps,hacf,gacf,hcs
6119994,3.536666880544327,10.829868004657328,11.368909359304237,0.11893347548345101,0.11893347548345101,-1.0,-1.0,0.6969407919269712,0.6969407919269712,3470.425638829323,3809.175496225143,3789.0839440682303,1954.51286514482,1770.7516671483936,1779.9924166029793,96.29867200694753,1.50666997173401e-42,0.9619126347123439,0.5887354626159592,0.4710927799159609
