target_id,prot_ps,prot_acf,prot_cs,e_prot_ps,E_prot_ps,e_prot_acf,E_prot_acf,e_prot_cs,E_prot_cs,sph_ps,sph_acf,sph_cs,e_sph_ps,e_sph_acf,e_sph_cs,h_ps,fa_prob_ps,hacf,gacf,hcs
6142199,14.556952977304137,29.1793976649642,14.584385778561083,0.5610218574660563,0.5610218574660563,-1.0,-1.0,0.11972768180810928,0.11972768180810928,316.4973659373054,323.3902591752652,315.8480674433071,96.81013431069496,78.15760737315377,99.88500589906577,57.93723730588889,6.88933877728301e-26,0.2217745599459196,0.16835299371451654,0.8612685974541832
