target_id,prot_ps,prot_acf,prot_cs,e_prot_ps,E_prot_ps,e_prot_acf,E_prot_acf,e_prot_cs,E_prot_cs,sph_ps,sph_acf,sph_cs,e_sph_ps,e_sph_acf,e_sph_cs,h_ps,fa_prob_ps,hacf,gacf,hcs
6149774,13.147027546789298,26.64569865912199,13.270334417326374,0.6268223442922066,0.6268223442922066,-1.0,-1.0,0.43373063242134413,0.43373063242134413,1605.0686309832695,1629.781336895285,1597.5317967075018,388.6262208441473,326.1721897840178,379.56832343882263,56.66464131256605,2.459568707170468e-25,0.5870344497302267,0.3420439736466503,0.36793006357075747
