target_id,prot_ps,prot_acf,prot_cs,e_prot_ps,E_prot_ps,e_prot_acf,E_prot_acf,e_prot_cs,E_prot_cs,sph_ps,sph_acf,sph_cs,e_sph_ps,e_sph_acf,e_sph_cs,h_ps,fa_prob_ps,hacf,gacf,hcs
6271821,13.765274378653734,-1.0,2.43046510895787,1.4855614245821838,1.4855614245821838,-1.0,-1.0,0.011205360779236444,0.011205360779236444,646.7826112041763,-1.0,492.2668190626049,160.0391634187299,-1.0,140.25307547201228,20.242676316334183,1.6170273922399184e-09,-1.0,-1.0,0.2193433549049784
