target_id,prot_ps,prot_acf,prot_cs,e_prot_ps,E_prot_ps,e_prot_acf,E_prot_acf,e_prot_cs,E_prot_cs,sph_ps,sph_acf,sph_cs,e_sph_ps,e_sph_acf,e_sph_cs,h_ps,fa_prob_ps,hacf,gacf,hcs
6222304,28.610400264267767,27.36072079697624,1.9662080363076184,3.5618571372708505,3.5618571372708505,-1.0,-1.0,0.012379004546168271,0.012379004546168271,1168.866126920645,1152.9830879809942,745.1551866499728,334.9116240978078,333.9838847683076,320.9425291420255,20.97795998446632,7.751535443426096e-10,0.4524443974967629,0.1619957300524396,0.8362228381043385
