target_id,prot_ps,prot_acf,prot_cs,e_prot_ps,E_prot_ps,e_prot_acf,E_prot_acf,e_prot_cs,E_prot_cs,sph_ps,sph_acf,sph_cs,e_sph_ps,e_sph_acf,e_sph_cs,h_ps,fa_prob_ps,hacf,gacf,hcs
6341792,7.097945587780263,13.976426370441914,14.095519131248134,0.2702186730552178,0.2702186730552178,-1.0,-1.0,0.38724208604453736,0.38724208604453736,3969.82259115806,3928.3212884183786,4090.0701229341794,1098.2138720763921,1259.8884686583406,1018.1318981024939,157.7550187143949,3.075146991390608e-69,0.8044436825965791,0.5406043280314857,0.9493350901812703
