target_id,prot_ps,prot_acf,prot_cs,e_prot_ps,E_prot_ps,e_prot_acf,E_prot_acf,e_prot_cs,E_prot_cs,sph_ps,sph_acf,sph_cs,e_sph_ps,e_sph_acf,e_sph_cs,h_ps,fa_prob_ps,hacf,gacf,hcs
6357692,0.13800896419135544,-1.0,2.265690224692226,7.389056098927484,7.389056098927484,-1.0,-1.0,1.1583293912201413,1.1583293912201413,316.6350742763399,-1.0,386.72544245780114,52.34103550659717,-1.0,71.85181133215674,14.441306595755183,5.348355097400865e-07,-1.0,-1.0,0.14366863612424524
