target_id,prot_ps,prot_acf,prot_cs,e_prot_ps,E_prot_ps,e_prot_acf,E_prot_acf,e_prot_cs,E_prot_cs,sph_ps,sph_acf,sph_cs,e_sph_ps,e_sph_acf,e_sph_cs,h_ps,fa_prob_ps,hacf,gacf,hcs
6358426,2.5762582200041932,10.605089908931404,0.10114681362959732,1.145764202774225,1.145764202774225,-1.0,-1.0,0.01731217324543328,0.01731217324543328,309.2948200280406,342.85013524062754,181.24487687950233,66.9306472032101,53.80229036147008,35.05069156662951,18.474571813222074,9.475353165943347e-09,0.057997469898038376,0.03281814303608607,4.712748491406583
