target_id,prot_ps,prot_acf,prot_cs,e_prot_ps,E_prot_ps,e_prot_acf,E_prot_acf,e_prot_cs,E_prot_cs,sph_ps,sph_acf,sph_cs,e_sph_ps,e_sph_acf,e_sph_cs,h_ps,fa_prob_ps,hacf,gacf,hcs
6367779,0.11226418774345279,51.760103003587574,0.16396400730616034,0.1952549551522526,0.1952549551522526,-1.0,-1.0,0.010893999373269032,0.010893999373269032,589.5188153904194,686.8096986570753,596.8617134070008,98.24071350986152,36.503011105453076,83.02689577407422,14.443470232356242,5.336795710222693e-07,0.037469256082486684,0.01169389941487812,0.229664847262164
