target_id,prot_ps,prot_acf,prot_cs,e_prot_ps,E_prot_ps,e_prot_acf,E_prot_acf,e_prot_cs,E_prot_cs,sph_ps,sph_acf,sph_cs,e_sph_ps,e_sph_acf,e_sph_cs,h_ps,fa_prob_ps,hacf,gacf,hcs
6313490,0.43464542546936075,0.8786508496850729,0.871256336957411,0.011550854214820319,0.011550854214820319,-1.0,-1.0,0.01167782856351122,0.01167782856351122,8626.103313812386,8734.22936923196,8726.33234982365,3931.3922642109133,3955.3250945318,3957.029270793158,98482.06077280417,0.0,1.6605356740615387,0.9687645921862811,0.00971954450942358
