target_id,prot_ps,prot_acf,prot_cs,e_prot_ps,E_prot_ps,e_prot_acf,E_prot_acf,e_prot_cs,E_prot_cs,sph_ps,sph_acf,sph_cs,e_sph_ps,e_sph_acf,e_sph_cs,h_ps,fa_prob_ps,hacf,gacf,hcs
6387814,2.9020563083719573,-1.0,2.9889572155167063,7.389056098926964,7.389056098926964,-1.0,-1.0,0.19650357721108397,0.19650357721108397,1497.97631950945,-1.0,1465.244445184796,964.1866987223625,-1.0,874.4743998769159,15.145906470755136,2.643725720944484e-07,-1.0,-1.0,0.4821463947236611
