target_id,prot_ps,prot_acf,prot_cs,e_prot_ps,E_prot_ps,e_prot_acf,E_prot_acf,e_prot_cs,E_prot_cs,sph_ps,sph_acf,sph_cs,e_sph_ps,e_sph_acf,e_sph_cs,h_ps,fa_prob_ps,hacf,gacf,hcs
6444754,7.505815341372466,5.660149137955159,7.48089631063434,0.34015593027952107,0.34015593027952107,-1.0,-1.0,0.14065695855731097,0.14065695855731097,2233.4292388275803,2135.3599795063424,2247.914969652855,776.7110429234868,805.4637094525361,768.2762263759784,64.56309659741144,9.132788771736672e-29,0.30217715290020764,0.3976097372973942,1.5499247800943237
