target_id,prot_ps,prot_acf,prot_cs,e_prot_ps,E_prot_ps,e_prot_acf,E_prot_acf,e_prot_cs,E_prot_cs,sph_ps,sph_acf,sph_cs,e_sph_ps,e_sph_acf,e_sph_cs,h_ps,fa_prob_ps,hacf,gacf,hcs
6419006,54.03931422383602,-1.0,3.1355519353877757,7.389056098930649,7.389056098930649,-1.0,-1.0,1.7655085305287135,1.7655085305287135,1555.1792134844338,-1.0,1320.2584076052322,134.12339804800146,-1.0,173.55138332729578,15.16215493677617,2.6011163393901444e-07,-1.0,-1.0,0.12480544512248402
