target_id,prot_ps,prot_acf,prot_cs,e_prot_ps,E_prot_ps,e_prot_acf,E_prot_acf,e_prot_cs,E_prot_cs,sph_ps,sph_acf,sph_cs,e_sph_ps,e_sph_acf,e_sph_cs,h_ps,fa_prob_ps,hacf,gacf,hcs
6466312,1.4640131880866118,2.962888078764081,2.8978204054251706,0.04940757698114242,0.04940757698114242,-1.0,-1.0,0.010103906649189594,0.010103906649189594,739.9813767182288,770.9336696919595,770.566955164824,164.43060286401936,152.60458637233907,142.9697116146582,1348.7264734784442,0.0,0.6556010269960533,0.6374718929143923,0.231858374682366
