target_id,prot_ps,prot_acf,prot_cs,e_prot_ps,E_prot_ps,e_prot_acf,E_prot_acf,e_prot_cs,E_prot_cs,sph_ps,sph_acf,sph_cs,e_sph_ps,e_sph_acf,e_sph_cs,h_ps,fa_prob_ps,hacf,gacf,hcs
6449102,7.358856497805238,7.417450575158,7.325077813539673,0.3071976694183567,0.3071976694183567,-1.0,-1.0,0.07830135900708933,0.07830135900708933,5946.45912895908,5928.9717904193385,5973.110873307551,2073.497329791644,2103.0297490275184,2009.3799328709524,322.59835237128596,7.894337583343556e-141,1.186341107339746,0.7316354135675812,0.9757826129620467
