target_id,prot_ps,prot_acf,prot_cs,e_prot_ps,E_prot_ps,e_prot_acf,E_prot_acf,e_prot_cs,E_prot_cs,sph_ps,sph_acf,sph_cs,e_sph_ps,e_sph_acf,e_sph_cs,h_ps,fa_prob_ps,hacf,gacf,hcs
6595404,1.0344893506608992,59.6254664612934,2.7117080524668147,7.3890560989306335,7.3890560989306335,-1.0,-1.0,0.5153970132041232,0.5153970132041232,384.754353451109,624.8705076171814,434.607017995661,61.27133588255772,81.88744892053059,102.45463316907488,13.978424654566457,8.496641743192546e-07,0.15942812073038923,0.0035624407223557057,0.2646192481438845
