target_id,prot_ps,prot_acf,prot_cs,e_prot_ps,E_prot_ps,e_prot_acf,E_prot_acf,e_prot_cs,E_prot_cs,sph_ps,sph_acf,sph_cs,e_sph_ps,e_sph_acf,e_sph_cs,h_ps,fa_prob_ps,hacf,gacf,hcs
6503533,21.290640787362754,21.311989878769964,21.21427230872536,1.2070228344022464,1.2070228344022464,-1.0,-1.0,0.7673819690193093,0.7673819690193093,2093.3496891920486,2024.6521586582728,2071.0647336519733,474.2289048451423,399.7439001462039,474.17958767762747,77.75265529616469,1.7078544338185283e-34,0.9725867047636855,0.5371003677859477,0.9983494091920787
