target_id,prot_ps,prot_acf,prot_cs,e_prot_ps,E_prot_ps,e_prot_acf,E_prot_acf,e_prot_cs,E_prot_cs,sph_ps,sph_acf,sph_cs,e_sph_ps,e_sph_acf,e_sph_cs,h_ps,fa_prob_ps,hacf,gacf,hcs
6676655,52.109581151011106,59.972949656657875,0.8874361852090805,7.389056098930639,7.389056098930639,-1.0,-1.0,0.20313075375152742,0.20313075375152742,592.4305312159911,603.4130568739205,449.19615639490587,77.34837625502503,55.28432327758235,51.43817729713702,16.00159584727729,1.1235572898915721e-07,0.12347363073832801,0.03004730615768619,0.4699231573006274
