target_id,prot_ps,prot_acf,prot_cs,e_prot_ps,E_prot_ps,e_prot_acf,E_prot_acf,e_prot_cs,E_prot_cs,sph_ps,sph_acf,sph_cs,e_sph_ps,e_sph_acf,e_sph_cs,h_ps,fa_prob_ps,hacf,gacf,hcs
6609760,54.039159163070764,48.6948424577713,3.84929975037581,7.389056098930649,7.389056098930649,-1.0,-1.0,0.045899797361965054,0.045899797361965054,590.9069657434711,591.0375521679717,556.7088547201412,18.087541428512132,20.511832134309355,41.079499091482106,15.452615046682073,1.9454252764021548e-07,0.03832655527374928,0.014702184733496639,0.3405701697527955
