target_id,prot_ps,prot_acf,prot_cs,e_prot_ps,E_prot_ps,e_prot_acf,E_prot_acf,e_prot_cs,E_prot_cs,sph_ps,sph_acf,sph_cs,e_sph_ps,e_sph_acf,e_sph_cs,h_ps,fa_prob_ps,hacf,gacf,hcs
6696542,53.86934211827818,-1.0,3.0951012415811423,7.389056098930649,7.389056098930649,-1.0,-1.0,1.1300283864259002,1.1300283864259002,897.5814158472733,-1.0,699.6870241982062,76.57056076774114,-1.0,131.78029129582234,19.12513929831227,4.943761796297503e-09,-1.0,-1.0,0.08651771477477846
