target_id,prot_ps,prot_acf,prot_cs,e_prot_ps,E_prot_ps,e_prot_acf,E_prot_acf,e_prot_cs,E_prot_cs,sph_ps,sph_acf,sph_cs,e_sph_ps,e_sph_acf,e_sph_cs,h_ps,fa_prob_ps,hacf,gacf,hcs
6780598,28.61142033892667,57.050897397100925,28.618300899990167,1.9071944289584517,1.9071944289584517,-1.0,-1.0,0.32386745966179603,0.32386745966179603,506.1888800341716,507.45675492589663,506.1871840604657,35.20333606334619,18.488956893177647,35.145730364299226,14.666580715528003,4.2695777528491137e-07,0.05160703472950125,0.03355900384227989,1.0284817616163677
