target_id,prot_ps,prot_acf,prot_cs,e_prot_ps,E_prot_ps,e_prot_acf,E_prot_acf,e_prot_cs,E_prot_cs,sph_ps,sph_acf,sph_cs,e_sph_ps,e_sph_acf,e_sph_cs,h_ps,fa_prob_ps,hacf,gacf,hcs
6751866,45.94187883786338,57.7457538228482,5.947444836404175,1.5486859593994713,1.5486859593994713,-1.0,-1.0,0.53849447492871,0.53849447492871,355.0534606885971,359.54813865767653,312.2470986249378,29.467120984307268,15.635015461205434,57.720769040882836,29.865910076226694,1.0700401088693514e-13,0.20422706490873493,0.08913962543950835,0.19343600091059798
