target_id,prot_ps,prot_acf,prot_cs,e_prot_ps,E_prot_ps,e_prot_acf,E_prot_acf,e_prot_cs,E_prot_cs,sph_ps,sph_acf,sph_cs,e_sph_ps,e_sph_acf,e_sph_cs,h_ps,fa_prob_ps,hacf,gacf,hcs
6755461,10.412173691513411,-1.0,1.671654801671393,4.447585052810117,4.447585052810117,-1.0,-1.0,0.09877605373135419,0.09877605373135419,434.08893439954977,-1.0,288.0227416660245,150.22787174728649,-1.0,108.68780316100067,19.78113104739883,2.565452277391787e-09,-1.0,-1.0,0.24991817815115505
