target_id,prot_ps,prot_acf,prot_cs,e_prot_ps,E_prot_ps,e_prot_acf,E_prot_acf,e_prot_cs,E_prot_cs,sph_ps,sph_acf,sph_cs,e_sph_ps,e_sph_acf,e_sph_cs,h_ps,fa_prob_ps,hacf,gacf,hcs
6860282,28.617508840089958,-1.0,28.62215256225345,7.38905609893061,7.38905609893061,-1.0,-1.0,0.30524749923302624,0.30524749923302624,614.2016625388108,-1.0,614.2263581592694,159.66305684564432,-1.0,159.72445291343357,20.68053465597818,1.0436573021925033e-09,-1.0,-1.0,0.23085199652464147
