target_id,prot_ps,prot_acf,prot_cs,e_prot_ps,E_prot_ps,e_prot_acf,E_prot_acf,e_prot_cs,E_prot_cs,sph_ps,sph_acf,sph_cs,e_sph_ps,e_sph_acf,e_sph_cs,h_ps,fa_prob_ps,hacf,gacf,hcs
6868871,12.689845933678694,37.434452563524246,0.7359826552063617,7.3311609953924295,7.3311609953924295,-1.0,-1.0,0.011856562202910488,0.011856562202910488,1350.2067771437353,1394.560485857841,617.6943772026478,296.07683570761117,162.69100990731906,130.79391674204902,12.36904184677577,4.248086775839475e-06,0.2282151230869203,0.043197271658097426,5.521520330311224
