target_id,prot_ps,prot_acf,prot_cs,e_prot_ps,E_prot_ps,e_prot_acf,E_prot_acf,e_prot_cs,E_prot_cs,sph_ps,sph_acf,sph_cs,e_sph_ps,e_sph_acf,e_sph_cs,h_ps,fa_prob_ps,hacf,gacf,hcs
6888521,54.0431575041221,49.674422486219555,53.50677046536003,7.389056098929988,7.389056098929988,-1.0,-1.0,7.576914616473912,7.576914616473912,2160.1346751559345,2146.2650632970185,2143.3656226223675,325.6436836822615,521.6579499142692,393.8941780274844,28.668445862400088,3.5436609042588106e-13,0.9985219853072348,0.5151735377041833,0.8160356484879909
