target_id,prot_ps,prot_acf,prot_cs,e_prot_ps,E_prot_ps,e_prot_acf,E_prot_acf,e_prot_cs,E_prot_cs,sph_ps,sph_acf,sph_cs,e_sph_ps,e_sph_acf,e_sph_cs,h_ps,fa_prob_ps,hacf,gacf,hcs
6960178,3.1147851934035624,48.59146636724472,3.157627963721752,0.3103190960982058,0.3103190960982058,-1.0,-1.0,0.32582725957620295,0.32582725957620295,261.9245595971114,471.09015593989477,262.01608566955395,72.84493077413156,0.0,74.3519391179026,7.976892254394127,0.0003433046699782246,0.07552130445880058,0.03921972106085037,0.09152173803912597
