target_id,prot_ps,prot_acf,prot_cs,e_prot_ps,E_prot_ps,e_prot_acf,E_prot_acf,e_prot_cs,E_prot_cs,sph_ps,sph_acf,sph_cs,e_sph_ps,e_sph_acf,e_sph_cs,h_ps,fa_prob_ps,hacf,gacf,hcs
6962977,0.9980087542014907,46.077937197405845,3.4795462663069388,1.1919360595799606,1.1919360595799606,-1.0,-1.0,0.0629714458718618,0.0629714458718618,700.9634788977685,861.3608934245758,747.9621716798525,116.63127567834353,151.90452945368742,140.58293763016633,28.253302402423458,5.367186309538644e-13,0.07314654717663474,0.004157782412879027,0.11010643458281985
