target_id,prot_ps,prot_acf,prot_cs,e_prot_ps,E_prot_ps,e_prot_acf,E_prot_acf,e_prot_cs,E_prot_cs,sph_ps,sph_acf,sph_cs,e_sph_ps,e_sph_acf,e_sph_cs,h_ps,fa_prob_ps,hacf,gacf,hcs
6937828,16.39489295779426,31.835691092535853,16.23887678095554,0.8376823905868165,0.8376823905868165,-1.0,-1.0,0.4071230399304304,0.4071230399304304,821.9949201452337,832.9951876178864,825.0300517883376,156.0183506938962,130.59973870222382,150.7873678637888,20.612653671887742,1.1169616260924557e-09,0.3405537719422049,0.09218593951170367,0.9492098484518271
