target_id,prot_ps,prot_acf,prot_cs,e_prot_ps,E_prot_ps,e_prot_acf,E_prot_acf,e_prot_cs,E_prot_cs,sph_ps,sph_acf,sph_cs,e_sph_ps,e_sph_acf,e_sph_cs,h_ps,fa_prob_ps,hacf,gacf,hcs
7091660,47.080555853231914,53.43430618522689,2.955975750789629,7.389056098930649,7.389056098930649,-1.0,-1.0,0.0556289678396021,0.0556289678396021,474.30111595395994,464.24252232688747,321.1099695454001,54.700476043879895,59.68113260186774,70.39898735117346,23.363925690603775,7.13141970938514e-11,0.28323941913349426,0.05449339902549644,0.4646327122445514
