target_id,prot_ps,prot_acf,prot_cs,e_prot_ps,E_prot_ps,e_prot_acf,E_prot_acf,e_prot_cs,E_prot_cs,sph_ps,sph_acf,sph_cs,e_sph_ps,e_sph_acf,e_sph_cs,h_ps,fa_prob_ps,hacf,gacf,hcs
7026358,18.954648058659924,18.635668762028217,18.94085618503688,0.5798349477461666,0.5798349477461666,-1.0,-1.0,0.1674766387949439,0.1674766387949439,2525.869719626852,2559.5965810935622,2530.518967642296,819.517209130158,778.6772958421034,811.5457599651286,348.041889045814,7.036037026383433e-152,0.9710537557643147,0.46998331037858543,0.9649700190639485
