target_id,prot_ps,prot_acf,prot_cs,e_prot_ps,E_prot_ps,e_prot_acf,E_prot_acf,e_prot_cs,E_prot_cs,sph_ps,sph_acf,sph_cs,e_sph_ps,e_sph_acf,e_sph_cs,h_ps,fa_prob_ps,hacf,gacf,hcs
7036967,0.3397760854311546,-1.0,2.7448598206182937,0.5882909024116357,0.5882909024116357,-1.0,-1.0,0.29299167509090435,0.29299167509090435,317.50949502120545,-1.0,369.5251291090063,48.07362628811605,-1.0,68.69508517748653,14.750195410918256,3.9270960730475227e-07,-1.0,-1.0,0.19756494303907368
