target_id,prot_ps,prot_acf,prot_cs,e_prot_ps,E_prot_ps,e_prot_acf,E_prot_acf,e_prot_cs,E_prot_cs,sph_ps,sph_acf,sph_cs,e_sph_ps,e_sph_acf,e_sph_cs,h_ps,fa_prob_ps,hacf,gacf,hcs
7014525,12.736373931207158,25.153481365647167,25.281189942848865,0.5918740139241009,0.5918740139241009,-1.0,-1.0,0.7687856468671506,0.7687856468671506,2464.071853526426,2486.5391285511823,2481.394744213277,653.0435698024073,652.2218849742404,641.5769858093335,86.13724922351402,3.9000302529013925e-38,0.8853238546139695,0.4987512305891247,0.9257299417295385
