target_id,prot_ps,prot_acf,prot_cs,e_prot_ps,E_prot_ps,e_prot_acf,E_prot_acf,e_prot_cs,E_prot_cs,sph_ps,sph_acf,sph_cs,e_sph_ps,e_sph_acf,e_sph_cs,h_ps,fa_prob_ps,hacf,gacf,hcs
7174562,2.848022440157507,-1.0,3.013154114885255,2.544631825760402,2.544631825760402,-1.0,-1.0,0.2574214205689886,0.2574214205689886,311.6709666584296,-1.0,309.5354075096589,68.60393977571377,-1.0,59.858065983527894,15.935036631858667,1.200885281157458e-07,-1.0,-1.0,0.2628974456771895
