target_id,prot_ps,prot_acf,prot_cs,e_prot_ps,E_prot_ps,e_prot_acf,E_prot_acf,e_prot_cs,E_prot_cs,sph_ps,sph_acf,sph_cs,e_sph_ps,e_sph_acf,e_sph_cs,h_ps,fa_prob_ps,hacf,gacf,hcs
7108658,9.179338156612484,9.154338777065277,9.182158660658953,0.2748050822209297,0.2748050822209297,-1.0,-1.0,0.03788406503299726,0.03788406503299726,6394.188093316545,6417.569964584925,6394.188093316545,2426.953194085941,2378.6956604770994,2426.953194085941,607.2621179356834,1.8595724853953427e-264,1.0549975683692097,0.6635182534728049,0.9268909265487206
