target_id,prot_ps,prot_acf,prot_cs,e_prot_ps,E_prot_ps,e_prot_acf,E_prot_acf,e_prot_cs,E_prot_cs,sph_ps,sph_acf,sph_cs,e_sph_ps,e_sph_acf,e_sph_cs,h_ps,fa_prob_ps,hacf,gacf,hcs
7272157,0.15085457388975823,-1.0,3.198895981535315,0.3812440865385648,0.3812440865385648,-1.0,-1.0,1.4629587307362628,1.4629587307362628,356.5708110105443,-1.0,445.68852358717635,60.68691188853776,-1.0,117.72360962517045,12.782854198765431,2.8085163629542183e-06,-1.0,-1.0,0.22201891730964993
