target_id,prot_ps,prot_acf,prot_cs,e_prot_ps,E_prot_ps,e_prot_acf,E_prot_acf,e_prot_cs,E_prot_cs,sph_ps,sph_acf,sph_cs,e_sph_ps,e_sph_acf,e_sph_cs,h_ps,fa_prob_ps,hacf,gacf,hcs
7207081,0.3657902314222621,-1.0,0.571901642863807,0.7749431250600849,0.7749431250600849,-1.0,-1.0,0.009288792960226224,0.009288792960226224,185.9188630943538,-1.0,188.71283721543048,26.772390650938686,-1.0,28.18550452419889,11.948897182838753,6.466360139215895e-06,-1.0,-1.0,0.14912141262836975
