target_id,prot_ps,prot_acf,prot_cs,e_prot_ps,E_prot_ps,e_prot_acf,E_prot_acf,e_prot_cs,E_prot_cs,sph_ps,sph_acf,sph_cs,e_sph_ps,e_sph_acf,e_sph_cs,h_ps,fa_prob_ps,hacf,gacf,hcs
7272044,28.608939209257173,-1.0,28.61557899089406,7.389056098930649,7.389056098930649,-1.0,-1.0,0.3145622973071412,0.3145622973071412,1310.2659122291052,-1.0,1310.1065777667613,286.8364099561674,-1.0,287.0611483203139,14.876603978584908,3.4607719543329333e-07,-1.0,-1.0,0.3249397037922113
