target_id,prot_ps,prot_acf,prot_cs,e_prot_ps,E_prot_ps,e_prot_acf,E_prot_acf,e_prot_cs,E_prot_cs,sph_ps,sph_acf,sph_cs,e_sph_ps,e_sph_acf,e_sph_cs,h_ps,fa_prob_ps,hacf,gacf,hcs
7297372,15.860420831592844,50.43038353137672,0.6141580279008462,1.956032792963908,1.956032792963908,-1.0,-1.0,0.00944725223768529,0.00944725223768529,775.2621149272219,792.6321754104653,421.2844859732183,261.08104556461666,232.86429171565402,66.02109811852688,24.63816149708276,1.9942629348324858e-11,0.09171995456138916,0.05064963205731597,0.4127602099205389
