target_id,prot_ps,prot_acf,prot_cs,e_prot_ps,E_prot_ps,e_prot_acf,E_prot_acf,e_prot_cs,E_prot_cs,sph_ps,sph_acf,sph_cs,e_sph_ps,e_sph_acf,e_sph_cs,h_ps,fa_prob_ps,hacf,gacf,hcs
7337808,19.45556757258132,54.39449871703982,2.9790886103857077,0.999449285826384,0.999449285826384,-1.0,-1.0,0.05379841267108629,0.05379841267108629,692.5545855520533,708.6080740013891,532.3162685472471,140.99724107871864,55.846862241158995,107.5050613240735,26.69134550009864,2.559151135554007e-12,0.14418328480280185,0.049959863129939656,0.5888473216511871
