target_id,prot_ps,prot_acf,prot_cs,e_prot_ps,E_prot_ps,e_prot_acf,E_prot_acf,e_prot_cs,E_prot_cs,sph_ps,sph_acf,sph_cs,e_sph_ps,e_sph_acf,e_sph_cs,h_ps,fa_prob_ps,hacf,gacf,hcs
7352480,54.05622354237777,-1.0,3.2771571332495664,7.389056098929354,7.389056098929354,-1.0,-1.0,0.21385930388716753,0.21385930388716753,331.9680282751803,-1.0,246.82229031837386,51.549124560739834,-1.0,63.67968358076755,13.68728763412132,1.136806395702764e-06,-1.0,-1.0,0.3285210354303033
