target_id,prot_ps,prot_acf,prot_cs,e_prot_ps,E_prot_ps,e_prot_acf,E_prot_acf,e_prot_cs,E_prot_cs,sph_ps,sph_acf,sph_cs,e_sph_ps,e_sph_acf,e_sph_cs,h_ps,fa_prob_ps,hacf,gacf,hcs
7354115,15.52665103294442,33.368493216112256,15.685030858963726,2.162214050788429,2.162214050788429,-1.0,-1.0,1.503540803533499,1.503540803533499,2205.442573709562,2255.126917819995,2206.959060023786,550.7708614579967,369.5871939709735,570.5455655280591,23.975621598790045,3.868297253889909e-11,0.4716834023061753,0.23894677013201945,0.7905938468829661
