target_id,prot_ps,prot_acf,prot_cs,e_prot_ps,E_prot_ps,e_prot_acf,E_prot_acf,e_prot_cs,E_prot_cs,sph_ps,sph_acf,sph_cs,e_sph_ps,e_sph_acf,e_sph_cs,h_ps,fa_prob_ps,hacf,gacf,hcs
7337410,54.04073545063972,54.803188872523606,1.4663074704465506,7.389056098930649,7.389056098930649,-1.0,-1.0,0.013372238678604412,0.013372238678604412,380.59636064674146,393.04404492656664,244.0144892926507,40.90030401140104,29.733904599293993,62.351324583574396,18.861610689663404,6.434377805703329e-09,0.22189240594617204,0.12435076271478951,0.4010954101732947
