target_id,prot_ps,prot_acf,prot_cs,e_prot_ps,E_prot_ps,e_prot_acf,E_prot_acf,e_prot_cs,E_prot_cs,sph_ps,sph_acf,sph_cs,e_sph_ps,e_sph_acf,e_sph_cs,h_ps,fa_prob_ps,hacf,gacf,hcs
7304560,45.95222073428015,54.94633372500539,11.032140123651295,1.6329534793470815,1.6329534793470815,-1.0,-1.0,0.07402998567716344,0.07402998567716344,199.3606675077312,209.27617201471122,193.97951112229256,41.64761486655646,33.92205711685812,65.53505994023942,33.4001190867712,3.122572895993985e-15,0.19445602407222862,0.04944329442753134,0.10558961591955274
