target_id,prot_ps,prot_acf,prot_cs,e_prot_ps,E_prot_ps,e_prot_acf,E_prot_acf,e_prot_cs,E_prot_cs,sph_ps,sph_acf,sph_cs,e_sph_ps,e_sph_acf,e_sph_cs,h_ps,fa_prob_ps,hacf,gacf,hcs
7450601,31.76035218399305,-1.0,59.582191210314626,7.389056098930562,7.389056098930562,-1.0,-1.0,4.684583865041858,4.684583865041858,2135.1403448712963,-1.0,2161.7451785120334,425.8298044340949,-1.0,288.43508001522287,13.70982075576384,1.1114770452926367e-06,-1.0,-1.0,0.5033766824129843
