target_id,prot_ps,prot_acf,prot_cs,e_prot_ps,E_prot_ps,e_prot_acf,E_prot_acf,e_prot_cs,E_prot_cs,sph_ps,sph_acf,sph_cs,e_sph_ps,e_sph_acf,e_sph_cs,h_ps,fa_prob_ps,hacf,gacf,hcs
7428567,28.617502758492012,58.58331694593653,28.624903535937595,7.389056098930649,7.389056098930649,-1.0,-1.0,0.29787460160959767,0.29787460160959767,793.6106292458786,798.6448485791989,793.5438859262567,131.28598502921864,80.03008614147544,131.16688585626787,25.15834433284903,1.1854135370061182e-11,0.13340273260074073,0.012456266405610017,0.9474462347992079
