target_id,prot_ps,prot_acf,prot_cs,e_prot_ps,E_prot_ps,e_prot_acf,E_prot_acf,e_prot_cs,E_prot_cs,sph_ps,sph_acf,sph_cs,e_sph_ps,e_sph_acf,e_sph_cs,h_ps,fa_prob_ps,hacf,gacf,hcs
7529755,0.23656534947502084,18.55380018427968,0.5866515454743384,0.3672011899934068,0.3672011899934068,-1.0,-1.0,2.2753219109619804,2.2753219109619804,218.12425612439785,297.3576838806043,227.86770994028578,21.0536881251991,0.0,19.160658308840585,8.603386668829495,0.00018348334292703054,0.029116287296520344,0.03468777081609589,0.4362686577286993
