target_id,prot_ps,prot_acf,prot_cs,e_prot_ps,E_prot_ps,e_prot_acf,E_prot_acf,e_prot_cs,E_prot_cs,sph_ps,sph_acf,sph_cs,e_sph_ps,e_sph_acf,e_sph_cs,h_ps,fa_prob_ps,hacf,gacf,hcs
7659497,0.7401207245968501,-1.0,2.958393723295801,7.389056098930389,7.389056098930389,-1.0,-1.0,0.14411058808423,0.14411058808423,517.0969480428352,-1.0,555.9223146540717,51.6289893228833,-1.0,76.35924106970661,12.433287042940911,3.983749714261373e-06,-1.0,-1.0,0.17244198944697017
