target_id,prot_ps,prot_acf,prot_cs,e_prot_ps,E_prot_ps,e_prot_acf,E_prot_acf,e_prot_cs,E_prot_cs,sph_ps,sph_acf,sph_cs,e_sph_ps,e_sph_acf,e_sph_cs,h_ps,fa_prob_ps,hacf,gacf,hcs
7678396,24.93442270476559,24.35693619772792,24.88432817219503,1.138028283363643,1.138028283363643,-1.0,-1.0,0.5892207684599438,0.5892207684599438,4609.7708393708135,4619.04320677749,4622.839740428828,1418.2579238666945,1510.7945447651107,1394.5414806430692,91.93412328933579,1.184452248803692e-40,1.115920262525605,0.6029655298857112,0.9717646234127857
