target_id,prot_ps,prot_acf,prot_cs,e_prot_ps,E_prot_ps,e_prot_acf,E_prot_acf,e_prot_cs,E_prot_cs,sph_ps,sph_acf,sph_cs,e_sph_ps,e_sph_acf,e_sph_cs,h_ps,fa_prob_ps,hacf,gacf,hcs
7621836,10.211633273552353,20.086393190082163,10.118543053243947,0.3617786577218182,0.3617786577218182,-1.0,-1.0,0.14651176951561404,0.14651176951561404,388.07619064879856,394.4551782633703,386.01196029438944,118.13861369505688,104.18962368863045,121.15468257301094,42.534025271838196,3.370602443648436e-19,0.25971598811953667,0.031379777308582144,1.0605340817564104
