target_id,prot_ps,prot_acf,prot_cs,e_prot_ps,E_prot_ps,e_prot_acf,E_prot_acf,e_prot_cs,E_prot_cs,sph_ps,sph_acf,sph_cs,e_sph_ps,e_sph_acf,e_sph_cs,h_ps,fa_prob_ps,hacf,gacf,hcs
7668708,0.6091468449215948,-1.0,3.1760055312188347,7.389056098930645,7.389056098930645,-1.0,-1.0,0.17324353715127294,0.17324353715127294,414.7166140520773,-1.0,463.27404705150707,58.73625440116757,-1.0,80.1113920136646,11.754482361937747,7.854041154052373e-06,-1.0,-1.0,0.2550271662438184
