target_id,prot_ps,prot_acf,prot_cs,e_prot_ps,E_prot_ps,e_prot_acf,E_prot_acf,e_prot_cs,E_prot_cs,sph_ps,sph_acf,sph_cs,e_sph_ps,e_sph_acf,e_sph_cs,h_ps,fa_prob_ps,hacf,gacf,hcs
7743899,52.63919864424258,56.253835573326796,4.227926305294969,7.389056098930649,7.389056098930649,-1.0,-1.0,1.2785143075296355,1.2785143075296355,927.9396146852329,958.1354161432375,726.9402788428034,309.15015464076777,303.91849119382414,174.22887930515049,19.01322272178472,5.529199864831101e-09,0.23168696283536094,0.14788609705114256,0.11891506323843345
