target_id,prot_ps,prot_acf,prot_cs,e_prot_ps,E_prot_ps,e_prot_acf,E_prot_acf,e_prot_cs,E_prot_cs,sph_ps,sph_acf,sph_cs,e_sph_ps,e_sph_acf,e_sph_cs,h_ps,fa_prob_ps,hacf,gacf,hcs
7761021,12.355425730952243,11.442927904427052,12.32048641108466,0.5026100616687158,0.5026100616687158,-1.0,-1.0,0.15041551080436813,0.15041551080436813,308.3299085711761,304.0256250903755,308.06235998889855,65.42060050102532,66.52608565939006,66.78367142171219,46.12376542299819,9.304717502465042e-21,0.14081910011663498,0.11076480028229722,1.1895936774992264
