target_id,prot_ps,prot_acf,prot_cs,e_prot_ps,E_prot_ps,e_prot_acf,E_prot_acf,e_prot_cs,E_prot_cs,sph_ps,sph_acf,sph_cs,e_sph_ps,e_sph_acf,e_sph_cs,h_ps,fa_prob_ps,hacf,gacf,hcs
7811688,14.304556721586179,26.931632791645825,14.160562613513322,4.611317169260252,4.611317169260252,-1.0,-1.0,1.0679514620870596,1.0679514620870596,1361.6623429133892,1396.5826788929626,1365.6648078230717,427.66600911348985,357.70818987598665,430.58458666736135,15.615708926073491,1.652661014457072e-07,0.6475676389413204,0.33193634575436876,0.9772641062325951
