target_id,prot_ps,prot_acf,prot_cs,e_prot_ps,E_prot_ps,e_prot_acf,E_prot_acf,e_prot_cs,E_prot_cs,sph_ps,sph_acf,sph_cs,e_sph_ps,e_sph_acf,e_sph_cs,h_ps,fa_prob_ps,hacf,gacf,hcs
7833591,1.4865108483599232,54.92603266239166,3.095106461076066,0.9921210554019803,0.9921210554019803,-1.0,-1.0,0.2643485635935607,0.2643485635935607,459.2475796430733,1527.8490365602086,687.2988393574836,350.2456261878133,681.242079593656,623.5963488823415,22.593073275239327,1.541533429881896e-10,0.5449806707003324,0.24581014704776516,1.6936896495537208
