target_id,prot_ps,prot_acf,prot_cs,e_prot_ps,E_prot_ps,e_prot_acf,E_prot_acf,e_prot_cs,E_prot_cs,sph_ps,sph_acf,sph_cs,e_sph_ps,e_sph_acf,e_sph_cs,h_ps,fa_prob_ps,hacf,gacf,hcs
7878021,16.96744759896657,14.691813352517784,1.5065749631170182,2.0745895143423194,2.0745895143423194,-1.0,-1.0,0.3375791216710652,0.3375791216710652,1068.0372121135117,1050.5422410096992,632.8398773956883,264.355600912693,298.4433712072499,216.02649473357863,33.0130828419451,4.598331650180153e-15,0.21826830731944452,0.08555713789597647,0.9376610355574536
