target_id,prot_ps,prot_acf,prot_cs,e_prot_ps,E_prot_ps,e_prot_acf,E_prot_acf,e_prot_cs,E_prot_cs,sph_ps,sph_acf,sph_cs,e_sph_ps,e_sph_acf,e_sph_cs,h_ps,fa_prob_ps,hacf,gacf,hcs
7816680,0.1970808544110204,56.98967810953036,1.428325698999129,0.10459106742250174,0.10459106742250174,-1.0,-1.0,0.008739449594261872,0.008739449594261872,765.4303777452376,2305.983100703496,1318.1628220879654,423.4645571399979,1098.4102081288281,488.3502530201182,319.3413186096981,2.050347552272384e-139,0.28748799376667933,0.3128132296523149,0.007424962126299119
