target_id,prot_ps,prot_acf,prot_cs,e_prot_ps,E_prot_ps,e_prot_acf,E_prot_acf,e_prot_cs,E_prot_cs,sph_ps,sph_acf,sph_cs,e_sph_ps,e_sph_acf,e_sph_cs,h_ps,fa_prob_ps,hacf,gacf,hcs
7949259,5.044410125619976,5.0471371710300446,5.065665420220772,0.1813769221994218,0.1813769221994218,-1.0,-1.0,0.10568560942285292,0.10568560942285292,3783.388731262453,3782.4719577023975,3782.278484146504,1385.6284364682895,1379.9629419527423,1389.3618021347734,332.3225832380219,4.722107698013785e-145,1.1331264482287242,0.7830853182556108,0.876866315788662
