target_id,prot_ps,prot_acf,prot_cs,e_prot_ps,E_prot_ps,e_prot_acf,E_prot_acf,e_prot_cs,E_prot_cs,sph_ps,sph_acf,sph_cs,e_sph_ps,e_sph_acf,e_sph_cs,h_ps,fa_prob_ps,hacf,gacf,hcs
7902889,5.333065860871145,13.302482506725937,5.354501291798434,0.3117113536115336,0.3117113536115336,-1.0,-1.0,0.13327154549745898,0.13327154549745898,114.3207911759027,125.4483555937848,113.8215038636929,63.49760143952718,66.31307607654152,62.194885437545906,53.48142033450668,5.933545327528672e-24,0.11358844446678505,0.0616449771597608,0.6527056586909686
