target_id,prot_ps,prot_acf,prot_cs,e_prot_ps,E_prot_ps,e_prot_acf,E_prot_acf,e_prot_cs,E_prot_cs,sph_ps,sph_acf,sph_cs,e_sph_ps,e_sph_acf,e_sph_cs,h_ps,fa_prob_ps,hacf,gacf,hcs
7958329,0.2791853607162191,-1.0,28.623718248527688,0.5815202282308601,0.5815202282308601,-1.0,-1.0,0.3080150013707065,0.3080150013707065,428.2907901485945,-1.0,766.0227248436788,70.81677663975795,-1.0,136.58441292517173,15.297265512317026,2.272385449734083e-07,-1.0,-1.0,0.2031002179744484
