target_id,prot_ps,prot_acf,prot_cs,e_prot_ps,E_prot_ps,e_prot_acf,E_prot_acf,e_prot_cs,E_prot_cs,sph_ps,sph_acf,sph_cs,e_sph_ps,e_sph_acf,e_sph_cs,h_ps,fa_prob_ps,hacf,gacf,hcs
7976762,45.863352221459046,46.0985189974308,4.583042325092808,1.7729910311879593,1.7729910311879593,-1.0,-1.0,0.07105751127665794,0.07105751127665794,678.3527836316256,651.1036381198167,631.2693645325905,64.35074752064583,23.933695499336757,52.99676501732833,21.074502016211206,7.038175071229964e-10,0.05324111765567806,0.027617880471973593,0.1569046368966445
