target_id,prot_ps,prot_acf,prot_cs,e_prot_ps,E_prot_ps,e_prot_acf,E_prot_acf,e_prot_cs,E_prot_cs,sph_ps,sph_acf,sph_cs,e_sph_ps,e_sph_acf,e_sph_cs,h_ps,fa_prob_ps,hacf,gacf,hcs
7943763,13.640331848824797,13.58838832238689,13.661571136978463,0.6873905921468885,0.6873905921468885,-1.0,-1.0,0.09934422080303708,0.09934422080303708,4776.028581355906,4779.990693446512,4751.740851361088,1448.8372647849128,1446.6497847820383,1474.9817982999205,176.57556716671624,2.0616053879352653e-77,0.9989956101747165,0.5386753246514568,0.9515625323136939
