target_id,prot_ps,prot_acf,prot_cs,e_prot_ps,E_prot_ps,e_prot_acf,E_prot_acf,e_prot_cs,E_prot_cs,sph_ps,sph_acf,sph_cs,e_sph_ps,e_sph_acf,e_sph_cs,h_ps,fa_prob_ps,hacf,gacf,hcs
7967433,0.23141028272247632,49.38849643850699,0.4248187178140507,0.4607651610370503,0.4607651610370503,-1.0,-1.0,0.013698699245504944,0.013698699245504944,263.5889660536309,466.53382134997827,276.3650249455196,46.55106413353263,79.58892768900631,52.26004445834366,12.337926581065702,4.382345033531309e-06,0.0789604796760091,0.038878963199362855,0.4067677223039898
