target_id,prot_ps,prot_acf,prot_cs,e_prot_ps,E_prot_ps,e_prot_acf,E_prot_acf,e_prot_cs,E_prot_cs,sph_ps,sph_acf,sph_cs,e_sph_ps,e_sph_acf,e_sph_cs,h_ps,fa_prob_ps,hacf,gacf,hcs
8029848,0.6045663506473652,12.668918361887336,1.2034500068559268,0.017945805770132064,0.017945805770132064,-1.0,-1.0,0.012381346739494441,0.012381346739494441,344.8456623578381,492.5785327055193,367.57158410304976,72.96759661998762,0.0,56.23568606557847,76.91130408007243,3.961366659350359e-34,0.0008319740016033902,0.12537821557474912,2.0146718207312007
