target_id,prot_ps,prot_acf,prot_cs,e_prot_ps,E_prot_ps,e_prot_acf,E_prot_acf,e_prot_cs,E_prot_cs,sph_ps,sph_acf,sph_cs,e_sph_ps,e_sph_acf,e_sph_cs,h_ps,fa_prob_ps,hacf,gacf,hcs
8006298,54.05623063544779,52.31030344963074,53.466238553593875,7.389056098929316,7.389056098929316,-1.0,-1.0,2.108073460921301,2.108073460921301,706.0511778731116,705.8787169447213,706.3890288156093,63.6320033504319,60.98189718296318,61.40080657153059,28.98230189624372,2.5890844336103923e-13,0.22365404369877284,0.14020131884852252,0.2765433665017542
