target_id,prot_ps,prot_acf,prot_cs,e_prot_ps,E_prot_ps,e_prot_acf,E_prot_acf,e_prot_cs,E_prot_cs,sph_ps,sph_acf,sph_cs,e_sph_ps,e_sph_acf,e_sph_cs,h_ps,fa_prob_ps,hacf,gacf,hcs
8075077,1.4054478987573276,57.13345506414771,0.7770524911520986,0.9198232158201574,0.9198232158201574,-1.0,-1.0,0.01243428334801961,0.01243428334801961,281.31743623910444,624.3636265851596,243.82549793302294,126.49574375192162,106.86783373789801,81.45520788222862,21.225354593663486,6.052650869200138e-10,0.13888408790862844,0.024294241127564994,0.3861165549881644
