target_id,prot_ps,prot_acf,prot_cs,e_prot_ps,E_prot_ps,e_prot_acf,E_prot_acf,e_prot_cs,E_prot_cs,sph_ps,sph_acf,sph_cs,e_sph_ps,e_sph_acf,e_sph_cs,h_ps,fa_prob_ps,hacf,gacf,hcs
8075555,19.874665334646235,40.31572720082477,40.60752215953055,0.8262050108954784,0.8262050108954784,-1.0,-1.0,2.177082407287841,2.177082407287841,4947.075808253039,5020.73422621921,5021.137541112125,1291.720590461408,1235.4415290708114,1201.1211058928977,74.14879281919745,6.274634583431193e-33,1.1370445147496002,0.7178600521029403,0.6741618144532185
