target_id,prot_ps,prot_acf,prot_cs,e_prot_ps,E_prot_ps,e_prot_acf,E_prot_acf,e_prot_cs,E_prot_cs,sph_ps,sph_acf,sph_cs,e_sph_ps,e_sph_acf,e_sph_cs,h_ps,fa_prob_ps,hacf,gacf,hcs
8016816,0.20998385267746222,54.55825673416257,1.8408814041875305,7.389056091293851,7.389056091293851,-1.0,-1.0,0.4069346872043292,0.4069346872043292,75.02413340083183,176.11778512767862,108.82475768572695,11.97354591513908,55.4295617088497,37.219787437351314,18.65833533816924,7.884749878852844e-09,0.22617508002999645,0.12315947706148317,2.052389715413154
