target_id,prot_ps,prot_acf,prot_cs,e_prot_ps,E_prot_ps,e_prot_acf,E_prot_acf,e_prot_cs,E_prot_cs,sph_ps,sph_acf,sph_cs,e_sph_ps,e_sph_acf,e_sph_cs,h_ps,fa_prob_ps,hacf,gacf,hcs
8024201,0.2512844294321538,-1.0,28.61631382716474,0.17603372062519856,0.17603372062519856,-1.0,-1.0,0.30728521450026797,0.30728521450026797,218.62182687736225,-1.0,539.6373046815447,43.467240942470816,-1.0,206.63083331395578,32.554941140669015,7.27057408146689e-15,-1.0,-1.0,0.1418702677456083
