target_id,prot_ps,prot_acf,prot_cs,e_prot_ps,E_prot_ps,e_prot_acf,E_prot_acf,e_prot_cs,E_prot_cs,sph_ps,sph_acf,sph_cs,e_sph_ps,e_sph_acf,e_sph_cs,h_ps,fa_prob_ps,hacf,gacf,hcs
8078253,47.43501971647072,52.22853289358318,0.708027646620758,2.7553732262072517,2.7553732262072517,-1.0,-1.0,0.31666221433236097,0.31666221433236097,209.36923404383978,215.46959283851018,91.74369534139315,67.01921005779027,63.2865262091471,28.512627708514152,20.912012980222872,8.27995844543732e-10,0.3659362874061972,0.22069019347417895,1.1356399878834225
