target_id,prot_ps,prot_acf,prot_cs,e_prot_ps,E_prot_ps,e_prot_acf,E_prot_acf,e_prot_cs,E_prot_cs,sph_ps,sph_acf,sph_cs,e_sph_ps,e_sph_acf,e_sph_cs,h_ps,fa_prob_ps,hacf,gacf,hcs
8024053,19.460239588301626,19.412016053684056,19.478935663267293,0.8733197305876126,0.8733197305876126,-1.0,-1.0,0.2139370540887845,0.2139370540887845,3080.3172710517247,3077.9115274393707,3081.1499801140067,803.7332807741019,818.3250912119557,797.7043944026946,186.41959773082715,1.0939497840262165e-81,1.025269216132425,0.5608259564190784,0.9763143161223176
