target_id,prot_ps,prot_acf,prot_cs,e_prot_ps,E_prot_ps,e_prot_acf,E_prot_acf,e_prot_cs,E_prot_cs,sph_ps,sph_acf,sph_cs,e_sph_ps,e_sph_acf,e_sph_cs,h_ps,fa_prob_ps,hacf,gacf,hcs
8193315,0.32473457907230674,1.3281920249573886,1.3083168722536307,0.18552837824940885,0.18552837824940885,-1.0,-1.0,0.010292955854677335,0.010292955854677335,9066.582309504724,9382.09610802848,9347.644866690798,1953.586895614591,1263.0959947849024,1014.4689663030157,41228.36160582657,0.0,0.6522859716165818,0.6468731158359331,0.005813801114651582
