target_id,prot_ps,prot_acf,prot_cs,e_prot_ps,E_prot_ps,e_prot_acf,E_prot_acf,e_prot_cs,E_prot_cs,sph_ps,sph_acf,sph_cs,e_sph_ps,e_sph_acf,e_sph_cs,h_ps,fa_prob_ps,hacf,gacf,hcs
8150741,0.5297642814414659,-1.0,3.003261554974805,0.8308363283452734,0.8308363283452734,-1.0,-1.0,0.04247839290637182,0.04247839290637182,604.2198776021563,-1.0,704.6615671709901,83.54647460050516,-1.0,159.46596287324792,11.515840137153512,9.970895713498468e-06,-1.0,-1.0,0.27691280935259355
