target_id,prot_ps,prot_acf,prot_cs,e_prot_ps,E_prot_ps,e_prot_acf,E_prot_acf,e_prot_cs,E_prot_cs,sph_ps,sph_acf,sph_cs,e_sph_ps,e_sph_acf,e_sph_cs,h_ps,fa_prob_ps,hacf,gacf,hcs
8174332,4.32334981907891,8.582164440304041,8.55684379337902,0.1814685282462474,0.1814685282462474,-1.0,-1.0,0.24592082811950153,0.24592082811950153,2657.33006721941,2785.090047423731,2793.7031224345387,984.3023920836105,865.6759070729751,839.8292711465199,99.39799785948937,6.792005319765438e-44,0.8969293432448097,0.5712049100479575,0.8468801896717255
