target_id,prot_ps,prot_acf,prot_cs,e_prot_ps,E_prot_ps,e_prot_acf,E_prot_acf,e_prot_cs,E_prot_cs,sph_ps,sph_acf,sph_cs,e_sph_ps,e_sph_acf,e_sph_cs,h_ps,fa_prob_ps,hacf,gacf,hcs
8110454,4.769201605664648,50.042161385994405,4.823868719592316,1.7887352580627998,1.7887352580627998,-1.0,-1.0,0.011814968492491104,0.011814968492491104,251.01265751058565,291.0871304076605,259.6375636256086,75.10570274282807,54.343205393399806,88.56371168154418,23.689598679185796,5.1491793051254575e-11,0.1295334233483702,0.05014069221477259,0.09909588270314759
