target_id,prot_ps,prot_acf,prot_cs,e_prot_ps,E_prot_ps,e_prot_acf,E_prot_acf,e_prot_cs,E_prot_cs,sph_ps,sph_acf,sph_cs,e_sph_ps,e_sph_acf,e_sph_cs,h_ps,fa_prob_ps,hacf,gacf,hcs
8146379,54.05616810772981,56.11088826134801,0.18574216106900215,2.3718154224490418,2.3718154224490418,-1.0,-1.0,0.013528190012231428,0.013528190012231428,1097.3044628870782,1178.32284444586,445.4170707707946,312.26351117753603,249.27786780443384,95.44737530781694,12.55456324720347,3.528762739428881e-06,0.1711156315452545,0.167485995716989,0.2749857804162771
