target_id,prot_ps,prot_acf,prot_cs,e_prot_ps,E_prot_ps,e_prot_acf,E_prot_acf,e_prot_cs,E_prot_cs,sph_ps,sph_acf,sph_cs,e_sph_ps,e_sph_acf,e_sph_cs,h_ps,fa_prob_ps,hacf,gacf,hcs
8181005,0.35449540765103343,1.859466758556664,0.7402620410357231,0.009783579548867608,0.009783579548867608,-1.0,-1.0,0.013301015279288259,0.013301015279288259,323.7946537991346,395.6967173302866,366.1961393991578,76.49880855124727,74.2906608677782,84.06542293495542,3248.018800839361,0.0,0.18494213299908283,0.28591140549867583,0.00829446685506691
