target_id,prot_ps,prot_acf,prot_cs,e_prot_ps,E_prot_ps,e_prot_acf,E_prot_acf,e_prot_cs,E_prot_cs,sph_ps,sph_acf,sph_cs,e_sph_ps,e_sph_acf,e_sph_cs,h_ps,fa_prob_ps,hacf,gacf,hcs
8158905,14.031293246818576,58.64473688416183,0.3257715104741024,0.47641003710183677,0.47641003710183677,-1.0,-1.0,0.009292293737778548,0.009292293737778548,701.4171320660278,725.1490527931969,482.4165913513565,177.4063115659032,106.80641956524795,80.62604709543665,59.000455416747556,2.3791826423096483e-26,0.10861330070712032,0.03098116574460843,0.13130820557788642
