target_id,prot_ps,prot_acf,prot_cs,e_prot_ps,E_prot_ps,e_prot_acf,E_prot_acf,e_prot_cs,E_prot_cs,sph_ps,sph_acf,sph_cs,e_sph_ps,e_sph_acf,e_sph_cs,h_ps,fa_prob_ps,hacf,gacf,hcs
8197091,0.16780952730076246,0.18391004484146833,1.5479095440823583,0.004446554676060864,0.004446554676060864,-1.0,-1.0,0.20580617868925008,0.20580617868925008,1428.1706335123667,1425.4900796048732,1610.6783020614237,210.6874464468739,179.10764332491217,532.0807345684285,3938.4775461138474,0.0,0.4769562632161855,0.7005849975092746,0.0006113981377143097
