target_id,prot_ps,prot_acf,prot_cs,e_prot_ps,E_prot_ps,e_prot_acf,E_prot_acf,e_prot_cs,E_prot_cs,sph_ps,sph_acf,sph_cs,e_sph_ps,e_sph_acf,e_sph_cs,h_ps,fa_prob_ps,hacf,gacf,hcs
8222592,4.246664820263193,4.352357804775238,4.283688023792091,0.20885066323617132,0.20885066323617132,-1.0,-1.0,0.15254231480240554,0.15254231480240554,513.8863723892232,524.5907129294226,518.7269943388718,58.45236749583745,43.78064470738666,62.50651035145315,49.226916638589955,4.1785128565108785e-22,0.8055322360984578,0.6931351159614195,0.38886402801979036
