target_id,prot_ps,prot_acf,prot_cs,e_prot_ps,E_prot_ps,e_prot_acf,E_prot_acf,e_prot_cs,E_prot_cs,sph_ps,sph_acf,sph_cs,e_sph_ps,e_sph_acf,e_sph_cs,h_ps,fa_prob_ps,hacf,gacf,hcs
8250986,45.876051720231764,-1.0,0.5271965950923633,1.9004291689385266,1.9004291689385266,-1.0,-1.0,0.011816263154555608,0.011816263154555608,452.4302047783374,-1.0,387.0850411779739,40.53599339429114,-1.0,40.806695176309425,12.450221404467825,3.916855460716411e-06,-1.0,-1.0,0.10345788950633027
