target_id,prot_ps,prot_acf,prot_cs,e_prot_ps,E_prot_ps,e_prot_acf,E_prot_acf,e_prot_cs,E_prot_cs,sph_ps,sph_acf,sph_cs,e_sph_ps,e_sph_acf,e_sph_cs,h_ps,fa_prob_ps,hacf,gacf,hcs
8283672,0.15415903897780292,54.55621272325516,2.6049724559820917,7.389056098930604,7.389056098930604,-1.0,-1.0,0.02175098426195744,0.02175098426195744,520.5007922274712,1110.0021372205904,634.4272725589356,70.8710140557047,0.0,141.26828901581865,7.861221323492494,0.00038540288222140695,0.3340171461423848,0.2697456217122401,0.20015633900180882
