target_id,prot_ps,prot_acf,prot_cs,e_prot_ps,E_prot_ps,e_prot_acf,E_prot_acf,e_prot_cs,E_prot_cs,sph_ps,sph_acf,sph_cs,e_sph_ps,e_sph_acf,e_sph_cs,h_ps,fa_prob_ps,hacf,gacf,hcs
8264218,6.300051827918057,-1.0,6.331864119982348,0.4138801455152537,0.4138801455152537,-1.0,-1.0,0.22666243720415605,0.22666243720415605,2534.2532559074825,-1.0,2546.3167396372105,253.60876204508554,-1.0,265.7143473852358,15.95579123354411,1.1762182481441259e-07,-1.0,-1.0,0.21196817144945793
