target_id,prot_ps,prot_acf,prot_cs,e_prot_ps,E_prot_ps,e_prot_acf,E_prot_acf,e_prot_cs,E_prot_cs,sph_ps,sph_acf,sph_cs,e_sph_ps,e_sph_acf,e_sph_cs,h_ps,fa_prob_ps,hacf,gacf,hcs
8280711,0.17969524795204364,-1.0,0.12137913594022394,7.389056095285797,7.389056095285797,-1.0,-1.0,0.016813927719142502,0.016813927719142502,768.8817109810988,-1.0,761.658380762782,117.22624747795564,-1.0,129.70155793396356,13.506463298980266,1.362126741708254e-06,-1.0,-1.0,0.14184278047727672
