target_id,prot_ps,prot_acf,prot_cs,e_prot_ps,E_prot_ps,e_prot_acf,E_prot_acf,e_prot_cs,E_prot_cs,sph_ps,sph_acf,sph_cs,e_sph_ps,e_sph_acf,e_sph_cs,h_ps,fa_prob_ps,hacf,gacf,hcs
8321314,5.230102335479499,25.991714604198933,0.2889330538548435,3.5254202160022747,3.5254202160022747,-1.0,-1.0,0.012857119936779052,0.012857119936779052,1051.0991149512593,1188.7291314253232,429.8027123436783,357.44609709955984,235.68365059987593,87.17323816563665,21.093398824490393,6.906424776829641e-10,0.31893968062935873,0.1094679754395221,2.3159875204997475
