target_id,prot_ps,prot_acf,prot_cs,e_prot_ps,E_prot_ps,e_prot_acf,E_prot_acf,e_prot_cs,E_prot_cs,sph_ps,sph_acf,sph_cs,e_sph_ps,e_sph_acf,e_sph_cs,h_ps,fa_prob_ps,hacf,gacf,hcs
8312970,1.9057636705960217,0.8582143122330308,3.8361186645279663,0.05573866454791764,0.05573866454791764,-1.0,-1.0,0.05794165527999637,0.05794165527999637,2379.7419603183403,2233.0768034417188,2698.2640301498677,1014.6544890553388,1009.4332165930041,1102.7382953131141,1712.5942299645355,0.0,0.3436326463540835,0.46627648868216826,0.23248822668354752
