target_id,prot_ps,prot_acf,prot_cs,e_prot_ps,E_prot_ps,e_prot_acf,E_prot_acf,e_prot_cs,E_prot_cs,sph_ps,sph_acf,sph_cs,e_sph_ps,e_sph_acf,e_sph_cs,h_ps,fa_prob_ps,hacf,gacf,hcs
8330842,2.9343214301307277,54.170081119053066,2.9232215681024574,1.0941907594906595,1.0941907594906595,-1.0,-1.0,0.013973797089068296,0.013973797089068296,1111.5725237075724,1599.2643478635011,1108.535934847593,259.009234014341,248.02268486452044,249.50944388422295,27.25976379423862,1.449556027606652e-12,0.08531559728704281,0.04810543883991277,0.07491592733915291
