target_id,prot_ps,prot_acf,prot_cs,e_prot_ps,E_prot_ps,e_prot_acf,E_prot_acf,e_prot_cs,E_prot_cs,sph_ps,sph_acf,sph_cs,e_sph_ps,e_sph_acf,e_sph_cs,h_ps,fa_prob_ps,hacf,gacf,hcs
8331473,3.2442720698235648,9.358723189681768,3.2141484669820173,1.560893602934777,1.560893602934777,-1.0,-1.0,0.041420566340289316,0.041420566340289316,2175.7278264470165,2298.526159664424,2156.972896162583,403.832834813371,412.3620180632395,384.25711053969894,14.164259937362196,7.055699384759283e-07,0.10605022581411838,0.253747335266997,0.8858961825959328
