target_id,prot_ps,prot_acf,prot_cs,e_prot_ps,E_prot_ps,e_prot_acf,E_prot_acf,e_prot_cs,E_prot_cs,sph_ps,sph_acf,sph_cs,e_sph_ps,e_sph_acf,e_sph_cs,h_ps,fa_prob_ps,hacf,gacf,hcs
8409965,14.890271216226264,29.792294123210013,15.008749823372804,1.0166865682262574,1.0166865682262574,-1.0,-1.0,0.5959689931781387,0.5959689931781387,1927.619315449513,1971.5868821378656,1910.3584465586634,731.3211221011425,647.8485233377539,756.2244642950737,48.89099338941361,5.846707348964165e-22,0.7062128705909267,0.37089326253232585,0.9798682950737474
