target_id,prot_ps,prot_acf,prot_cs,e_prot_ps,E_prot_ps,e_prot_acf,E_prot_acf,e_prot_cs,E_prot_cs,sph_ps,sph_acf,sph_cs,e_sph_ps,e_sph_acf,e_sph_cs,h_ps,fa_prob_ps,hacf,gacf,hcs
8490775,12.474512243409233,12.403256573248655,12.49500796246767,0.45995717726681473,0.45995717726681473,-1.0,-1.0,0.12659663629745488,0.12659663629745488,4011.4724803513295,4019.465516735611,4080.1626594614777,1216.848524905894,1200.9961526783777,1185.1708007500974,176.629674488408,1.953021522645312e-77,1.0807789846898452,0.640692322053302,0.9544661749696196
