target_id,prot_ps,prot_acf,prot_cs,e_prot_ps,E_prot_ps,e_prot_acf,E_prot_acf,e_prot_cs,E_prot_cs,sph_ps,sph_acf,sph_cs,e_sph_ps,e_sph_acf,e_sph_cs,h_ps,fa_prob_ps,hacf,gacf,hcs
8440019,7.029024165556226,14.078871719539165,14.106562238703312,0.2593288542132321,0.2593288542132321,-1.0,-1.0,0.3623979614507019,0.3623979614507019,3641.2026717659483,3739.8605992893977,3739.5293830723185,1119.9367369359954,955.7517085597794,958.5842767642122,79.22797714317439,3.905950312725642e-35,0.6774802312907351,0.3963007516311242,0.6708411497228614
