target_id,prot_ps,prot_acf,prot_cs,e_prot_ps,E_prot_ps,e_prot_acf,E_prot_acf,e_prot_cs,E_prot_cs,sph_ps,sph_acf,sph_cs,e_sph_ps,e_sph_acf,e_sph_cs,h_ps,fa_prob_ps,hacf,gacf,hcs
8453152,1.0090003938498804,-1.0,1.4101184997342802,0.028541840450851615,0.028541840450851615,-1.0,-1.0,0.008468773351130167,0.008468773351130167,185.4486485135051,-1.0,193.5920132956382,41.595784830049986,-1.0,51.33550783341463,519.8804143141593,1.6550259732209705e-226,-1.0,-1.0,0.14134817896845198
