target_id,prot_ps,prot_acf,prot_cs,e_prot_ps,E_prot_ps,e_prot_acf,E_prot_acf,e_prot_cs,E_prot_cs,sph_ps,sph_acf,sph_cs,e_sph_ps,e_sph_acf,e_sph_cs,h_ps,fa_prob_ps,hacf,gacf,hcs
8489820,54.03972290864117,56.39702405780554,2.930590176243208,7.389056098930649,7.389056098930649,-1.0,-1.0,0.06761561203978465,0.06761561203978465,1091.9074324552068,1132.918240935342,848.2084550896897,147.11124128128756,96.81644144115488,229.21505518656144,16.234156919868347,8.904206665224688e-08,0.20086412870060827,0.10198222332787461,0.7035056190783859
