target_id,prot_ps,prot_acf,prot_cs,e_prot_ps,E_prot_ps,e_prot_acf,E_prot_acf,e_prot_cs,E_prot_cs,sph_ps,sph_acf,sph_cs,e_sph_ps,e_sph_acf,e_sph_cs,h_ps,fa_prob_ps,hacf,gacf,hcs
8495236,12.802778942841597,-1.0,6.391457942996619,0.9824923629441139,0.9824923629441139,-1.0,-1.0,0.02864922869262947,0.02864922869262947,589.8957472452938,-1.0,509.13807501130657,151.1219064002427,-1.0,144.7784920066634,30.17955727833551,7.819604857750533e-14,-1.0,-1.0,0.2862409509324496
