target_id,prot_ps,prot_acf,prot_cs,e_prot_ps,E_prot_ps,e_prot_acf,E_prot_acf,e_prot_cs,E_prot_cs,sph_ps,sph_acf,sph_cs,e_sph_ps,e_sph_acf,e_sph_cs,h_ps,fa_prob_ps,hacf,gacf,hcs
8556367,54.05599966311025,55.824871430173516,0.598503105486743,5.500111438965494,5.500111438965494,-1.0,-1.0,0.03993781951638931,0.03993781951638931,716.644783779641,752.3542048173305,410.56165959353024,117.6021327096771,75.30593708564736,85.0708035030905,20.197215818789267,1.6922347930877183e-09,0.3013031337953582,0.2022155192483596,1.2770491588425101
