target_id,prot_ps,prot_acf,prot_cs,e_prot_ps,E_prot_ps,e_prot_acf,E_prot_acf,e_prot_cs,E_prot_cs,sph_ps,sph_acf,sph_cs,e_sph_ps,e_sph_acf,e_sph_cs,h_ps,fa_prob_ps,hacf,gacf,hcs
8544996,1.0309493825682081,49.65379411820322,2.044637536623956,1.337605000898833,1.337605000898833,-1.0,-1.0,0.009052529759577535,0.009052529759577535,543.2810320328787,846.3368220310853,644.7782302858504,143.7287398333743,86.96244083730879,208.82955305309554,100.98226897945497,1.393021476722678e-44,0.09369964239837032,0.03383813956367247,0.041445520734136335
