target_id,prot_ps,prot_acf,prot_cs,e_prot_ps,E_prot_ps,e_prot_acf,E_prot_acf,e_prot_cs,E_prot_cs,sph_ps,sph_acf,sph_cs,e_sph_ps,e_sph_acf,e_sph_cs,h_ps,fa_prob_ps,hacf,gacf,hcs
8582254,47.080510789627084,55.98841631785035,28.913930282453073,2.5565809536086275,2.5565809536086275,-1.0,-1.0,1.7419437887962927,1.7419437887962927,439.3711416581734,442.3320774639959,431.871055885715,74.72184355536234,59.862309098040015,97.12774703866208,23.941750946313157,4.0015631673627954e-11,0.21713681364182816,0.07096321927198691,0.4600320218329182
