target_id,prot_ps,prot_acf,prot_cs,e_prot_ps,E_prot_ps,e_prot_acf,E_prot_acf,e_prot_cs,E_prot_cs,sph_ps,sph_acf,sph_cs,e_sph_ps,e_sph_acf,e_sph_cs,h_ps,fa_prob_ps,hacf,gacf,hcs
8544049,0.6071838123449945,-1.0,0.4113987114015282,7.389056098930649,7.389056098930649,-1.0,-1.0,0.01394051745174487,0.01394051745174487,382.2638104748148,-1.0,380.2921999618463,36.05084175737443,-1.0,38.82866765892285,10.573704422285461,2.5579880785407015e-05,-1.0,-1.0,0.1807048186981779
