target_id,prot_ps,prot_acf,prot_cs,e_prot_ps,E_prot_ps,e_prot_acf,E_prot_acf,e_prot_cs,E_prot_cs,sph_ps,sph_acf,sph_cs,e_sph_ps,e_sph_acf,e_sph_cs,h_ps,fa_prob_ps,hacf,gacf,hcs
8561041,0.10572846686430193,-1.0,2.9534886390622708,0.1501606567610043,0.1501606567610043,-1.0,-1.0,1.0076190934961782,1.0076190934961782,428.26356916812745,-1.0,501.6266796685973,86.83060818387662,-1.0,87.35944919512427,14.775592546048623,3.828614946077568e-07,-1.0,-1.0,0.17216182917356448
