target_id,prot_ps,prot_acf,prot_cs,e_prot_ps,E_prot_ps,e_prot_acf,E_prot_acf,e_prot_cs,E_prot_cs,sph_ps,sph_acf,sph_cs,e_sph_ps,e_sph_acf,e_sph_cs,h_ps,fa_prob_ps,hacf,gacf,hcs
8515297,0.11358563373149712,-1.0,3.033794645690359,0.13329316192021798,0.13329316192021798,-1.0,-1.0,0.35032046116735815,0.35032046116735815,518.0271018759252,-1.0,575.2478620737902,95.35058336439047,-1.0,73.3084078861398,12.588966147967415,3.409427572823141e-06,-1.0,-1.0,0.08706628396935949
