target_id,prot_ps,prot_acf,prot_cs,e_prot_ps,E_prot_ps,e_prot_acf,E_prot_acf,e_prot_cs,E_prot_cs,sph_ps,sph_acf,sph_cs,e_sph_ps,e_sph_acf,e_sph_cs,h_ps,fa_prob_ps,hacf,gacf,hcs
8638473,14.2334490242012,-1.0,2.765504355709999,6.661829052358502,6.661829052358502,-1.0,-1.0,0.5297938841013826,0.5297938841013826,734.5986662493859,-1.0,678.3925568895725,60.8252975532397,-1.0,66.20810635958229,19.528936798579615,3.3013419534318416e-09,-1.0,-1.0,0.05781891202942918
