target_id,prot_ps,prot_acf,prot_cs,e_prot_ps,E_prot_ps,e_prot_acf,E_prot_acf,e_prot_cs,E_prot_cs,sph_ps,sph_acf,sph_cs,e_sph_ps,e_sph_acf,e_sph_cs,h_ps,fa_prob_ps,hacf,gacf,hcs
8676967,0.7214544035528393,-1.0,4.911868967479094,7.38905609893055,7.38905609893055,-1.0,-1.0,0.34465918012024566,0.34465918012024566,354.591704755803,-1.0,431.335435119802,61.91201118725644,-1.0,130.57329157345154,11.162459089096311,1.4197295218135514e-05,-1.0,-1.0,0.17553775511326905
