target_id,prot_ps,prot_acf,prot_cs,e_prot_ps,E_prot_ps,e_prot_acf,E_prot_acf,e_prot_cs,E_prot_cs,sph_ps,sph_acf,sph_cs,e_sph_ps,e_sph_acf,e_sph_cs,h_ps,fa_prob_ps,hacf,gacf,hcs
8625369,13.768957184186101,-1.0,3.01315500754863,4.73762861961857,4.73762861961857,-1.0,-1.0,0.1608465651426566,0.1608465651426566,826.8527457697036,-1.0,592.977984852883,168.04241256009487,-1.0,132.73731145063275,16.25344645795774,8.734094597865886e-08,-1.0,-1.0,0.3618739800259626
