target_id,prot_ps,prot_acf,prot_cs,e_prot_ps,E_prot_ps,e_prot_acf,E_prot_acf,e_prot_cs,E_prot_cs,sph_ps,sph_acf,sph_cs,e_sph_ps,e_sph_acf,e_sph_cs,h_ps,fa_prob_ps,hacf,gacf,hcs
8652095,28.617612654972945,-1.0,28.612548309076157,7.3890560989294904,7.3890560989294904,-1.0,-1.0,0.3292516772041442,0.3292516772041442,762.3321467265216,-1.0,762.3109421930652,277.63142223735923,-1.0,277.5922307704329,25.401162608512156,9.29855031049277e-12,-1.0,-1.0,0.39376627391882735
