target_id,prot_ps,prot_acf,prot_cs,e_prot_ps,E_prot_ps,e_prot_acf,E_prot_acf,e_prot_cs,E_prot_cs,sph_ps,sph_acf,sph_cs,e_sph_ps,e_sph_acf,e_sph_cs,h_ps,fa_prob_ps,hacf,gacf,hcs
8638728,0.48963936663339014,0.9808211177587509,0.9845056711175058,0.013045962266760733,0.013045962266760733,-1.0,-1.0,0.009324275543998327,0.009324275543998327,209.16807476462876,212.3770955008682,212.3770955008682,36.78322797293542,28.70720812862075,28.70720812862075,9259.184465759907,0.0,0.6825044613860874,0.5491588599395347,0.012576170624126476
