target_id,prot_ps,prot_acf,prot_cs,e_prot_ps,E_prot_ps,e_prot_acf,E_prot_acf,e_prot_cs,E_prot_cs,sph_ps,sph_acf,sph_cs,e_sph_ps,e_sph_acf,e_sph_cs,h_ps,fa_prob_ps,hacf,gacf,hcs
8625766,0.14449243002120582,59.44163923570886,2.5893587225675585,7.389056098930647,7.389056098930647,-1.0,-1.0,0.9768325004964695,0.9768325004964695,557.3346061535665,872.8146546177486,661.8335289690237,107.88379526545907,52.18423356542275,127.58180008961003,12.732318943448615,2.954092846879817e-06,0.15496967430097314,0.07407801421715726,0.8890992596837004
