target_id,prot_ps,prot_acf,prot_cs,e_prot_ps,E_prot_ps,e_prot_acf,E_prot_acf,e_prot_cs,E_prot_cs,sph_ps,sph_acf,sph_cs,e_sph_ps,e_sph_acf,e_sph_cs,h_ps,fa_prob_ps,hacf,gacf,hcs
8767249,37.52478671243304,-1.0,3.1646203151234262,7.389056098930649,7.389056098930649,-1.0,-1.0,0.011941761985972495,0.011941761985972495,541.6805138896303,-1.0,341.320556397396,60.687170460668256,-1.0,99.79527307733916,20.176371101428714,1.7278791567803463e-09,-1.0,-1.0,0.5297157311794478
