target_id,prot_ps,prot_acf,prot_cs,e_prot_ps,E_prot_ps,e_prot_acf,E_prot_acf,e_prot_cs,E_prot_cs,sph_ps,sph_acf,sph_cs,e_sph_ps,e_sph_acf,e_sph_cs,h_ps,fa_prob_ps,hacf,gacf,hcs
8740088,54.04005859002139,56.49922991869971,1.676466403112426,7.389056098930649,7.389056098930649,-1.0,-1.0,0.008801354365155738,0.008801354365155738,218.5215973752752,218.17404146950759,179.5564571060916,15.546080284275831,18.250563438050257,32.95077058354006,14.507537514715857,5.005604257467069e-07,0.11152894003736255,0.07461110595946162,0.24442749499778257
