target_id,prot_ps,prot_acf,prot_cs,e_prot_ps,E_prot_ps,e_prot_acf,E_prot_acf,e_prot_cs,E_prot_cs,sph_ps,sph_acf,sph_cs,e_sph_ps,e_sph_acf,e_sph_cs,h_ps,fa_prob_ps,hacf,gacf,hcs
8773994,5.519247527919492,11.402028864249587,11.851340118497978,0.475069755008613,0.475069755008613,-1.0,-1.0,0.35954055258605905,0.35954055258605905,2279.42853367255,2443.1977766005175,2429.172371688096,861.3864301445327,677.6688543943274,706.9273006559579,62.725017613734444,5.739459201342135e-28,0.7391157252814058,0.3990954529667911,0.6218682582715692
