target_id,prot_ps,prot_acf,prot_cs,e_prot_ps,E_prot_ps,e_prot_acf,E_prot_acf,e_prot_cs,E_prot_cs,sph_ps,sph_acf,sph_cs,e_sph_ps,e_sph_acf,e_sph_cs,h_ps,fa_prob_ps,hacf,gacf,hcs
8741009,12.915928341776794,12.95499750226736,12.902344612524402,0.5944302371294611,0.5944302371294611,-1.0,-1.0,0.2410524683864132,0.2410524683864132,2593.918602524497,2588.550377326321,2595.8904921215353,1078.29643318976,1082.9346858741324,1078.4103146221157,102.21316722950488,4.068042620825514e-45,0.9500984236852958,0.5137226353869914,0.9840919506597511
