target_id,prot_ps,prot_acf,prot_cs,e_prot_ps,E_prot_ps,e_prot_acf,E_prot_acf,e_prot_cs,E_prot_cs,sph_ps,sph_acf,sph_cs,e_sph_ps,e_sph_acf,e_sph_cs,h_ps,fa_prob_ps,hacf,gacf,hcs
8781470,13.872428415046935,56.13170697307214,6.898253715704196,0.5639857845879982,0.5639857845879982,-1.0,-1.0,0.1851354343761349,0.1851354343761349,215.84903106353218,228.1867977447342,191.48262195110075,64.6098313273426,27.713432857476008,65.00532315762871,38.108415761026855,2.81660094663156e-17,0.2489999190574121,0.13545842280100093,0.1517135653419285
