target_id,prot_ps,prot_acf,prot_cs,e_prot_ps,E_prot_ps,e_prot_acf,E_prot_acf,e_prot_cs,E_prot_cs,sph_ps,sph_acf,sph_cs,e_sph_ps,e_sph_acf,e_sph_cs,h_ps,fa_prob_ps,hacf,gacf,hcs
8803050,0.27616205092267526,53.965348057914525,3.066429023984525,0.371375966715633,0.371375966715633,-1.0,-1.0,0.011363376537243843,0.011363376537243843,192.1187803945673,270.6667525507998,227.33252607837608,21.04578093357292,27.276358712554106,42.537539364637475,11.474940719257969,1.0387153878942387e-05,0.013640030817902455,0.010607334719430544,0.34468154838736453
