target_id,prot_ps,prot_acf,prot_cs,e_prot_ps,E_prot_ps,e_prot_acf,E_prot_acf,e_prot_cs,E_prot_cs,sph_ps,sph_acf,sph_cs,e_sph_ps,e_sph_acf,e_sph_cs,h_ps,fa_prob_ps,hacf,gacf,hcs
8805437,2.432500881417654,51.329562462866306,2.407299265027978,1.749215718881956,1.749215718881956,-1.0,-1.0,0.17672397768737955,0.17672397768737955,258.23356445109334,318.4347454695489,250.89908649612832,76.14792523088386,33.650003157479375,72.66353061337405,12.828729103085156,2.682586537119357e-06,0.017922239869060136,0.027815746073768025,0.4661967995644544
