target_id,prot_ps,prot_acf,prot_cs,e_prot_ps,E_prot_ps,e_prot_acf,E_prot_acf,e_prot_cs,E_prot_cs,sph_ps,sph_acf,sph_cs,e_sph_ps,e_sph_acf,e_sph_cs,h_ps,fa_prob_ps,hacf,gacf,hcs
8815478,28.60904422351933,59.85025053611025,28.634509572419645,1.7574088807586283,1.7574088807586283,-1.0,-1.0,0.3214761178271626,0.3214761178271626,766.9664825704274,782.9056572251977,766.8824220040626,170.8787981351024,109.42896129144636,170.51610368866105,15.633873423559775,1.622912261151317e-07,0.19671846467940704,0.12064127286023542,0.9571281680994467
