target_id,prot_ps,prot_acf,prot_cs,e_prot_ps,E_prot_ps,e_prot_acf,E_prot_acf,e_prot_cs,E_prot_cs,sph_ps,sph_acf,sph_cs,e_sph_ps,e_sph_acf,e_sph_cs,h_ps,fa_prob_ps,hacf,gacf,hcs
8871919,14.30874719540677,45.95551318349317,1.7335997058637438,1.6720790228710019,1.6720790228710019,-1.0,-1.0,0.25080972266690144,0.25080972266690144,1022.3608072445267,1032.5522317026437,566.5859816829185,345.52383449010716,229.21450354120014,299.5299840629241,17.48285569710688,2.5544196291758732e-08,0.508643368391313,0.325600088845169,0.903914585385511
