target_id,prot_ps,prot_acf,prot_cs,e_prot_ps,E_prot_ps,e_prot_acf,E_prot_acf,e_prot_cs,E_prot_cs,sph_ps,sph_acf,sph_cs,e_sph_ps,e_sph_acf,e_sph_cs,h_ps,fa_prob_ps,hacf,gacf,hcs
8947207,0.2745425566755453,51.00249356031418,1.6510422594845293,0.38359958476519895,0.38359958476519895,-1.0,-1.0,0.9975579132536716,0.9975579132536716,510.11406081095714,635.9348129123927,546.6674423975817,131.8142864755578,56.81925145405041,142.45927668430022,14.180033669295801,6.945277843450981e-07,0.05461292067503503,0.026215994646543676,0.23318028707609723
