target_id,prot_ps,prot_acf,prot_cs,e_prot_ps,E_prot_ps,e_prot_acf,E_prot_acf,e_prot_cs,E_prot_cs,sph_ps,sph_acf,sph_cs,e_sph_ps,e_sph_acf,e_sph_cs,h_ps,fa_prob_ps,hacf,gacf,hcs
9092247,2.838627660917044,4.944960852153599,2.8258869062666467,7.389056098930649,7.389056098930649,-1.0,-1.0,0.15733682766725746,0.15733682766725746,366.3621938627438,384.9210630632155,367.2772189072435,57.34832838293404,49.44453916760469,58.19923917938806,39.57468717886214,6.5002750736593384e-18,0.12590963050220255,0.1790072447459983,1.3429304286912627
