target_id,prot_ps,prot_acf,prot_cs,e_prot_ps,E_prot_ps,e_prot_acf,E_prot_acf,e_prot_cs,E_prot_cs,sph_ps,sph_acf,sph_cs,e_sph_ps,e_sph_acf,e_sph_cs,h_ps,fa_prob_ps,hacf,gacf,hcs
9088259,0.287380960673327,-1.0,28.64773101367486,0.32621998010330094,0.32621998010330094,-1.0,-1.0,0.32875869697135884,0.32875869697135884,548.2194561965887,-1.0,901.3441072170433,96.51532886298281,-1.0,136.94313845023586,31.924765587697255,1.3653703550537817e-14,-1.0,-1.0,0.10022229889939871
