target_id,prot_ps,prot_acf,prot_cs,e_prot_ps,E_prot_ps,e_prot_acf,E_prot_acf,e_prot_cs,E_prot_cs,sph_ps,sph_acf,sph_cs,e_sph_ps,e_sph_acf,e_sph_cs,h_ps,fa_prob_ps,hacf,gacf,hcs
9083864,0.18801358183757697,-1.0,0.264810693326928,0.3037103138048111,0.3037103138048111,-1.0,-1.0,0.008088039687524008,0.008088039687524008,2323.0199670608017,-1.0,2341.995601724818,936.1414814396848,-1.0,930.9322694793533,20.14294428962246,1.7866128189695046e-09,-1.0,-1.0,0.23813319316944015
