target_id,prot_ps,prot_acf,prot_cs,e_prot_ps,E_prot_ps,e_prot_acf,E_prot_acf,e_prot_cs,E_prot_cs,sph_ps,sph_acf,sph_cs,e_sph_ps,e_sph_acf,e_sph_cs,h_ps,fa_prob_ps,hacf,gacf,hcs
9006131,11.22393953818213,23.825655857101083,1.8408690704684707,3.78904610111278,3.78904610111278,-1.0,-1.0,0.24859628723265295,0.24859628723265295,764.5713763020242,777.3615889505501,618.0576421848709,136.08001409514057,114.96128348169778,102.25508310472077,19.269785161139648,4.277978888749028e-09,0.07980065679108753,0.015468969163194101,0.4691439039086479
