target_id,prot_ps,prot_acf,prot_cs,e_prot_ps,E_prot_ps,e_prot_acf,E_prot_acf,e_prot_cs,E_prot_cs,sph_ps,sph_acf,sph_cs,e_sph_ps,e_sph_acf,e_sph_cs,h_ps,fa_prob_ps,hacf,gacf,hcs
9143683,0.25625249520317805,-1.0,2.937648857557858,0.24444320174591036,0.24444320174591036,-1.0,-1.0,0.016722063504250092,0.016722063504250092,333.49978686504954,-1.0,447.6570372259141,53.720719617523216,-1.0,174.64989991691814,13.879859936362287,9.376773380889131e-07,-1.0,-1.0,0.4206607892698402
