target_id,prot_ps,prot_acf,prot_cs,e_prot_ps,E_prot_ps,e_prot_acf,E_prot_acf,e_prot_cs,E_prot_cs,sph_ps,sph_acf,sph_cs,e_sph_ps,e_sph_acf,e_sph_cs,h_ps,fa_prob_ps,hacf,gacf,hcs
9151070,11.170799632642614,22.271823626942933,0.3641136670019478,0.39298160500437695,0.39298160500437695,-1.0,-1.0,3.625330217693484,3.625330217693484,3645.0106976298694,4144.434168366278,1546.4790261990945,338.7913596874505,0.0,153.27223994837573,15.427242425023225,1.9954173489566554e-07,0.37855360648321734,0.2309081054287294,0.6651148568960101
