target_id,prot_ps,prot_acf,prot_cs,e_prot_ps,E_prot_ps,e_prot_acf,E_prot_acf,e_prot_cs,E_prot_cs,sph_ps,sph_acf,sph_cs,e_sph_ps,e_sph_acf,e_sph_cs,h_ps,fa_prob_ps,hacf,gacf,hcs
9117974,0.2720441074162468,58.501684942282736,1.9193375014420597,0.33064061678919815,0.33064061678919815,-1.0,-1.0,0.38363734495394564,0.38363734495394564,502.5171785251289,1781.0168942118144,719.3703159579491,189.38026243993426,452.4537881615483,606.1660178213331,15.842715368216885,1.3170314239689297e-07,0.28639573866307194,0.12288807712513275,2.816891532535263
