target_id,prot_ps,prot_acf,prot_cs,e_prot_ps,E_prot_ps,e_prot_acf,E_prot_acf,e_prot_cs,E_prot_cs,sph_ps,sph_acf,sph_cs,e_sph_ps,e_sph_acf,e_sph_cs,h_ps,fa_prob_ps,hacf,gacf,hcs
9230093,7.521287263486713,52.02420420944691,0.4652753848585603,3.2866431251795043,3.2866431251795043,-1.0,-1.0,1.1355147478880203,1.1355147478880203,298.35352551147395,319.0709027023135,215.3753680986766,69.73788080405018,41.85837999925168,31.43797985240582,23.634456723521065,5.4410894067549593e-11,0.10098515672383929,0.026895210700356796,0.20877757990439147
