target_id,prot_ps,prot_acf,prot_cs,e_prot_ps,E_prot_ps,e_prot_acf,E_prot_acf,e_prot_cs,E_prot_cs,sph_ps,sph_acf,sph_cs,e_sph_ps,e_sph_acf,e_sph_cs,h_ps,fa_prob_ps,hacf,gacf,hcs
9279846,3.204564146946679,3.208086029626429,3.2278477616721926,0.09324396697294045,0.09324396697294045,-1.0,-1.0,0.010419405655745062,0.010419405655745062,12992.595824016013,12993.236385532182,12973.552653443432,4877.845388879414,4863.076390418113,4862.318989466881,4725.8370069298935,0.0,1.6507769850480458,0.9023716065608758,0.931185198612426
