target_id,prot_ps,prot_acf,prot_cs,e_prot_ps,E_prot_ps,e_prot_acf,E_prot_acf,e_prot_cs,E_prot_cs,sph_ps,sph_acf,sph_cs,e_sph_ps,e_sph_acf,e_sph_cs,h_ps,fa_prob_ps,hacf,gacf,hcs
9299986,0.1885381886809533,0.20433728583157063,2.416903066498356,0.004906589399451168,0.004906589399451168,-1.0,-1.0,0.031127376029441572,0.031127376029441572,955.9056103693614,954.9645450430961,979.9059856907281,78.36515849198808,73.85419127829391,64.9047413886396,265376.6414148413,0.0,0.8530544211177771,0.5921784349075427,0.00018127036854511077
