target_id,prot_ps,prot_acf,prot_cs,e_prot_ps,E_prot_ps,e_prot_acf,E_prot_acf,e_prot_cs,E_prot_cs,sph_ps,sph_acf,sph_cs,e_sph_ps,e_sph_acf,e_sph_cs,h_ps,fa_prob_ps,hacf,gacf,hcs
9239542,47.066680436192996,-1.0,3.110454923588954,2.415366395909153,2.415366395909153,-1.0,-1.0,0.21725278804116946,0.21725278804116946,1107.6203707350528,-1.0,836.8601791527797,165.93564438449468,-1.0,168.16771622700207,15.589223800437269,1.6970167397469902e-07,-1.0,-1.0,0.22430011696133378
