target_id,prot_ps,prot_acf,prot_cs,e_prot_ps,E_prot_ps,e_prot_acf,E_prot_acf,e_prot_cs,E_prot_cs,sph_ps,sph_acf,sph_cs,e_sph_ps,e_sph_acf,e_sph_cs,h_ps,fa_prob_ps,hacf,gacf,hcs
9395164,11.582030667852566,11.688058122992516,11.559454171291868,0.47618320179594137,0.47618320179594137,-1.0,-1.0,0.10527306081082384,0.10527306081082384,1996.0114940911083,1984.83018495405,1991.7997120027085,682.7023234566586,679.5719719378712,691.1758944423142,103.37636591927395,1.2712024524239512e-45,0.9362046721270278,0.5317231350127402,0.9815864680553897
