target_id,prot_ps,prot_acf,prot_cs,e_prot_ps,E_prot_ps,e_prot_acf,E_prot_acf,e_prot_cs,E_prot_cs,sph_ps,sph_acf,sph_cs,e_sph_ps,e_sph_acf,e_sph_cs,h_ps,fa_prob_ps,hacf,gacf,hcs
9335072,16.216849303442757,32.61216170154512,16.151439292769798,0.8196507527541192,0.8196507527541192,-1.0,-1.0,0.387352681578937,0.387352681578937,2447.0648690985686,2529.484103102554,2451.4034020847976,917.3464207350264,758.4368146577231,903.6435872539793,57.39809785034294,1.1811983505977676e-25,1.1226791135464194,0.5886627979411868,0.6592089908175944
