target_id,prot_ps,prot_acf,prot_cs,e_prot_ps,E_prot_ps,e_prot_acf,E_prot_acf,e_prot_cs,E_prot_cs,sph_ps,sph_acf,sph_cs,e_sph_ps,e_sph_acf,e_sph_cs,h_ps,fa_prob_ps,hacf,gacf,hcs
9354106,0.7205547196291211,-1.0,2.909483473081605,1.41983963295896,1.41983963295896,-1.0,-1.0,0.18143846991690366,0.18143846991690366,202.05925309258927,-1.0,217.82644157293328,18.73772018153089,-1.0,29.572573502708636,18.948579028806897,5.898433505639091e-09,-1.0,-1.0,0.14901566987926215
