target_id,prot_ps,prot_acf,prot_cs,e_prot_ps,E_prot_ps,e_prot_acf,E_prot_acf,e_prot_cs,E_prot_cs,sph_ps,sph_acf,sph_cs,e_sph_ps,e_sph_acf,e_sph_cs,h_ps,fa_prob_ps,hacf,gacf,hcs
9412919,0.20927965863836714,59.891111073084176,0.9875070807747783,0.3840118278881936,0.3840118278881936,-1.0,-1.0,0.06298124507938377,0.06298124507938377,417.17175793162085,610.5672910388422,439.7690548945657,79.3430038571666,108.01122512628494,87.81338860382746,13.210942390686842,1.8304615849796246e-06,0.12818033601865253,0.06879408348083395,0.26629266494153697
