target_id,prot_ps,prot_acf,prot_cs,e_prot_ps,E_prot_ps,e_prot_acf,E_prot_acf,e_prot_cs,E_prot_cs,sph_ps,sph_acf,sph_cs,e_sph_ps,e_sph_acf,e_sph_cs,h_ps,fa_prob_ps,hacf,gacf,hcs
9411071,3.7408429899513145,3.7393626160919666,3.6997133652806804,0.1234952746837854,0.1234952746837854,-1.0,-1.0,0.009273076348461357,0.009273076348461357,5279.02722008016,5279.02722008016,5231.476237531176,2230.2987415773528,2230.2987415773528,2199.252800335029,3250.837082479699,0.0,1.490253690273792,0.8663145820411274,0.43093057046998595
