target_id,prot_ps,prot_acf,prot_cs,e_prot_ps,E_prot_ps,e_prot_acf,E_prot_acf,e_prot_cs,E_prot_cs,sph_ps,sph_acf,sph_cs,e_sph_ps,e_sph_acf,e_sph_cs,h_ps,fa_prob_ps,hacf,gacf,hcs
9455797,3.820719918618905,52.780142915435135,3.8186988238315656,2.93896371233891,2.93896371233891,-1.0,-1.0,0.010774004404986201,0.010774004404986201,889.7600195673181,1156.1027850873222,889.7600195673181,356.39674561233477,332.4086532411744,356.39674561233477,11.57928222674133,9.357969481542887e-06,0.14436700988558324,0.042025227981237576,0.5833660900454397
