target_id,prot_ps,prot_acf,prot_cs,e_prot_ps,E_prot_ps,e_prot_acf,E_prot_acf,e_prot_cs,E_prot_cs,sph_ps,sph_acf,sph_cs,e_sph_ps,e_sph_acf,e_sph_cs,h_ps,fa_prob_ps,hacf,gacf,hcs
9471061,0.2287923575487757,-1.0,1.5576198586123067,0.42759652076555443,0.42759652076555443,-1.0,-1.0,0.8212952770906464,0.8212952770906464,331.3468013441868,-1.0,388.96568841514767,51.35030110054847,-1.0,76.7584452170852,16.689822463023553,5.6454972522814665e-08,-1.0,-1.0,0.20508001957814537
