target_id,prot_ps,prot_acf,prot_cs,e_prot_ps,E_prot_ps,e_prot_acf,E_prot_acf,e_prot_cs,E_prot_cs,sph_ps,sph_acf,sph_cs,e_sph_ps,e_sph_acf,e_sph_cs,h_ps,fa_prob_ps,hacf,gacf,hcs
9597468,5.273287986334236,59.850269631017,5.2590825966681045,1.8197690327042606,1.8197690327042606,-1.0,-1.0,0.022319173302606004,0.022319173302606004,337.42993227870335,547.3114751315259,345.85535239189824,188.13293914942972,272.6241507077222,199.41889273656216,23.10866485129156,9.205224208527981e-11,0.01722879297896159,0.017888039465016582,0.13990765691080595
