target_id,prot_ps,prot_acf,prot_cs,e_prot_ps,E_prot_ps,e_prot_acf,E_prot_acf,e_prot_cs,E_prot_cs,sph_ps,sph_acf,sph_cs,e_sph_ps,e_sph_acf,e_sph_cs,h_ps,fa_prob_ps,hacf,gacf,hcs
9570164,0.3913856132384022,25.030667218379676,1.465264609167352,0.31116557192307387,0.31116557192307387,-1.0,-1.0,1.3136916467307995,1.3136916467307995,598.4017040265286,913.1024356847095,655.249245496712,55.44480976219028,9.369859573659653,59.283476469696424,11.22215275296305,1.3374605606746108e-05,0.055664015169729755,0.038533564597843,0.44297120948091007
