target_id,prot_ps,prot_acf,prot_cs,e_prot_ps,E_prot_ps,e_prot_acf,E_prot_acf,e_prot_cs,E_prot_cs,sph_ps,sph_acf,sph_cs,e_sph_ps,e_sph_acf,e_sph_cs,h_ps,fa_prob_ps,hacf,gacf,hcs
9593696,0.12169066006703998,48.46822541579604,0.5484537527095866,1.002778108751667,1.002778108751667,-1.0,-1.0,0.013872291513324456,0.013872291513324456,1137.0518160935478,1748.6264560455445,1197.157114655779,174.0316427794395,0.0,161.32368645008748,9.834220892626528,5.3586097816399286e-05,0.12693800996052218,0.07822374904704917,0.12424800956934189
