target_id,prot_ps,prot_acf,prot_cs,e_prot_ps,E_prot_ps,e_prot_acf,E_prot_acf,e_prot_cs,E_prot_cs,sph_ps,sph_acf,sph_cs,e_sph_ps,e_sph_acf,e_sph_cs,h_ps,fa_prob_ps,hacf,gacf,hcs
9527819,0.10907746567836797,-1.0,4.748646797885356,0.10396383694514513,0.10396383694514513,-1.0,-1.0,0.16503805867083707,0.16503805867083707,81.33187977430094,-1.0,111.01433125848118,13.235007383685893,-1.0,27.10802852431998,13.340707883220654,1.6076969269757732e-06,-1.0,-1.0,0.21428188097404882
