target_id,prot_ps,prot_acf,prot_cs,e_prot_ps,E_prot_ps,e_prot_acf,E_prot_acf,e_prot_cs,E_prot_cs,sph_ps,sph_acf,sph_cs,e_sph_ps,e_sph_acf,e_sph_cs,h_ps,fa_prob_ps,hacf,gacf,hcs
9521588,0.5668367473676752,-1.0,28.615213060289015,0.01789392148609351,0.01789392148609351,-1.0,-1.0,0.29899747084471257,0.29899747084471257,480.86089077249477,-1.0,704.8925278797334,61.34878641024868,-1.0,73.47859109946813,324.9739412782433,7.338554780948194e-142,-1.0,-1.0,0.009572541248469325
