target_id,prot_ps,prot_acf,prot_cs,e_prot_ps,E_prot_ps,e_prot_acf,E_prot_acf,e_prot_cs,E_prot_cs,sph_ps,sph_acf,sph_cs,e_sph_ps,e_sph_acf,e_sph_cs,h_ps,fa_prob_ps,hacf,gacf,hcs
9532354,1.5519727044046705,55.006471648812294,3.7221318259835248,1.0253914757951326,1.0253914757951326,-1.0,-1.0,1.366700882526715,1.366700882526715,1228.8085877516742,1669.2081075192546,1449.0745123923116,245.57838365760344,202.37696026844623,259.1003785247244,14.593361674095691,4.593921317378564e-07,0.1501826142050033,0.08469064763011978,0.10033754080601852
