target_id,prot_ps,prot_acf,prot_cs,e_prot_ps,E_prot_ps,e_prot_acf,E_prot_acf,e_prot_cs,E_prot_cs,sph_ps,sph_acf,sph_cs,e_sph_ps,e_sph_acf,e_sph_cs,h_ps,fa_prob_ps,hacf,gacf,hcs
9664247,1.6604853020462698,57.62366350740194,1.6923375218733352,1.6355941417468016,1.6355941417468016,-1.0,-1.0,0.12908831577185967,0.12908831577185967,303.6825014278821,486.32590232110005,307.51981325114485,114.03859865469131,90.39139259105376,95.72734169582192,14.371891660208743,5.732799559612197e-07,0.15406160779344089,0.0801751713348118,0.8647554500327435
