target_id,prot_ps,prot_acf,prot_cs,e_prot_ps,E_prot_ps,e_prot_acf,E_prot_acf,e_prot_cs,E_prot_cs,sph_ps,sph_acf,sph_cs,e_sph_ps,e_sph_acf,e_sph_cs,h_ps,fa_prob_ps,hacf,gacf,hcs
9655067,12.796933884358358,12.648382007610053,12.800359597212312,0.36986268188613436,0.36986268188613436,-1.0,-1.0,0.11251076257081652,0.11251076257081652,2912.3080012348287,2915.3226588773477,2905.5253138305197,496.92981317200974,569.9515388417774,493.3714595572411,215.2614540647239,3.2594050434581684e-94,0.17866532584655573,0.27372389122889723,0.07927837136825933
