target_id,prot_ps,prot_acf,prot_cs,e_prot_ps,E_prot_ps,e_prot_acf,E_prot_acf,e_prot_cs,E_prot_cs,sph_ps,sph_acf,sph_cs,e_sph_ps,e_sph_acf,e_sph_cs,h_ps,fa_prob_ps,hacf,gacf,hcs
9644020,28.610240841614463,-1.0,28.63221547279788,1.3875073429873697,1.3875073429873697,-1.0,-1.0,0.30503953158818853,0.30503953158818853,476.82184881783013,-1.0,476.65900013894736,73.30794496192556,-1.0,73.25257390081585,20.605394787020256,1.1250990204110343e-09,-1.0,-1.0,0.22577338346447845
