target_id,prot_ps,prot_acf,prot_cs,e_prot_ps,E_prot_ps,e_prot_acf,E_prot_acf,e_prot_cs,E_prot_cs,sph_ps,sph_acf,sph_cs,e_sph_ps,e_sph_acf,e_sph_cs,h_ps,fa_prob_ps,hacf,gacf,hcs
9716123,0.2559736840474077,-1.0,2.7163353105796166,0.3957071868670549,0.3957071868670549,-1.0,-1.0,0.3215151852387656,0.3215151852387656,1425.318561525387,-1.0,1563.764579840727,167.36401368116776,-1.0,181.90661523142413,10.620484857662275,2.441080104919246e-05,-1.0,-1.0,0.28445068120145506
