target_id,prot_ps,prot_acf,prot_cs,e_prot_ps,E_prot_ps,e_prot_acf,E_prot_acf,e_prot_cs,E_prot_cs,sph_ps,sph_acf,sph_cs,e_sph_ps,e_sph_acf,e_sph_cs,h_ps,fa_prob_ps,hacf,gacf,hcs
9785350,4.740368325252736,-1.0,4.652799866069109,1.7007824119098394,1.7007824119098394,-1.0,-1.0,0.2448250841706534,0.2448250841706534,561.9413950288399,-1.0,558.0953633747306,67.24395859487244,-1.0,74.50972374845765,26.544470707470744,2.9640317180047363e-12,-1.0,-1.0,0.12866050865566753
