target_id,prot_ps,prot_acf,prot_cs,e_prot_ps,E_prot_ps,e_prot_acf,E_prot_acf,e_prot_cs,E_prot_cs,sph_ps,sph_acf,sph_cs,e_sph_ps,e_sph_acf,e_sph_cs,h_ps,fa_prob_ps,hacf,gacf,hcs
9752723,29.778210239746386,56.19262170512229,18.511528661312447,1.8667525933088809,1.8667525933088809,-1.0,-1.0,0.24097140771148243,0.24097140771148243,1041.666956673742,1060.0389615545541,1038.6020056002722,163.21845496090032,135.89704788586815,176.80818400769297,21.379817678690955,5.18636595850551e-10,0.11501077539977103,0.11200177176859344,0.7620297452235245
