target_id,prot_ps,prot_acf,prot_cs,e_prot_ps,E_prot_ps,e_prot_acf,E_prot_acf,e_prot_cs,E_prot_cs,sph_ps,sph_acf,sph_cs,e_sph_ps,e_sph_acf,e_sph_cs,h_ps,fa_prob_ps,hacf,gacf,hcs
9775956,0.5295576798229478,54.90542870294303,0.5296806904247108,0.02165562977135437,0.02165562977135437,-1.0,-1.0,0.010173379150466946,0.010173379150466946,156.14440843065503,200.68861023948693,156.14440843065503,32.42833812377825,33.18543434233141,32.42833812377825,162.4443909793075,2.8268149635221363e-71,0.12373506205964069,0.0737764086792658,0.034970065167413356
