target_id,prot_ps,prot_acf,prot_cs,e_prot_ps,E_prot_ps,e_prot_acf,E_prot_acf,e_prot_cs,E_prot_cs,sph_ps,sph_acf,sph_cs,e_sph_ps,e_sph_acf,e_sph_cs,h_ps,fa_prob_ps,hacf,gacf,hcs
9787228,2.0049447850752062,6.804506514687091,7.945742817525751,1.0586567291570153,1.0586567291570153,-1.0,-1.0,0.5748840069410763,0.5748840069410763,148.36777517578398,178.78490990595898,176.7001183087517,45.33587080286384,53.39894190775397,46.737894467516696,20.476685178619746,1.2796423928693262e-09,0.13905291574521736,0.21788958545406448,0.9166573920157213
