target_id,prot_ps,prot_acf,prot_cs,e_prot_ps,E_prot_ps,e_prot_acf,E_prot_acf,e_prot_cs,E_prot_cs,sph_ps,sph_acf,sph_cs,e_sph_ps,e_sph_acf,e_sph_cs,h_ps,fa_prob_ps,hacf,gacf,hcs
9893302,0.259561936997017,31.427006523124874,3.7221999403461816,7.389056098858886,7.389056098858886,-1.0,-1.0,0.386353331437901,0.386353331437901,573.1851949035635,1035.5376929043819,857.9882414389348,91.57056531676204,204.36273762615403,281.56071453547617,13.56500266043706,1.2846777356633327e-06,0.1873350635020451,0.08689929308967081,0.6048536836572053
