target_id,prot_ps,prot_acf,prot_cs,e_prot_ps,E_prot_ps,e_prot_acf,E_prot_acf,e_prot_cs,E_prot_cs,sph_ps,sph_acf,sph_cs,e_sph_ps,e_sph_acf,e_sph_cs,h_ps,fa_prob_ps,hacf,gacf,hcs
9839980,2.6150146248392776,2.635955672711134,2.6225885338073835,0.07734605117656343,0.07734605117656343,-1.0,-1.0,0.037512983693424685,0.037512983693424685,3100.1383552915527,3098.1225458841623,3100.1075119758193,1207.9377297726662,1200.8330128126504,1202.6000326292447,4873.629754318506,0.0,1.432820834363308,0.9019702024202184,0.2899284851788231
