target_id,prot_ps,prot_acf,prot_cs,e_prot_ps,E_prot_ps,e_prot_acf,E_prot_acf,e_prot_cs,E_prot_cs,sph_ps,sph_acf,sph_cs,e_sph_ps,e_sph_acf,e_sph_cs,h_ps,fa_prob_ps,hacf,gacf,hcs
9872638,9.248377667759213,9.542550161015242,9.328404709864406,0.6463568843166873,0.6463568843166873,-1.0,-1.0,0.45229183901512654,0.45229183901512654,3123.948571984227,3126.313837371161,3078.2704787924877,1111.1098380329674,1134.7055027096899,1206.3573080890174,79.62301314359455,2.6312660315933193e-35,1.0472995205296538,0.5535719585253727,0.9232136321300619
