target_id,prot_ps,prot_acf,prot_cs,e_prot_ps,E_prot_ps,e_prot_acf,E_prot_acf,e_prot_cs,E_prot_cs,sph_ps,sph_acf,sph_cs,e_sph_ps,e_sph_acf,e_sph_cs,h_ps,fa_prob_ps,hacf,gacf,hcs
9898009,1.4399196558975118,-1.0,0.8619691580531499,0.9707269321751896,0.9707269321751896,-1.0,-1.0,0.016802344160731775,0.016802344160731775,283.24408085997334,-1.0,275.4384864755381,38.7466513560679,-1.0,42.26277269734932,88.47226072647464,3.7755946757450796e-39,-1.0,-1.0,0.10880925175705347
