target_id,prot_ps,prot_acf,prot_cs,e_prot_ps,E_prot_ps,e_prot_acf,E_prot_acf,e_prot_cs,E_prot_cs,sph_ps,sph_acf,sph_cs,e_sph_ps,e_sph_acf,e_sph_cs,h_ps,fa_prob_ps,hacf,gacf,hcs
9875707,21.783827946076528,21.51666520256549,21.617084033426327,1.0262486619329243,1.0262486619329243,-1.0,-1.0,0.6300149542362771,0.6300149542362771,4028.873763456111,3958.80547459788,3980.120266897884,1911.9393295988675,1802.5887854659209,1826.2047054318352,77.87571305512287,1.5101063920781779e-34,1.0466692620881068,0.6383445312514001,0.9931415752864551
