target_id,prot_ps,prot_acf,prot_cs,e_prot_ps,E_prot_ps,e_prot_acf,E_prot_acf,e_prot_cs,E_prot_cs,sph_ps,sph_acf,sph_cs,e_sph_ps,e_sph_acf,e_sph_cs,h_ps,fa_prob_ps,hacf,gacf,hcs
9834249,0.3453697832637303,18.655866651795805,0.8337029342233249,0.27781326109311444,0.27781326109311444,-1.0,-1.0,0.1608423857256126,0.1608423857256126,1490.5185851598399,3242.5413696838414,1655.8772339440393,294.4468145387745,0.0,353.83888238885885,6.399553365408869,0.0016622995478777188,7.273345123558553e-05,0.062290510609852294,11.726478560878693
