target_id,prot_ps,prot_acf,prot_cs,e_prot_ps,E_prot_ps,e_prot_acf,E_prot_acf,e_prot_cs,E_prot_cs,sph_ps,sph_acf,sph_cs,e_sph_ps,e_sph_acf,e_sph_cs,h_ps,fa_prob_ps,hacf,gacf,hcs
9822061,13.640349256340414,55.47747575445101,3.198894596449099,6.119740732888769,6.119740732888769,-1.0,-1.0,0.44200498638069957,0.44200498638069957,516.1723297166517,542.368940132809,396.37124708060026,171.13127557939822,117.44296141936414,160.27675241305894,12.432574915906372,3.986587660500925e-06,0.36348705260590664,0.22584202675895584,0.9499366653955519
