target_id,prot_ps,prot_acf,prot_cs,e_prot_ps,E_prot_ps,e_prot_acf,E_prot_acf,e_prot_cs,E_prot_cs,sph_ps,sph_acf,sph_cs,e_sph_ps,e_sph_acf,e_sph_cs,h_ps,fa_prob_ps,hacf,gacf,hcs
9964892,19.199710808792737,18.75833767745644,19.399962735269217,2.0623292235585695,2.0623292235585695,-1.0,-1.0,0.8882550411523085,0.8882550411523085,1374.0986809902884,1467.3196456473293,1438.6482056857196,501.193034704396,410.5316925842234,453.7547381878428,31.53239451735858,2.021413025740691e-14,0.6523684236091312,0.34408295729983296,0.9633078821772686
