target_id,prot_ps,prot_acf,prot_cs,e_prot_ps,E_prot_ps,e_prot_acf,E_prot_acf,e_prot_cs,E_prot_cs,sph_ps,sph_acf,sph_cs,e_sph_ps,e_sph_acf,e_sph_cs,h_ps,fa_prob_ps,hacf,gacf,hcs
10005956,54.05529481370478,55.130243689753115,0.24638394624232393,7.389056098930635,7.389056098930635,-1.0,-1.0,0.013143202206820631,0.013143202206820631,181.46062238877565,198.50159487507187,74.75162985003527,64.87700779253701,54.09108669936486,19.517736364025822,17.396839763538726,2.783867033604443e-08,0.3252237397522064,0.18161491620566422,2.2034607254649154
