target_id,prot_ps,prot_acf,prot_cs,e_prot_ps,E_prot_ps,e_prot_acf,E_prot_acf,e_prot_cs,E_prot_cs,sph_ps,sph_acf,sph_cs,e_sph_ps,e_sph_acf,e_sph_cs,h_ps,fa_prob_ps,hacf,gacf,hcs
10020210,0.28078464175006157,58.33824059693143,0.14446632589071237,0.4828324776863003,0.4828324776863003,-1.0,-1.0,0.011326308596034038,0.011326308596034038,542.6550289499698,730.3013988775622,533.6481793428756,76.08335136247706,127.04295024557477,94.56574018537633,13.667922948941115,1.1590348222904755e-06,0.09712623150224861,0.05965085936655418,0.32845868503435494
