target_id,prot_ps,prot_acf,prot_cs,e_prot_ps,E_prot_ps,e_prot_acf,E_prot_acf,e_prot_cs,E_prot_cs,sph_ps,sph_acf,sph_cs,e_sph_ps,e_sph_acf,e_sph_cs,h_ps,fa_prob_ps,hacf,gacf,hcs
10005745,52.12536536849228,55.967821883037686,2.9842894191851994,2.304159245272749,2.304159245272749,-1.0,-1.0,0.052143947776897404,0.052143947776897404,917.8145383535751,923.3068256612474,698.2762567348758,107.67408338271221,131.60218743823478,129.03023679074525,20.661720759718044,1.063478434108583e-09,0.17194354516677574,0.08558147416084733,0.5404757470233267
