target_id,prot_ps,prot_acf,prot_cs,e_prot_ps,E_prot_ps,e_prot_acf,E_prot_acf,e_prot_cs,E_prot_cs,sph_ps,sph_acf,sph_cs,e_sph_ps,e_sph_acf,e_sph_cs,h_ps,fa_prob_ps,hacf,gacf,hcs
10091380,4.406113342593138,8.807011880446225,8.626784862382335,0.3115365354285518,0.3115365354285518,-1.0,-1.0,0.6975232679659663,0.6975232679659663,1112.1464707999298,1165.754030639119,1188.601500355627,353.10784478005047,298.98196681598506,280.80384921161436,34.65711040552208,8.883992682700564e-16,0.372691586484705,0.3122164469807438,0.44240238214103034
