target_id,prot_ps,prot_acf,prot_cs,e_prot_ps,E_prot_ps,e_prot_acf,E_prot_acf,e_prot_cs,E_prot_cs,sph_ps,sph_acf,sph_cs,e_sph_ps,e_sph_acf,e_sph_cs,h_ps,fa_prob_ps,hacf,gacf,hcs
10086883,17.167816370592597,34.20646309945732,17.17677585423114,0.7680094906198011,0.7680094906198011,-1.0,-1.0,0.5370421596223689,0.5370421596223689,3637.664706619229,3862.991452526496,3638.1952459868853,1333.1563126325739,1086.2498870292272,1346.286067442297,51.49799626639568,4.312254583082298e-23,0.7934967809012816,0.4921705757221684,0.9709089212278481
