target_id,prot_ps,prot_acf,prot_cs,e_prot_ps,E_prot_ps,e_prot_acf,E_prot_acf,e_prot_cs,E_prot_cs,sph_ps,sph_acf,sph_cs,e_sph_ps,e_sph_acf,e_sph_cs,h_ps,fa_prob_ps,hacf,gacf,hcs
10063306,0.35627282451564857,52.57585424464196,1.4565125886355446,0.4153394188519505,0.4153394188519505,-1.0,-1.0,0.859010651261053,0.859010651261053,372.81701755859405,440.3467209861672,383.8012619744555,43.535373406525075,23.00771636418913,38.473735195474134,18.39160151232509,1.0295061606921793e-08,0.0749527300782461,0.029702478705843985,0.38347087403140645
