target_id,prot_ps,prot_acf,prot_cs,e_prot_ps,E_prot_ps,e_prot_acf,E_prot_acf,e_prot_cs,E_prot_cs,sph_ps,sph_acf,sph_cs,e_sph_ps,e_sph_acf,e_sph_cs,h_ps,fa_prob_ps,hacf,gacf,hcs
10015745,0.12338433909889761,51.7176291490905,2.508437832612545,0.16330924480635628,0.16330924480635628,-1.0,-1.0,1.2984200135040795,1.2984200135040795,163.32103929852119,244.36746015231105,194.43764874421578,24.757151249477914,11.067630994716511,35.690709589235006,11.960119595314646,6.394197654459521e-06,0.14818514534775565,0.10363844151154947,0.21683119084312155
