target_id,prot_ps,prot_acf,prot_cs,e_prot_ps,E_prot_ps,e_prot_acf,E_prot_acf,e_prot_cs,E_prot_cs,sph_ps,sph_acf,sph_cs,e_sph_ps,e_sph_acf,e_sph_cs,h_ps,fa_prob_ps,hacf,gacf,hcs
10006576,14.23363629268904,28.607196547091007,14.276270641494886,0.7474956442159739,0.7474956442159739,-1.0,-1.0,0.5189057766401326,0.5189057766401326,1854.8788922940355,1898.1444547618933,1874.3866925403568,638.0346923680822,543.0169989989639,648.1219357446116,21.586183737253716,4.2192913722793135e-10,0.6258516501012036,0.299930455479569,0.9625972918529979
