target_id,prot_ps,prot_acf,prot_cs,e_prot_ps,E_prot_ps,e_prot_acf,E_prot_acf,e_prot_cs,E_prot_cs,sph_ps,sph_acf,sph_cs,e_sph_ps,e_sph_acf,e_sph_cs,h_ps,fa_prob_ps,hacf,gacf,hcs
10199006,0.31598136736562743,-1.0,3.8435790910385554,0.7569287928475202,0.7569287928475202,-1.0,-1.0,1.718289767607835,1.718289767607835,201.0844609614573,-1.0,219.49643714336023,19.444783261376728,-1.0,22.4091813595167,13.529264358783108,1.3314202094695862e-06,-1.0,-1.0,0.12752495751473433
