target_id,prot_ps,prot_acf,prot_cs,e_prot_ps,E_prot_ps,e_prot_acf,E_prot_acf,e_prot_cs,E_prot_cs,sph_ps,sph_acf,sph_cs,e_sph_ps,e_sph_acf,e_sph_cs,h_ps,fa_prob_ps,hacf,gacf,hcs
10160604,0.10747670996879517,-1.0,1.557676689885557,0.19156389655865216,0.19156389655865216,-1.0,-1.0,0.7940259358960953,0.7940259358960953,212.3780493471435,-1.0,299.7416101725749,40.18130295660096,-1.0,105.47981933450659,24.023029376711104,3.689188983489628e-11,-1.0,-1.0,0.13264849848432342
