target_id,prot_ps,prot_acf,prot_cs,e_prot_ps,E_prot_ps,e_prot_acf,E_prot_acf,e_prot_cs,E_prot_cs,sph_ps,sph_acf,sph_cs,e_sph_ps,e_sph_acf,e_sph_cs,h_ps,fa_prob_ps,hacf,gacf,hcs
10189651,5.345298025522836,14.671408095397055,5.353734466911355,2.043824804595311,2.043824804595311,-1.0,-1.0,0.16334503216226842,0.16334503216226842,231.4362799700117,254.03100796754265,232.40856596599488,65.01692272303607,74.15824897901749,65.88776206827221,20.516394678135022,1.2298241095726827e-09,0.1153831935585261,0.0041245204228070554,123.65604158120726
