target_id,prot_ps,prot_acf,prot_cs,e_prot_ps,E_prot_ps,e_prot_acf,E_prot_acf,e_prot_cs,E_prot_cs,sph_ps,sph_acf,sph_cs,e_sph_ps,e_sph_acf,e_sph_cs,h_ps,fa_prob_ps,hacf,gacf,hcs
10187346,1.4399824516655237,53.00489384494722,1.671677087685093,2.038691838092012,2.038691838092012,-1.0,-1.0,1.083727176766905,1.083727176766905,775.0264604893437,984.9217720234395,779.6099389524793,102.60294506809865,99.30834799457169,108.5075730832547,12.078887480514915,5.678136383783058e-06,0.07912630163609162,0.014135470126227585,0.21611433466271562
