target_id,prot_ps,prot_acf,prot_cs,e_prot_ps,E_prot_ps,e_prot_acf,E_prot_acf,e_prot_cs,E_prot_cs,sph_ps,sph_acf,sph_cs,e_sph_ps,e_sph_acf,e_sph_cs,h_ps,fa_prob_ps,hacf,gacf,hcs
10189205,6.363172385634584,6.5796414110809565,6.371545016983216,0.23054916967232536,0.23054916967232536,-1.0,-1.0,0.017155094628456612,0.017155094628456612,2888.0451674009137,2929.4663565139845,2887.995401458155,1000.1670894248472,1024.0019937158038,1004.5904812594108,552.6233794138838,9.97047272587062e-241,1.1059012859171549,0.6595113814204641,0.9171838047921812
