target_id,prot_ps,prot_acf,prot_cs,e_prot_ps,E_prot_ps,e_prot_acf,E_prot_acf,e_prot_cs,E_prot_cs,sph_ps,sph_acf,sph_cs,e_sph_ps,e_sph_acf,e_sph_cs,h_ps,fa_prob_ps,hacf,gacf,hcs
10273785,0.11983474370715412,-1.0,1.4160567131359132,0.1510881562200114,0.1510881562200114,-1.0,-1.0,0.4492371122179271,0.4492371122179271,112.38595166215771,-1.0,181.2125629820832,25.98371811722688,-1.0,77.73067237452331,11.08650964670087,1.531757575511582e-05,-1.0,-1.0,0.5210607402334259
