target_id,prot_ps,prot_acf,prot_cs,e_prot_ps,E_prot_ps,e_prot_acf,E_prot_acf,e_prot_cs,E_prot_cs,sph_ps,sph_acf,sph_cs,e_sph_ps,e_sph_acf,e_sph_cs,h_ps,fa_prob_ps,hacf,gacf,hcs
10263883,54.05612129624934,57.377726800739765,1.939972002301365,7.389056098930637,7.389056098930637,-1.0,-1.0,0.058703482388570795,0.058703482388570795,584.73947216841,593.305202250364,446.376511830153,61.037701973883706,84.38622084482172,86.712352917961,12.215432721726186,4.95341796481047e-06,0.12511664981807816,0.035714042027631565,0.7892666036544249
