target_id,prot_ps,prot_acf,prot_cs,e_prot_ps,E_prot_ps,e_prot_acf,E_prot_acf,e_prot_cs,E_prot_cs,sph_ps,sph_acf,sph_cs,e_sph_ps,e_sph_acf,e_sph_cs,h_ps,fa_prob_ps,hacf,gacf,hcs
10219501,1.766702738048813,-1.0,1.2795716311223804,2.00196268660824,2.00196268660824,-1.0,-1.0,0.13001553876828595,0.13001553876828595,317.8620129778576,-1.0,314.5001060813623,42.94748830410376,-1.0,44.69776830124622,20.088711335910677,1.8861816622793737e-09,-1.0,-1.0,0.11310884972945627
