target_id,prot_ps,prot_acf,prot_cs,e_prot_ps,E_prot_ps,e_prot_acf,E_prot_acf,e_prot_cs,E_prot_cs,sph_ps,sph_acf,sph_cs,e_sph_ps,e_sph_acf,e_sph_cs,h_ps,fa_prob_ps,hacf,gacf,hcs
10387524,44.55977914009636,44.62727237865329,44.570617496988305,1.3226418134978437,1.3226418134978437,-1.0,-1.0,0.7168654392093943,0.7168654392093943,418.33060540990664,418.1135321205381,418.30856111083455,24.21712743553625,25.20087129642596,24.34803248572351,380.43299660263335,6.026273548464792e-166,1.0439664739185694,0.6207670625035472,0.9953990538330239
