target_id,prot_ps,prot_acf,prot_cs,e_prot_ps,E_prot_ps,e_prot_acf,E_prot_acf,e_prot_cs,E_prot_cs,sph_ps,sph_acf,sph_cs,e_sph_ps,e_sph_acf,e_sph_cs,h_ps,fa_prob_ps,hacf,gacf,hcs
10388647,1.4539062899727928,33.347809329628944,2.982737871539379,2.68977991853566,2.68977991853566,-1.0,-1.0,0.01344365113600539,0.01344365113600539,361.3485956381194,756.1065335436875,512.5436950589747,162.17265789023315,219.5512964207618,239.5508465979638,14.062021418716412,7.815228735646917e-07,0.3271524689277736,0.11171460281177346,3.5190902336672023
