target_id,prot_ps,prot_acf,prot_cs,e_prot_ps,E_prot_ps,e_prot_acf,E_prot_acf,e_prot_cs,E_prot_cs,sph_ps,sph_acf,sph_cs,e_sph_ps,e_sph_acf,e_sph_cs,h_ps,fa_prob_ps,hacf,gacf,hcs
10423825,7.483217664851288,15.305004313588142,15.393948280049136,0.5638843383387053,0.5638843383387053,-1.0,-1.0,0.7246755283252652,0.7246755283252652,1729.3997682972035,1748.2094004575893,1709.107647537109,690.9048373143389,749.9429252702158,788.3980073608636,28.994407332119728,2.557931379107446e-13,0.5841820490611525,0.32508048938482076,0.7334655946058434
