target_id,prot_ps,prot_acf,prot_cs,e_prot_ps,E_prot_ps,e_prot_acf,E_prot_acf,e_prot_cs,E_prot_cs,sph_ps,sph_acf,sph_cs,e_sph_ps,e_sph_acf,e_sph_cs,h_ps,fa_prob_ps,hacf,gacf,hcs
10425286,16.780696555112815,-1.0,0.9493595972843467,2.0798589688747553,2.0798589688747553,-1.0,-1.0,0.8952641390690311,0.8952641390690311,822.7606136959364,-1.0,433.9174339018124,306.6585213203448,-1.0,120.30237812102632,19.62936670778073,2.9858937900143214e-09,-1.0,-1.0,0.18476560225144123
