target_id,prot_ps,prot_acf,prot_cs,e_prot_ps,E_prot_ps,e_prot_acf,E_prot_acf,e_prot_cs,E_prot_cs,sph_ps,sph_acf,sph_cs,e_sph_ps,e_sph_acf,e_sph_cs,h_ps,fa_prob_ps,hacf,gacf,hcs
10417984,1.7817289259416642,3.5759275197051466,3.5551452764500904,0.0522180255963343,0.0522180255963343,-1.0,-1.0,0.01672903627795075,0.01672903627795075,16466.465374684372,16759.515578198192,16954.555941033675,6661.925981946482,6761.482871144752,6735.313030292951,1115.887220700937,0.0,1.4185751327217553,0.8566028345985288,0.37586830587528014
