target_id,prot_ps,prot_acf,prot_cs,e_prot_ps,E_prot_ps,e_prot_acf,E_prot_acf,e_prot_cs,E_prot_cs,sph_ps,sph_acf,sph_cs,e_sph_ps,e_sph_acf,e_sph_cs,h_ps,fa_prob_ps,hacf,gacf,hcs
10471235,0.93526573280314,-1.0,5.324616747228428,1.2261611551774771,1.2261611551774771,-1.0,-1.0,0.6835996590984144,0.6835996590984144,106.48383702894486,-1.0,136.46859233461896,20.161670283051958,-1.0,62.33859378593476,43.24518066127253,1.6552236002831944e-19,-1.0,-1.0,0.054990365310599205
