target_id,prot_ps,prot_acf,prot_cs,e_prot_ps,E_prot_ps,e_prot_acf,E_prot_acf,e_prot_cs,E_prot_cs,sph_ps,sph_acf,sph_cs,e_sph_ps,e_sph_acf,e_sph_cs,h_ps,fa_prob_ps,hacf,gacf,hcs
10525584,7.331627910714902,-1.0,0.5740149727774942,7.389056098930647,7.389056098930647,-1.0,-1.0,0.012214432772890672,0.012214432772890672,681.2456110770918,-1.0,435.2613976582133,193.03548480164454,-1.0,74.99808846059469,14.821956465927272,3.655157504029657e-07,-1.0,-1.0,0.3041657848793505
