target_id,prot_ps,prot_acf,prot_cs,e_prot_ps,E_prot_ps,e_prot_acf,E_prot_acf,e_prot_cs,E_prot_cs,sph_ps,sph_acf,sph_cs,e_sph_ps,e_sph_acf,e_sph_cs,h_ps,fa_prob_ps,hacf,gacf,hcs
10593097,7.5620345561758615,3.6371938241645694,7.561920538321231,0.3004495067718603,0.3004495067718603,-1.0,-1.0,0.020217181209086433,0.020217181209086433,1443.7829023686322,1204.1333895646308,1443.7829023686322,549.0267592925488,557.0947945690303,549.0267592925488,535.2821259290242,3.387867741155261e-233,0.4102054608960237,0.4521306434676553,2.454432425607705
