target_id,prot_ps,prot_acf,prot_cs,e_prot_ps,E_prot_ps,e_prot_acf,E_prot_acf,e_prot_cs,E_prot_cs,sph_ps,sph_acf,sph_cs,e_sph_ps,e_sph_acf,e_sph_cs,h_ps,fa_prob_ps,hacf,gacf,hcs
10599193,6.868801842298027,-1.0,6.948711129598143,2.4602036013687587,2.4602036013687587,-1.0,-1.0,0.030527239263226386,0.030527239263226386,192.03752875107176,-1.0,195.00723416485067,70.36018518912663,-1.0,77.3654670112963,30.540843605466673,5.4485400739474866e-14,-1.0,-1.0,0.16090263131770077
