target_id,prot_ps,prot_acf,prot_cs,e_prot_ps,E_prot_ps,e_prot_acf,E_prot_acf,e_prot_cs,E_prot_cs,sph_ps,sph_acf,sph_cs,e_sph_ps,e_sph_acf,e_sph_cs,h_ps,fa_prob_ps,hacf,gacf,hcs
10554767,0.6149881588414021,33.368573060724884,0.41276495764032,7.3890560903570215,7.3890560903570215,-1.0,-1.0,0.25494310072656284,0.25494310072656284,823.0671818773945,1022.1651088392914,794.7007072166788,213.57095415204893,180.48435183133424,158.69255117789547,16.022734111226725,1.1000564973708345e-07,0.03087879000564302,0.0047252039693968,0.3152704553857078
