target_id,prot_ps,prot_acf,prot_cs,e_prot_ps,E_prot_ps,e_prot_acf,E_prot_acf,e_prot_cs,E_prot_cs,sph_ps,sph_acf,sph_cs,e_sph_ps,e_sph_acf,e_sph_cs,h_ps,fa_prob_ps,hacf,gacf,hcs
10610954,1.0338388827398508,58.66572540951893,0.5883127001251648,0.9591902485900982,0.9591902485900982,-1.0,-1.0,0.013875823040844426,0.013875823040844426,670.9473796696408,817.7457269888664,660.852733162939,95.31798215020743,125.59433621194736,96.1527670384475,15.647162867669724,1.6014873373443243e-07,0.0999305974433907,0.06353995177243293,0.1882286904319174
