target_id,prot_ps,prot_acf,prot_cs,e_prot_ps,E_prot_ps,e_prot_acf,E_prot_acf,e_prot_cs,E_prot_cs,sph_ps,sph_acf,sph_cs,e_sph_ps,e_sph_acf,e_sph_cs,h_ps,fa_prob_ps,hacf,gacf,hcs
10667611,0.2421444191818534,52.84150049183518,0.9699868632433934,0.28279392740062825,0.28279392740062825,-1.0,-1.0,0.02400660370734601,0.02400660370734601,424.54762789426445,521.1597938840906,438.0631808901467,54.67643846739745,30.115292557553964,41.48912336354728,13.91908024824928,9.016131868723979e-07,0.0395895954762637,0.036150161259454076,0.45701069891435486
