target_id,prot_ps,prot_acf,prot_cs,e_prot_ps,E_prot_ps,e_prot_acf,E_prot_acf,e_prot_cs,E_prot_cs,sph_ps,sph_acf,sph_cs,e_sph_ps,e_sph_acf,e_sph_cs,h_ps,fa_prob_ps,hacf,gacf,hcs
10615416,0.5663329565649518,56.90843469463289,0.6485334348025923,1.5178303450368569,1.5178303450368569,-1.0,-1.0,0.013510038757184404,0.013510038757184404,262.2338132384734,617.6656420936959,273.6148983917331,68.95024387976507,193.1119614399595,78.61175589076322,22.52872339713922,1.6439921682776107e-10,0.22212298688200688,0.11527220341223617,0.1849491424375838
