target_id,prot_ps,prot_acf,prot_cs,e_prot_ps,E_prot_ps,e_prot_acf,E_prot_acf,e_prot_cs,E_prot_cs,sph_ps,sph_acf,sph_cs,e_sph_ps,e_sph_acf,e_sph_cs,h_ps,fa_prob_ps,hacf,gacf,hcs
10746148,0.18180489447752796,-1.0,3.135581518057767,0.41200821561290824,0.41200821561290824,-1.0,-1.0,0.31228434036149955,0.31228434036149955,446.42253118495944,-1.0,568.4400680852414,72.74950699769211,-1.0,154.08797035730478,18.421534081561294,9.991470263800663e-09,-1.0,-1.0,0.23126075938916904
