target_id,prot_ps,prot_acf,prot_cs,e_prot_ps,E_prot_ps,e_prot_acf,E_prot_acf,e_prot_cs,E_prot_cs,sph_ps,sph_acf,sph_cs,e_sph_ps,e_sph_acf,e_sph_cs,h_ps,fa_prob_ps,hacf,gacf,hcs
10750347,2.146443597259205,2.1455607167445123,2.123402091270953,0.0730301061716683,0.0730301061716683,-1.0,-1.0,0.008753148533998239,0.008753148533998239,1320.041957197469,1320.041957197469,1324.3983685707212,564.2313573791562,564.2313573791562,535.8471399295668,6723.044048256453,0.0,1.510586645195553,0.8931180126068484,0.966178273490366
