target_id,prot_ps,prot_acf,prot_cs,e_prot_ps,E_prot_ps,e_prot_acf,E_prot_acf,e_prot_cs,E_prot_cs,sph_ps,sph_acf,sph_cs,e_sph_ps,e_sph_acf,e_sph_cs,h_ps,fa_prob_ps,hacf,gacf,hcs
10776637,8.846098354156513,8.868234163150191,8.875822384019765,0.26810405662556147,0.26810405662556147,-1.0,-1.0,0.08556710983823744,0.08556710983823744,3584.9749460319085,3586.1444633565225,3586.1980012237113,1096.8979622885963,1117.204317394867,1112.8444238894992,294.1370370819633,1.810955888875244e-128,0.9310211192812523,0.6091770274713955,0.969173064831295
