target_id,prot_ps,prot_acf,prot_cs,e_prot_ps,E_prot_ps,e_prot_acf,E_prot_acf,e_prot_cs,E_prot_cs,sph_ps,sph_acf,sph_cs,e_sph_ps,e_sph_acf,e_sph_cs,h_ps,fa_prob_ps,hacf,gacf,hcs
10716734,2.8982687957374558,40.23366591380909,2.9011767756236178,0.13328251050497913,0.13328251050497913,-1.0,-1.0,0.058204051025733214,0.058204051025733214,1728.482603212854,2729.220142063172,1728.482603212854,401.217903229971,0.0,401.217903229971,10.180874331305843,3.788806772095393e-05,0.6997558801132605,0.33815533626164995,2.16216796292524
