target_id,prot_ps,prot_acf,prot_cs,e_prot_ps,E_prot_ps,e_prot_acf,E_prot_acf,e_prot_cs,E_prot_cs,sph_ps,sph_acf,sph_cs,e_sph_ps,e_sph_acf,e_sph_cs,h_ps,fa_prob_ps,hacf,gacf,hcs
10717107,26.20866679949205,56.68165304046124,2.9950499088384452,1.169612360740893,1.169612360740893,-1.0,-1.0,0.08019316635127162,0.08019316635127162,512.5175123981173,535.1764858377916,477.1869325677456,60.192319922584126,73.79227373786331,39.13508900188111,15.359550813646992,2.135166943523254e-07,0.03720315520679325,0.009294960172318492,0.6095937088964964
