target_id,prot_ps,prot_acf,prot_cs,e_prot_ps,E_prot_ps,e_prot_acf,E_prot_acf,e_prot_cs,E_prot_cs,sph_ps,sph_acf,sph_cs,e_sph_ps,e_sph_acf,e_sph_cs,h_ps,fa_prob_ps,hacf,gacf,hcs
10793300,45.60989391969633,56.172191864810884,3.135548505518834,7.389056098930649,7.389056098930649,-1.0,-1.0,0.4783652109702767,0.4783652109702767,612.2103600432123,611.8117085772421,432.47232463869466,59.96127180604063,91.48477669126636,140.1520420392444,13.107448551049622,2.0300532148352217e-06,0.21053812778614628,0.08356693178827423,1.8073669558717975
