target_id,prot_ps,prot_acf,prot_cs,e_prot_ps,E_prot_ps,e_prot_acf,E_prot_acf,e_prot_cs,E_prot_cs,sph_ps,sph_acf,sph_cs,e_sph_ps,e_sph_acf,e_sph_cs,h_ps,fa_prob_ps,hacf,gacf,hcs
10800476,21.779018197125147,21.86404274776578,0.6310916385444838,1.0499681580169837,1.0499681580169837,-1.0,-1.0,0.03678304450227616,0.03678304450227616,429.35916686886367,427.1262655266095,320.4399652068721,43.08376586226536,49.37931265182263,36.796646406319255,32.138707447397856,1.1023936427437895e-14,0.21590764451620081,0.06177243912476268,0.219350845298065
