target_id,prot_ps,prot_acf,prot_cs,e_prot_ps,E_prot_ps,e_prot_acf,E_prot_acf,e_prot_cs,E_prot_cs,sph_ps,sph_acf,sph_cs,e_sph_ps,e_sph_acf,e_sph_cs,h_ps,fa_prob_ps,hacf,gacf,hcs
10855545,0.16050855352205254,0.2247734065167606,0.16183686093129754,1.0420231422519775,1.0420231422519775,-1.0,-1.0,0.01043330187544709,0.01043330187544709,635.9583123088875,640.3083169876477,635.9583123088875,112.11271856803955,105.80703078092617,112.11271856803955,13.094098568783192,2.057336097050379e-06,0.0005586171715837168,0.19196389249403686,0.010714958286401286
