target_id,prot_ps,prot_acf,prot_cs,e_prot_ps,E_prot_ps,e_prot_acf,E_prot_acf,e_prot_cs,E_prot_cs,sph_ps,sph_acf,sph_cs,e_sph_ps,e_sph_acf,e_sph_cs,h_ps,fa_prob_ps,hacf,gacf,hcs
10861332,0.4996638145783673,12.280654646456242,0.5904866515969232,7.389056098930552,7.389056098930552,-1.0,-1.0,0.009555727086523743,0.009555727086523743,559.8091241384986,740.3116878682466,567.7955503863319,102.51461412439632,196.91101966483274,108.56785750370213,13.424817717853664,1.4780044599967687e-06,2.878304208554089e-05,0.028360153394354933,11.443662795472891
