target_id,prot_ps,prot_acf,prot_cs,e_prot_ps,E_prot_ps,e_prot_acf,E_prot_acf,e_prot_cs,E_prot_cs,sph_ps,sph_acf,sph_cs,e_sph_ps,e_sph_acf,e_sph_cs,h_ps,fa_prob_ps,hacf,gacf,hcs
10816655,0.21246137382749083,55.90712222456932,0.4071841340995779,0.4122234217722812,0.4122234217722812,-1.0,-1.0,0.013378496958287415,0.013378496958287415,768.0006953823912,1091.3805665172144,792.3156767462995,155.37938703463163,255.97159345333273,180.06515506278657,15.168769167122349,2.5839687284031764e-07,0.07598232027812363,0.023400779901531478,0.4095381535424895
