target_id,prot_ps,prot_acf,prot_cs,e_prot_ps,E_prot_ps,e_prot_acf,E_prot_acf,e_prot_cs,E_prot_cs,sph_ps,sph_acf,sph_cs,e_sph_ps,e_sph_acf,e_sph_cs,h_ps,fa_prob_ps,hacf,gacf,hcs
10964141,8.93486126356812,8.868175352923572,8.85805827272408,0.345266387063171,0.345266387063171,-1.0,-1.0,0.05236926142448013,0.05236926142448013,4938.765990284778,5225.936746371605,5219.483173294304,2161.8621958998115,1917.7349418160707,1910.692751394703,252.38467958738357,2.458817742545329e-110,0.979314949608264,0.6345434104946918,0.9846176904879141
