target_id,prot_ps,prot_acf,prot_cs,e_prot_ps,E_prot_ps,e_prot_acf,E_prot_acf,e_prot_cs,E_prot_cs,sph_ps,sph_acf,sph_cs,e_sph_ps,e_sph_acf,e_sph_cs,h_ps,fa_prob_ps,hacf,gacf,hcs
10990374,0.10460469679218443,14.896348365582526,0.5461994400713593,0.14151782216112882,0.14151782216112882,-1.0,-1.0,0.3317374693998384,0.3317374693998384,558.5614537338024,857.1297091951672,636.156776146159,112.85222759347478,262.34039384206903,187.01353334069643,13.76268532624578,1.0542453803645959e-06,0.04320817992758486,0.08747130267903097,1.5574059086969692
