target_id,prot_ps,prot_acf,prot_cs,e_prot_ps,E_prot_ps,e_prot_acf,E_prot_acf,e_prot_cs,E_prot_cs,sph_ps,sph_acf,sph_cs,e_sph_ps,e_sph_acf,e_sph_cs,h_ps,fa_prob_ps,hacf,gacf,hcs
10927670,0.17926404462316725,-1.0,0.9634993338689964,7.3890560989306335,7.3890560989306335,-1.0,-1.0,0.017005919240690767,0.017005919240690767,338.02272727100257,-1.0,359.4589713100974,58.886878533108245,-1.0,57.3370597341318,15.400462476345776,2.049576475753052e-07,-1.0,-1.0,0.1386374108219762
