target_id,prot_ps,prot_acf,prot_cs,e_prot_ps,E_prot_ps,e_prot_acf,E_prot_acf,e_prot_cs,E_prot_cs,sph_ps,sph_acf,sph_cs,e_sph_ps,e_sph_acf,e_sph_cs,h_ps,fa_prob_ps,hacf,gacf,hcs
10904621,18.243951811922496,18.329007756896317,18.24341595034,0.563887805261547,0.563887805261547,-1.0,-1.0,0.12593059257107125,0.12593059257107125,2746.4584250242187,2748.578611250422,2746.4584250242187,476.31891141646935,465.35816234013527,476.31891141646935,532.639237079195,4.761222654376674e-232,1.1204005290647818,0.5599870050338869,0.9869277200543044
