target_id,prot_ps,prot_acf,prot_cs,e_prot_ps,E_prot_ps,e_prot_acf,E_prot_acf,e_prot_cs,E_prot_cs,sph_ps,sph_acf,sph_cs,e_sph_ps,e_sph_acf,e_sph_cs,h_ps,fa_prob_ps,hacf,gacf,hcs
10972910,0.7164010792313253,52.945164994802326,0.7080470733577386,0.520800991330818,0.520800991330818,-1.0,-1.0,0.2824722492749055,0.2824722492749055,872.8978666438024,2116.550716782169,867.4898084309832,72.16319700904,0.0,73.75045477542025,6.637458225118525,0.0013103536385365403,0.24890792381636828,0.29186428781627616,0.13861963020359666
