target_id,prot_ps,prot_acf,prot_cs,e_prot_ps,E_prot_ps,e_prot_acf,E_prot_acf,e_prot_cs,E_prot_cs,sph_ps,sph_acf,sph_cs,e_sph_ps,e_sph_acf,e_sph_cs,h_ps,fa_prob_ps,hacf,gacf,hcs
10973652,4.854071349463361,7.499175997450948,0.5331579091654708,1.8618502940795503,1.8618502940795503,-1.0,-1.0,0.009971006104642228,0.009971006104642228,329.91945354241295,347.10227644925186,221.71863976870745,83.06884390863895,75.44348635991867,86.04191079134276,16.100466014892405,1.017785955366123e-07,0.09233883617324179,0.0899636556466705,24.9909993802033
