target_id,prot_ps,prot_acf,prot_cs,e_prot_ps,E_prot_ps,e_prot_acf,E_prot_acf,e_prot_cs,E_prot_cs,sph_ps,sph_acf,sph_cs,e_sph_ps,e_sph_acf,e_sph_cs,h_ps,fa_prob_ps,hacf,gacf,hcs
10973876,0.6258077214683245,50.00120052462444,0.14264818867645582,0.735669994140237,0.735669994140237,-1.0,-1.0,0.011000875396824204,0.011000875396824204,194.95220024687833,277.88636198723935,132.95075223160194,54.162548306343545,60.42963417434323,33.10041952516892,14.265251959831332,6.377930623931839e-07,0.10137857210033968,0.05140488861850592,0.37369028889170386
