target_id,prot_ps,prot_acf,prot_cs,e_prot_ps,E_prot_ps,e_prot_acf,E_prot_acf,e_prot_cs,E_prot_cs,sph_ps,sph_acf,sph_cs,e_sph_ps,e_sph_acf,e_sph_cs,h_ps,fa_prob_ps,hacf,gacf,hcs
10989344,0.1489191625835567,-1.0,1.579081819607357,7.389056098930645,7.389056098930645,-1.0,-1.0,0.2697777199783444,0.2697777199783444,245.9995644433353,-1.0,351.75333702886553,52.46396629806032,-1.0,83.4836963231297,20.37221952624197,1.4205531112041773e-09,-1.0,-1.0,0.2609339066207863
