target_id,prot_ps,prot_acf,prot_cs,e_prot_ps,E_prot_ps,e_prot_acf,E_prot_acf,e_prot_cs,E_prot_cs,sph_ps,sph_acf,sph_cs,e_sph_ps,e_sph_acf,e_sph_cs,h_ps,fa_prob_ps,hacf,gacf,hcs
10935822,15.876596983028076,15.999791787005961,15.967859817334018,0.7328748371722115,0.7328748371722115,-1.0,-1.0,0.28587796959080275,0.28587796959080275,1923.5911746169331,1841.2123753792548,1921.4975832902053,563.290335097236,607.4308640520424,553.6037450459932,34.6560208907462,8.893677198750887e-16,0.4260679513915784,0.21721002482423885,0.977193979908413
