target_id,prot_ps,prot_acf,prot_cs,e_prot_ps,E_prot_ps,e_prot_acf,E_prot_acf,e_prot_cs,E_prot_cs,sph_ps,sph_acf,sph_cs,e_sph_ps,e_sph_acf,e_sph_cs,h_ps,fa_prob_ps,hacf,gacf,hcs
10991711,1.5249091600229836,54.06820522248745,1.4034029987454413,0.5958534901621404,0.5958534901621404,-1.0,-1.0,0.23509102618948405,0.23509102618948405,886.434803782323,1420.573789722357,870.7644136078518,347.4602025558222,439.52453892932886,323.5506629672067,31.39284848686729,2.3241231196238743e-14,0.24667180137911154,0.13639311737614937,0.09362101948273631
