target_id,prot_ps,prot_acf,prot_cs,e_prot_ps,E_prot_ps,e_prot_acf,E_prot_acf,e_prot_cs,E_prot_cs,sph_ps,sph_acf,sph_cs,e_sph_ps,e_sph_acf,e_sph_cs,h_ps,fa_prob_ps,hacf,gacf,hcs
10923810,11.97182459248244,-1.0,0.8667970874626189,4.943790912559606,4.943790912559606,-1.0,-1.0,0.11139614611477128,0.11139614611477128,618.5548159131921,-1.0,351.8512973588036,182.84035539350896,-1.0,81.84624701581797,15.16751543947993,2.5872103530577325e-07,-1.0,-1.0,0.2746015971748082
