target_id,prot_ps,prot_acf,prot_cs,e_prot_ps,E_prot_ps,e_prot_acf,E_prot_acf,e_prot_cs,E_prot_cs,sph_ps,sph_acf,sph_cs,e_sph_ps,e_sph_acf,e_sph_cs,h_ps,fa_prob_ps,hacf,gacf,hcs
11019790,2.936765821653997,-1.0,0.6271085292287172,7.389056098929471,7.389056098929471,-1.0,-1.0,1.4843175146792433,1.4843175146792433,226.09045513447055,-1.0,192.22801830361453,52.37563298161317,-1.0,21.66341726333236,15.4494048985737,1.9516804142610353e-07,-1.0,-1.0,0.13095417575548446
