target_id,prot_ps,prot_acf,prot_cs,e_prot_ps,E_prot_ps,e_prot_acf,E_prot_acf,e_prot_cs,E_prot_cs,sph_ps,sph_acf,sph_cs,e_sph_ps,e_sph_acf,e_sph_cs,h_ps,fa_prob_ps,hacf,gacf,hcs
11075115,0.35816616463734835,11.912701147142798,0.7889354910654948,1.1766560418081204,1.1766560418081204,-1.0,-1.0,0.5420940502886432,0.5420940502886432,1256.3387076770412,1725.0388937183598,1304.0760029628243,147.9581146342898,125.09299809810004,143.78121925193156,8.231808442210662,0.0002660547502883312,0.06987892331745593,0.04366509308167491,8.259175632012552
