target_id,prot_ps,prot_acf,prot_cs,e_prot_ps,E_prot_ps,e_prot_acf,E_prot_acf,e_prot_cs,E_prot_cs,sph_ps,sph_acf,sph_cs,e_sph_ps,e_sph_acf,e_sph_cs,h_ps,fa_prob_ps,hacf,gacf,hcs
11084804,0.13821607449581227,-1.0,4.059703314505763,7.389056098930552,7.389056098930552,-1.0,-1.0,0.015076953635245534,0.015076953635245534,313.71753780481606,-1.0,335.3620357516268,44.925026539367046,-1.0,26.221980780780335,22.051756368096406,2.648767829441702e-10,-1.0,-1.0,0.033937228792191625
