target_id,prot_ps,prot_acf,prot_cs,e_prot_ps,E_prot_ps,e_prot_acf,E_prot_acf,e_prot_cs,E_prot_cs,sph_ps,sph_acf,sph_cs,e_sph_ps,e_sph_acf,e_sph_cs,h_ps,fa_prob_ps,hacf,gacf,hcs
11175535,11.223520047853027,45.50591666577384,2.949839465445694,5.5462903593358925,5.5462903593358925,-1.0,-1.0,0.031095449781145146,0.031095449781145146,485.1618657007973,501.6140605026235,381.0412681556032,115.22143435970169,47.96514593854433,132.38723365217874,16.774070576268183,5.189358921525002e-08,0.03956368744206347,0.015209893403622023,0.5456425313024559
