target_id,prot_ps,prot_acf,prot_cs,e_prot_ps,E_prot_ps,e_prot_acf,E_prot_acf,e_prot_cs,E_prot_cs,sph_ps,sph_acf,sph_cs,e_sph_ps,e_sph_acf,e_sph_cs,h_ps,fa_prob_ps,hacf,gacf,hcs
11198419,5.7141820241357815,11.524594819173217,5.655328417722038,0.2239513599131161,0.2239513599131161,-1.0,-1.0,0.011066795701010284,0.011066795701010284,9146.223864312798,9402.03949691401,9062.399135067619,3525.750956184847,3035.6091868019694,3275.869873524063,379.9353485287466,9.912304936845357e-166,0.8559520088848105,0.5345088462803576,0.35439971153665256
