target_id,prot_ps,prot_acf,prot_cs,e_prot_ps,E_prot_ps,e_prot_acf,E_prot_acf,e_prot_cs,E_prot_cs,sph_ps,sph_acf,sph_cs,e_sph_ps,e_sph_acf,e_sph_cs,h_ps,fa_prob_ps,hacf,gacf,hcs
11152856,2.301889509770952,0.4904140904545784,2.3021966964461495,0.08767671299960737,0.08767671299960737,-1.0,-1.0,0.03606444811318563,0.03606444811318563,912.2372703104709,776.9781135861062,912.2372703104709,257.26051129281944,288.7272641270941,257.26051129281944,500.70324493536936,3.5264980945144527e-218,0.30926019206996314,0.4502086732303492,1.1444268117499403
