target_id,prot_ps,prot_acf,prot_cs,e_prot_ps,E_prot_ps,e_prot_acf,E_prot_acf,e_prot_cs,E_prot_cs,sph_ps,sph_acf,sph_cs,e_sph_ps,e_sph_acf,e_sph_cs,h_ps,fa_prob_ps,hacf,gacf,hcs
11144951,0.20188268723841482,-1.0,4.267453251171723,0.6238585320132899,0.6238585320132899,-1.0,-1.0,0.011353066506685522,0.011353066506685522,614.374267938512,-1.0,675.3906110930615,91.57060818191933,-1.0,74.5768076430977,13.865232709474652,9.51493758880349e-07,-1.0,-1.0,0.16549861549384393
