target_id,prot_ps,prot_acf,prot_cs,e_prot_ps,E_prot_ps,e_prot_acf,E_prot_acf,e_prot_cs,E_prot_cs,sph_ps,sph_acf,sph_cs,e_sph_ps,e_sph_acf,e_sph_cs,h_ps,fa_prob_ps,hacf,gacf,hcs
11181992,21.458339008096488,20.270141422748566,1.6782644957551103,3.086429897811956,3.086429897811956,-1.0,-1.0,0.010807106897386424,0.010807106897386424,1212.3791951529347,1211.4361306164626,792.5745044519889,299.55242871210226,308.2839856540705,371.97482811875005,28.639314974176155,3.648409191872891e-13,0.5061691735336442,0.23449403926921442,0.9775195263069542
