target_id,prot_ps,prot_acf,prot_cs,e_prot_ps,E_prot_ps,e_prot_acf,E_prot_acf,e_prot_cs,E_prot_cs,sph_ps,sph_acf,sph_cs,e_sph_ps,e_sph_acf,e_sph_cs,h_ps,fa_prob_ps,hacf,gacf,hcs
11193876,47.08105761359461,51.2886201729998,4.814591508032755,2.3186382445784415,2.3186382445784415,-1.0,-1.0,2.442920496624931,2.442920496624931,817.6599620813953,810.2575818427318,745.3562733155235,64.68658307913745,54.90982829420163,112.62272760289814,19.934839195631334,2.199932419129792e-09,0.06656059954048943,0.011352846874968943,0.37652175314780795
