target_id,prot_ps,prot_acf,prot_cs,e_prot_ps,E_prot_ps,e_prot_acf,E_prot_acf,e_prot_cs,E_prot_cs,sph_ps,sph_acf,sph_cs,e_sph_ps,e_sph_acf,e_sph_cs,h_ps,fa_prob_ps,hacf,gacf,hcs
11237218,0.13939315089661578,51.901441141963005,1.4652961985394357,7.389056098930649,7.389056098930649,-1.0,-1.0,1.173536001297186,1.173536001297186,341.6552494942916,500.69606086437665,382.7108167290858,47.69687759150518,28.609751254660427,48.90371117677,17.01616442109336,4.07355597879006e-08,0.10855642555899464,0.05348931381299453,0.28146027009542735
