target_id,prot_ps,prot_acf,prot_cs,e_prot_ps,E_prot_ps,e_prot_acf,E_prot_acf,e_prot_cs,E_prot_cs,sph_ps,sph_acf,sph_cs,e_sph_ps,e_sph_acf,e_sph_cs,h_ps,fa_prob_ps,hacf,gacf,hcs
11244430,11.489469421982113,22.43618183210492,1.6742987498464754,4.595063695699734,4.595063695699734,-1.0,-1.0,0.010471961633033364,0.010471961633033364,1333.1318861009518,1373.061721457689,892.312317568064,591.4103969627054,551.8996656150009,477.67473978745085,25.42922991371561,9.041193610185173e-12,0.3994376763024454,0.18428104817381102,1.8228368143378675
