target_id,prot_ps,prot_acf,prot_cs,e_prot_ps,E_prot_ps,e_prot_acf,E_prot_acf,e_prot_cs,E_prot_cs,sph_ps,sph_acf,sph_cs,e_sph_ps,e_sph_acf,e_sph_cs,h_ps,fa_prob_ps,hacf,gacf,hcs
11247347,15.367664536229642,-1.0,1.001774225155718,0.7576021298128346,0.7576021298128346,-1.0,-1.0,0.015175566488627558,0.015175566488627558,433.36618565698,-1.0,378.1953701735167,61.69649437769705,-1.0,34.72941963838728,20.15524319873561,1.7647740023821293e-09,-1.0,-1.0,0.07832887814820988
