target_id,prot_ps,prot_acf,prot_cs,e_prot_ps,E_prot_ps,e_prot_acf,E_prot_acf,e_prot_cs,E_prot_cs,sph_ps,sph_acf,sph_cs,e_sph_ps,e_sph_acf,e_sph_cs,h_ps,fa_prob_ps,hacf,gacf,hcs
11250662,45.873669976049605,-1.0,0.4061735258874644,7.389056098930649,7.389056098930649,-1.0,-1.0,0.009991986109283015,0.009991986109283015,722.3259998394269,-1.0,480.6490450821388,132.52137357772898,-1.0,80.33730085806764,15.762517288492486,1.4270057422183623e-07,-1.0,-1.0,0.20886813480717975
