target_id,prot_ps,prot_acf,prot_cs,e_prot_ps,E_prot_ps,e_prot_acf,E_prot_acf,e_prot_cs,E_prot_cs,sph_ps,sph_acf,sph_cs,e_sph_ps,e_sph_acf,e_sph_cs,h_ps,fa_prob_ps,hacf,gacf,hcs
11244208,0.15113559481478087,53.78144494071603,0.2648866310011156,7.389056098920749,7.389056098920749,-1.0,-1.0,0.011296045573761952,0.011296045573761952,181.8991251718223,226.89580406338027,184.0056716610016,27.299249174112145,49.96149831001661,22.97608252667296,13.611500745855833,1.2263101860857055e-06,0.1083456801128674,0.036276232594070625,0.18026704804434415
