target_id,prot_ps,prot_acf,prot_cs,e_prot_ps,E_prot_ps,e_prot_acf,E_prot_acf,e_prot_cs,E_prot_cs,sph_ps,sph_acf,sph_cs,e_sph_ps,e_sph_acf,e_sph_cs,h_ps,fa_prob_ps,hacf,gacf,hcs
11296813,0.13947854144471747,50.94117042934522,3.384635166432681,7.389056098626041,7.389056098626041,-1.0,-1.0,0.43873623051777744,0.43873623051777744,333.85820056244916,393.5645392612892,360.0817242718773,48.9595917533502,26.451888920551742,35.56405703774799,14.007697533723318,8.251525705389397e-07,0.05553096766001434,0.01079266386182464,0.26271401488799184
