target_id,prot_ps,prot_acf,prot_cs,e_prot_ps,E_prot_ps,e_prot_acf,E_prot_acf,e_prot_cs,E_prot_cs,sph_ps,sph_acf,sph_cs,e_sph_ps,e_sph_acf,e_sph_cs,h_ps,fa_prob_ps,hacf,gacf,hcs
11289187,37.42333247561939,-1.0,37.42392810003846,7.389056098930647,7.389056098930647,-1.0,-1.0,0.5271249675841128,0.5271249675841128,559.3430738694417,-1.0,559.3430738694417,25.511611818160304,-1.0,25.511611818160304,23.074307008113582,9.526991826754749e-11,-1.0,-1.0,0.05822651709314602
