target_id,prot_ps,prot_acf,prot_cs,e_prot_ps,E_prot_ps,e_prot_acf,E_prot_acf,e_prot_cs,E_prot_cs,sph_ps,sph_acf,sph_cs,e_sph_ps,e_sph_acf,e_sph_cs,h_ps,fa_prob_ps,hacf,gacf,hcs
11304440,9.476306385249385,9.562973644584417,9.538535393439949,0.37056648304980216,0.37056648304980216,-1.0,-1.0,0.1664538330491147,0.1664538330491147,4428.107283526077,4448.998692361039,4457.97048165727,2129.8137696669587,2087.5905387303414,2111.743381912245,111.48300458937246,3.833065855098643e-49,0.9530482590312861,0.5451384586261535,0.9749152249142576
