target_id,prot_ps,prot_acf,prot_cs,e_prot_ps,E_prot_ps,e_prot_acf,E_prot_acf,e_prot_cs,E_prot_cs,sph_ps,sph_acf,sph_cs,e_sph_ps,e_sph_acf,e_sph_cs,h_ps,fa_prob_ps,hacf,gacf,hcs
11305053,3.240932068568015,3.596340738236904,6.473413328826432,0.13823125576407264,0.13823125576407264,-1.0,-1.0,0.3173858093249047,0.3173858093249047,1261.5157386736405,1265.89889908602,1313.1979610755784,348.224178839711,337.0652461355827,306.7602243156729,73.59802867718697,1.0883842952583232e-32,0.10496850992413036,0.1608416713411456,0.4784574080388266
