target_id,prot_ps,prot_acf,prot_cs,e_prot_ps,E_prot_ps,e_prot_acf,E_prot_acf,e_prot_cs,E_prot_cs,sph_ps,sph_acf,sph_cs,e_sph_ps,e_sph_acf,e_sph_cs,h_ps,fa_prob_ps,hacf,gacf,hcs
11350468,52.636977297454145,53.94480988383293,0.10201296727641476,7.389056098930649,7.389056098930649,-1.0,-1.0,0.011122041591361943,0.011122041591361943,695.0391142666263,694.4249375691754,594.1237298944886,28.286913598768464,28.86214106235574,102.42664040769145,15.011980938200947,3.0225919133573235e-07,0.046941518188784066,0.008928070366976019,0.3825596866470558
