target_id,prot_ps,prot_acf,prot_cs,e_prot_ps,E_prot_ps,e_prot_acf,E_prot_acf,e_prot_cs,E_prot_cs,sph_ps,sph_acf,sph_cs,e_sph_ps,e_sph_acf,e_sph_cs,h_ps,fa_prob_ps,hacf,gacf,hcs
11443060,0.3668327253764289,57.295936001464725,1.2589167678495867,1.3539514280653573,1.3539514280653573,-1.0,-1.0,0.5442365050508455,0.5442365050508455,301.9144099803883,518.4228510730547,334.9930175829116,38.87168356383407,75.8326427153552,69.56866607702598,14.214068901666725,6.7128711407375e-07,0.1195581457939229,0.019567812623820586,0.4297444661229389
