target_id,prot_ps,prot_acf,prot_cs,e_prot_ps,E_prot_ps,e_prot_acf,E_prot_acf,e_prot_cs,E_prot_cs,sph_ps,sph_acf,sph_cs,e_sph_ps,e_sph_acf,e_sph_cs,h_ps,fa_prob_ps,hacf,gacf,hcs
11467460,12.582046837066517,11.27940121293068,12.580338550849353,0.4769272454239421,0.4769272454239421,-1.0,-1.0,0.25264771704936867,0.25264771704936867,2049.016601868239,2006.2876664508938,2049.016601868239,704.087366675647,733.7800222552828,704.087366675647,130.0054559324887,3.462165873302301e-57,0.3098981307249131,0.2364804708168017,1.0576258170876962
