target_id,prot_ps,prot_acf,prot_cs,e_prot_ps,E_prot_ps,e_prot_acf,E_prot_acf,e_prot_cs,E_prot_cs,sph_ps,sph_acf,sph_cs,e_sph_ps,e_sph_acf,e_sph_cs,h_ps,fa_prob_ps,hacf,gacf,hcs
11407745,4.8021519285499945,-1.0,4.808663101182319,2.420067063678278,2.420067063678278,-1.0,-1.0,0.12561382152936876,0.12561382152936876,284.2477732979796,-1.0,284.46285792379933,77.37344370682428,-1.0,78.00716163360349,19.924666959769684,2.222424855813478e-09,-1.0,-1.0,0.27612483757736306
