target_id,prot_ps,prot_acf,prot_cs,e_prot_ps,E_prot_ps,e_prot_acf,E_prot_acf,e_prot_cs,E_prot_cs,sph_ps,sph_acf,sph_cs,e_sph_ps,e_sph_acf,e_sph_cs,h_ps,fa_prob_ps,hacf,gacf,hcs
11413666,5.3462149155745795,54.884872399270535,0.567414921549764,3.562031872908524,3.562031872908524,-1.0,-1.0,0.01090845423220152,0.01090845423220152,726.2618355428092,829.7148224243808,582.9625309369496,211.995921242202,128.7277888963309,73.07068989890675,12.658065862660614,3.181792430235264e-06,0.1236498256960259,0.03923645225209329,0.21802759110585035
