target_id,prot_ps,prot_acf,prot_cs,e_prot_ps,E_prot_ps,e_prot_acf,E_prot_acf,e_prot_cs,E_prot_cs,sph_ps,sph_acf,sph_cs,e_sph_ps,e_sph_acf,e_sph_cs,h_ps,fa_prob_ps,hacf,gacf,hcs
11569695,7.681590533155713,6.538794636726379,7.676500457230411,1.2990173892705206,1.2990173892705206,-1.0,-1.0,0.03608047500228136,0.03608047500228136,473.69201506178905,449.1850081525164,473.48616696899387,166.3158369729006,134.02650540839295,167.5856355198678,56.36623729030566,3.314775949730636e-25,0.32034724899745437,0.34398334717880596,1.2382690609793525
