target_id,prot_ps,prot_acf,prot_cs,e_prot_ps,E_prot_ps,e_prot_acf,E_prot_acf,e_prot_cs,E_prot_cs,sph_ps,sph_acf,sph_cs,e_sph_ps,e_sph_acf,e_sph_cs,h_ps,fa_prob_ps,hacf,gacf,hcs
11569145,0.35316765457792126,25.297473672777414,1.5698714340029278,0.26693931444251245,0.26693931444251245,-1.0,-1.0,0.08810707766416265,0.08810707766416265,265.0173405796851,319.4789668326939,288.96269092797934,36.35160830309925,0.0,49.82585203312944,16.59786084320415,6.189287040042368e-08,0.023841313982017377,0.046165866530326546,0.07163881286097779
