target_id,prot_ps,prot_acf,prot_cs,e_prot_ps,E_prot_ps,e_prot_acf,E_prot_acf,e_prot_cs,E_prot_cs,sph_ps,sph_acf,sph_cs,e_sph_ps,e_sph_acf,e_sph_cs,h_ps,fa_prob_ps,hacf,gacf,hcs
11618997,25.164077341906225,24.888223562389612,25.089182232656494,0.8813715529256643,0.8813715529256643,-1.0,-1.0,0.45283556300117195,0.45283556300117195,3727.8531631362107,3726.3544527400604,3725.4328884412844,2294.8526884287635,2295.335307562412,2308.2484605540076,97.16105697989363,6.360468377175e-43,1.2102465402212093,0.6809488968322425,0.9842139071784014
