target_id,prot_ps,prot_acf,prot_cs,e_prot_ps,E_prot_ps,e_prot_acf,E_prot_acf,e_prot_cs,E_prot_cs,sph_ps,sph_acf,sph_cs,e_sph_ps,e_sph_acf,e_sph_cs,h_ps,fa_prob_ps,hacf,gacf,hcs
11602629,41.694300258897556,43.87098332028836,20.706660736628574,1.2819801520161078,1.2819801520161078,-1.0,-1.0,0.2728602527517846,0.2728602527517846,1425.8509508579282,1406.4326574167196,1376.1874249512932,306.04146834049374,318.78142333559936,369.381617662849,50.24419418231165,1.5108582450328703e-22,0.43529627321170783,0.16348361939509395,0.8943599429326229
