target_id,prot_ps,prot_acf,prot_cs,e_prot_ps,E_prot_ps,e_prot_acf,E_prot_acf,e_prot_cs,E_prot_cs,sph_ps,sph_acf,sph_cs,e_sph_ps,e_sph_acf,e_sph_cs,h_ps,fa_prob_ps,hacf,gacf,hcs
11754430,10.000421755755395,-1.0,5.687518656872041,7.389056098930649,7.389056098930649,-1.0,-1.0,0.03837943817803143,0.03837943817803143,261.91985416994515,-1.0,243.7928137277868,107.55910421578595,-1.0,87.3191109362391,19.374589470230323,3.852323091498468e-09,-1.0,-1.0,0.3059304744931857
