target_id,prot_ps,prot_acf,prot_cs,e_prot_ps,E_prot_ps,e_prot_acf,E_prot_acf,e_prot_cs,E_prot_cs,sph_ps,sph_acf,sph_cs,e_sph_ps,e_sph_acf,e_sph_cs,h_ps,fa_prob_ps,hacf,gacf,hcs
11758171,0.18323011886767346,-1.0,3.1355460045626393,7.389056098930649,7.389056098930649,-1.0,-1.0,1.5056465469302929,1.5056465469302929,200.88615763844675,-1.0,248.57249081627126,32.03058077406504,-1.0,53.177125445758584,14.286634137402956,6.243004229482582e-07,-1.0,-1.0,0.230262541120563
