target_id,prot_ps,prot_acf,prot_cs,e_prot_ps,E_prot_ps,e_prot_acf,E_prot_acf,e_prot_cs,E_prot_cs,sph_ps,sph_acf,sph_cs,e_sph_ps,e_sph_acf,e_sph_cs,h_ps,fa_prob_ps,hacf,gacf,hcs
11719895,0.19667334120500174,-1.0,3.0131668181717393,0.40645287682225467,0.40645287682225467,-1.0,-1.0,0.09278413935200273,0.09278413935200273,446.03976023056646,-1.0,548.6001171242428,74.04236072066547,-1.0,104.48858209530461,18.414023345146585,1.0066796085442163e-08,-1.0,-1.0,0.1753155086377149
