target_id,prot_ps,prot_acf,prot_cs,e_prot_ps,E_prot_ps,e_prot_acf,E_prot_acf,e_prot_cs,E_prot_cs,sph_ps,sph_acf,sph_cs,e_sph_ps,e_sph_acf,e_sph_cs,h_ps,fa_prob_ps,hacf,gacf,hcs
11759076,0.27621461059489233,-1.0,0.9581548252645636,0.35180361125951065,0.35180361125951065,-1.0,-1.0,0.013237791808804971,0.013237791808804971,446.06613936157027,-1.0,468.0058276345634,66.529644118485,-1.0,64.17301979466588,11.678294033616513,8.475812546362794e-06,-1.0,-1.0,0.30576635445287353
