target_id,prot_ps,prot_acf,prot_cs,e_prot_ps,E_prot_ps,e_prot_acf,E_prot_acf,e_prot_cs,E_prot_cs,sph_ps,sph_acf,sph_cs,e_sph_ps,e_sph_acf,e_sph_cs,h_ps,fa_prob_ps,hacf,gacf,hcs
11759221,14.166175975551178,27.626341234892607,14.197604609253558,1.0025123287758497,1.0025123287758497,-1.0,-1.0,0.601602066653766,0.601602066653766,1688.140217696504,1719.130491891603,1688.2137097587997,474.3455715328853,383.49612721498676,468.6038011689506,19.75914212301639,2.622488599077659e-09,0.4519668366663031,0.2289995712538303,0.9469049698208023
