target_id,prot_ps,prot_acf,prot_cs,e_prot_ps,E_prot_ps,e_prot_acf,E_prot_acf,e_prot_cs,E_prot_cs,sph_ps,sph_acf,sph_cs,e_sph_ps,e_sph_acf,e_sph_cs,h_ps,fa_prob_ps,hacf,gacf,hcs
11702531,0.10278972816576219,-1.0,2.228898008912801,0.26437234775798973,0.26437234775798973,-1.0,-1.0,1.4060640788622032,1.4060640788622032,329.52650121375564,-1.0,379.5581797291179,57.72963501751325,-1.0,56.84358738067186,12.473709282933145,3.825928852415531e-06,-1.0,-1.0,0.19515019938047756
