target_id,prot_ps,prot_acf,prot_cs,e_prot_ps,E_prot_ps,e_prot_acf,E_prot_acf,e_prot_cs,E_prot_cs,sph_ps,sph_acf,sph_cs,e_sph_ps,e_sph_acf,e_sph_cs,h_ps,fa_prob_ps,hacf,gacf,hcs
11870278,47.08052811945428,53.69993416965008,5.23469146718667,1.9374810208390503,1.9374810208390503,-1.0,-1.0,0.012322913832087553,0.012322913832087553,590.1654409567396,585.7938368923793,531.8519781432104,41.18383673377367,43.80239141706089,88.09828715231019,20.997659246015495,7.600330125578063e-10,0.08843574699940224,0.0038944936423937213,0.27884590707988355
