target_id,prot_ps,prot_acf,prot_cs,e_prot_ps,E_prot_ps,e_prot_acf,E_prot_acf,e_prot_cs,E_prot_cs,sph_ps,sph_acf,sph_cs,e_sph_ps,e_sph_acf,e_sph_cs,h_ps,fa_prob_ps,hacf,gacf,hcs
11870504,0.8261586342074142,51.595167024061084,1.9385657840693908,0.5541819953287825,0.5541819953287825,-1.0,-1.0,0.009678164574630804,0.009678164574630804,347.3148112080274,461.2412934914469,372.66457374896424,56.28459600818508,70.91136302158688,69.47182924677317,15.345476989425658,2.1654293622391984e-07,0.061713180582975,0.004810543546431635,0.3777982510902618
