target_id,prot_ps,prot_acf,prot_cs,e_prot_ps,E_prot_ps,e_prot_acf,E_prot_acf,e_prot_cs,E_prot_cs,sph_ps,sph_acf,sph_cs,e_sph_ps,e_sph_acf,e_sph_cs,h_ps,fa_prob_ps,hacf,gacf,hcs
11809071,7.187609444901726,-1.0,7.253083497253451,3.8056390453971662,3.8056390453971662,-1.0,-1.0,0.22895729204282406,0.22895729204282406,326.64334096532934,-1.0,343.66574840816986,80.36244884009984,-1.0,100.43672626423933,17.858298690996115,1.7548476656591372e-08,-1.0,-1.0,0.2863346043358922
