target_id,prot_ps,prot_acf,prot_cs,e_prot_ps,E_prot_ps,e_prot_acf,E_prot_acf,e_prot_cs,E_prot_cs,sph_ps,sph_acf,sph_cs,e_sph_ps,e_sph_acf,e_sph_cs,h_ps,fa_prob_ps,hacf,gacf,hcs
11823613,13.90013143406893,-1.0,0.2028502156299181,3.7539028510276236,3.7539028510276236,-1.0,-1.0,0.010716647469118204,0.010716647469118204,693.0880182215379,-1.0,594.5100582519043,49.34660201419305,-1.0,75.95399584732313,25.75549222029448,6.524268865290501e-12,-1.0,-1.0,0.05278588518569593
