target_id,prot_ps,prot_acf,prot_cs,e_prot_ps,E_prot_ps,e_prot_acf,E_prot_acf,e_prot_cs,E_prot_cs,sph_ps,sph_acf,sph_cs,e_sph_ps,e_sph_acf,e_sph_cs,h_ps,fa_prob_ps,hacf,gacf,hcs
11823879,28.60969285315488,-1.0,28.62822090156767,7.389056098930649,7.389056098930649,-1.0,-1.0,0.3156677802278831,0.3156677802278831,731.7123172753348,-1.0,731.7601581234998,78.3937005431978,-1.0,78.35617976015335,18.296326607567824,1.1324168299998691e-08,-1.0,-1.0,0.20749218249978416
