target_id,prot_ps,prot_acf,prot_cs,e_prot_ps,E_prot_ps,e_prot_acf,E_prot_acf,e_prot_cs,E_prot_cs,sph_ps,sph_acf,sph_cs,e_sph_ps,e_sph_acf,e_sph_cs,h_ps,fa_prob_ps,hacf,gacf,hcs
11963521,15.69176119886664,14.896150116808712,15.536132862567904,2.0885682451633594,2.0885682451633594,-1.0,-1.0,1.113793736652799,1.113793736652799,2289.484614198439,2267.7633155168146,2296.324162779651,882.1337712498531,906.3293723399199,895.9515147939295,67.50045445045765,4.840888795791496e-30,0.8442447724106943,0.4020499764184656,0.9176726289851879
