target_id,prot_ps,prot_acf,prot_cs,e_prot_ps,E_prot_ps,e_prot_acf,E_prot_acf,e_prot_cs,E_prot_cs,sph_ps,sph_acf,sph_cs,e_sph_ps,e_sph_acf,e_sph_cs,h_ps,fa_prob_ps,hacf,gacf,hcs
11905729,14.305423595756784,28.19841499440372,14.306579721113232,0.6337124497724897,0.6337124497724897,-1.0,-1.0,0.13282583835949596,0.13282583835949596,559.52899408808,601.8326100028717,559.52899408808,150.98368354110988,126.45078827399605,150.98368354110988,25.778298642215873,6.3771575545286245e-12,0.3452772956439052,0.10338531836298366,0.8892136750499915
