target_id,prot_ps,prot_acf,prot_cs,e_prot_ps,E_prot_ps,e_prot_acf,E_prot_acf,e_prot_cs,E_prot_cs,sph_ps,sph_acf,sph_cs,e_sph_ps,e_sph_acf,e_sph_cs,h_ps,fa_prob_ps,hacf,gacf,hcs
11913349,5.069287740003429,54.16908243438229,5.074420105670437,0.15096823303889528,0.15096823303889528,-1.0,-1.0,0.06867964719032235,0.06867964719032235,764.5497674640224,959.8407076912194,765.4882806107158,99.43948956393612,0.0,100.51325061335133,122.00203512007954,1.0355936204229485e-53,0.20444488752218765,0.09128589101292403,0.03087997378705292
