target_id,prot_ps,prot_acf,prot_cs,e_prot_ps,E_prot_ps,e_prot_acf,E_prot_acf,e_prot_cs,E_prot_cs,sph_ps,sph_acf,sph_cs,e_sph_ps,e_sph_acf,e_sph_cs,h_ps,fa_prob_ps,hacf,gacf,hcs
12061901,45.60861577519973,-1.0,3.074860399849713,7.389056098930649,7.389056098930649,-1.0,-1.0,0.13595244254872266,0.13595244254872266,706.427008639692,-1.0,486.1916203341036,75.4118931253805,-1.0,112.41373356064317,12.059570666256025,5.788886111873572e-06,-1.0,-1.0,0.4399305032206938
