target_id,prot_ps,prot_acf,prot_cs,e_prot_ps,E_prot_ps,e_prot_acf,E_prot_acf,e_prot_cs,E_prot_cs,sph_ps,sph_acf,sph_cs,e_sph_ps,e_sph_acf,e_sph_cs,h_ps,fa_prob_ps,hacf,gacf,hcs
12024466,13.272535199155714,-1.0,3.136980078555643,5.550840025916424,5.550840025916424,-1.0,-1.0,0.1493910299912574,0.1493910299912574,380.3052490305114,-1.0,282.3015866111671,89.92878373333963,-1.0,53.842318264592095,14.94435797561761,3.234057934995788e-07,-1.0,-1.0,0.302347426814992
