target_id,prot_ps,prot_acf,prot_cs,e_prot_ps,E_prot_ps,e_prot_acf,E_prot_acf,e_prot_cs,E_prot_cs,sph_ps,sph_acf,sph_cs,e_sph_ps,e_sph_acf,e_sph_cs,h_ps,fa_prob_ps,hacf,gacf,hcs
12052491,54.038405072971415,-1.0,3.661498296819628,7.389056096391524,7.389056096391524,-1.0,-1.0,1.4892063631731718,1.4892063631731718,688.5386153475316,-1.0,510.49572392672616,61.675175117491854,-1.0,90.52493010831354,16.01104307075191,1.1129927743306261e-07,-1.0,-1.0,0.18133483637019204
