target_id,prot_ps,prot_acf,prot_cs,e_prot_ps,E_prot_ps,e_prot_acf,E_prot_acf,e_prot_cs,E_prot_cs,sph_ps,sph_acf,sph_cs,e_sph_ps,e_sph_acf,e_sph_cs,h_ps,fa_prob_ps,hacf,gacf,hcs
12070182,19.71709148010769,38.84444367792457,3.805009506345402,7.38905609893055,7.38905609893055,-1.0,-1.0,0.04569620299204618,0.04569620299204618,1641.4782196177005,1646.6405316335822,1356.6423488878706,355.884712437605,347.40882744004523,365.08010855496667,15.460706966216833,1.9297465725618357e-07,0.27959876401155986,0.11039999813763318,0.8943470249997856
