target_id,prot_ps,prot_acf,prot_cs,e_prot_ps,E_prot_ps,e_prot_acf,E_prot_acf,e_prot_cs,E_prot_cs,sph_ps,sph_acf,sph_cs,e_sph_ps,e_sph_acf,e_sph_cs,h_ps,fa_prob_ps,hacf,gacf,hcs
12109724,0.23975378079603799,-1.0,1.981030525132131,0.4536579725949606,0.4536579725949606,-1.0,-1.0,0.011808803804652787,0.011808803804652787,761.5898200706235,-1.0,819.2048224962431,114.09094592545999,-1.0,128.7934815685988,11.192919442593674,1.3771360579428917e-05,-1.0,-1.0,0.21898184451457758
