target_id,prot_ps,prot_acf,prot_cs,e_prot_ps,E_prot_ps,e_prot_acf,E_prot_acf,e_prot_cs,E_prot_cs,sph_ps,sph_acf,sph_cs,e_sph_ps,e_sph_acf,e_sph_cs,h_ps,fa_prob_ps,hacf,gacf,hcs
12167160,0.38930803072055276,55.62045202963054,3.041110779219872,0.5421410554120739,0.5421410554120739,-1.0,-1.0,0.2902351824370361,0.2902351824370361,339.5529906989669,580.6031695201443,452.72582651054546,41.651523444387635,86.9847472340844,110.59815273169136,11.92258707217998,6.638748625976879e-06,0.1745450917690743,0.09668595101536921,0.3820107466838518
