target_id,prot_ps,prot_acf,prot_cs,e_prot_ps,E_prot_ps,e_prot_acf,E_prot_acf,e_prot_cs,E_prot_cs,sph_ps,sph_acf,sph_cs,e_sph_ps,e_sph_acf,e_sph_cs,h_ps,fa_prob_ps,hacf,gacf,hcs
12168690,1.3726806918224401,2.799414181150496,2.7654942720942195,0.0441583475425603,0.0441583475425603,-1.0,-1.0,0.12511366584951325,0.12511366584951325,1696.1784718813788,1779.0600125902497,1769.0278479263795,681.432821234934,625.7591572442096,619.943888604595,1458.3643146210097,0.0,1.1303170759080534,0.8098633577018861,0.19797365718434348
