target_id,prot_ps,prot_acf,prot_cs,e_prot_ps,E_prot_ps,e_prot_acf,E_prot_acf,e_prot_cs,E_prot_cs,sph_ps,sph_acf,sph_cs,e_sph_ps,e_sph_acf,e_sph_cs,h_ps,fa_prob_ps,hacf,gacf,hcs
12115447,0.18848229365285876,-1.0,0.6118013038768318,7.3890560988961855,7.3890560988961855,-1.0,-1.0,0.009948810184904105,0.009948810184904105,384.56760975472474,-1.0,409.18326134351145,65.11868330666051,-1.0,65.23801946022357,16.320609638210346,8.166750594783415e-08,-1.0,-1.0,0.29823676402809146
