target_id,prot_ps,prot_acf,prot_cs,e_prot_ps,E_prot_ps,e_prot_acf,E_prot_acf,e_prot_cs,E_prot_cs,sph_ps,sph_acf,sph_cs,e_sph_ps,e_sph_acf,e_sph_cs,h_ps,fa_prob_ps,hacf,gacf,hcs
12254187,0.26664938876076866,57.8680621907115,0.6343033144035607,0.3091195512116929,0.3091195512116929,-1.0,-1.0,0.011629904197351519,0.011629904197351519,305.47334011334493,464.46555871742237,314.6435437490098,43.65489160557499,41.80841525441244,41.192921228244025,13.387344413969462,1.5344409979477331e-06,0.1364565146670306,0.03387006937528521,0.46110759987705235
