target_id,prot_ps,prot_acf,prot_cs,e_prot_ps,E_prot_ps,e_prot_acf,E_prot_acf,e_prot_cs,E_prot_cs,sph_ps,sph_acf,sph_cs,e_sph_ps,e_sph_acf,e_sph_cs,h_ps,fa_prob_ps,hacf,gacf,hcs
12207328,22.447319325272087,22.722211942076683,0.530690876979057,1.7184006101529299,1.7184006101529299,-1.0,-1.0,0.012996825017532056,0.012996825017532056,3691.349477931153,3652.141383756234,978.6046782052041,1643.024247088498,1726.502334847146,536.9136548547111,16.950211486134386,4.351276532586924e-08,0.39108835383669005,0.05100691611341517,4.996128836602796
