target_id,prot_ps,prot_acf,prot_cs,e_prot_ps,E_prot_ps,e_prot_acf,E_prot_acf,e_prot_cs,E_prot_cs,sph_ps,sph_acf,sph_cs,e_sph_ps,e_sph_acf,e_sph_cs,h_ps,fa_prob_ps,hacf,gacf,hcs
12316598,0.15260544000331355,-1.0,0.5066673603125764,7.389056098930649,7.389056098930649,-1.0,-1.0,0.012431617514507422,0.012431617514507422,380.1608946364705,-1.0,392.95314604222506,58.97017238516997,-1.0,48.88816564742442,15.29327090025636,2.281480902365844e-07,-1.0,-1.0,0.23480054693508526
