target_id,prot_ps,prot_acf,prot_cs,e_prot_ps,E_prot_ps,e_prot_acf,E_prot_acf,e_prot_cs,E_prot_cs,sph_ps,sph_acf,sph_cs,e_sph_ps,e_sph_acf,e_sph_cs,h_ps,fa_prob_ps,hacf,gacf,hcs
12417766,0.6649202415329278,-1.0,1.2542226320039482,1.3927805792321832,1.3927805792321832,-1.0,-1.0,0.09020887959760453,0.09020887959760453,716.6113222389475,-1.0,737.212907151228,89.31782553914329,-1.0,91.51964537987818,12.47882465924018,3.806407758050758e-06,-1.0,-1.0,0.2393794361717272
