target_id,prot_ps,prot_acf,prot_cs,e_prot_ps,E_prot_ps,e_prot_acf,E_prot_acf,e_prot_cs,E_prot_cs,sph_ps,sph_acf,sph_cs,e_sph_ps,e_sph_acf,e_sph_cs,h_ps,fa_prob_ps,hacf,gacf,hcs
12401377,0.35693168922084434,-1.0,3.499670737520792,1.019166846445443,1.019166846445443,-1.0,-1.0,0.4192097946500947,0.4192097946500947,604.4334835076374,-1.0,743.660125882926,111.2612175395434,-1.0,143.3687506044648,13.388088521379906,1.5332996337317205e-06,-1.0,-1.0,0.3078175820404459
