target_id,prot_ps,prot_acf,prot_cs,e_prot_ps,E_prot_ps,e_prot_acf,E_prot_acf,e_prot_cs,E_prot_cs,sph_ps,sph_acf,sph_cs,e_sph_ps,e_sph_acf,e_sph_cs,h_ps,fa_prob_ps,hacf,gacf,hcs
12506035,47.066100887735026,-1.0,5.778640533611178,7.3890560989306,7.3890560989306,-1.0,-1.0,0.2606670294281595,0.2606670294281595,514.8912671191716,-1.0,451.6597065137234,40.48733133483626,-1.0,79.28735358485288,14.92512910841591,3.296846951711333e-07,-1.0,-1.0,0.1934198346428009
