target_id,prot_ps,prot_acf,prot_cs,e_prot_ps,E_prot_ps,e_prot_acf,E_prot_acf,e_prot_cs,E_prot_cs,sph_ps,sph_acf,sph_cs,e_sph_ps,e_sph_acf,e_sph_cs,h_ps,fa_prob_ps,hacf,gacf,hcs
12600831,45.95277345789523,51.08428653329611,2.930603349842131,7.389056098930649,7.389056098930649,-1.0,-1.0,0.23891219715594691,0.23891219715594691,239.74257557046286,255.93309495700564,147.18826337611668,77.1786418612487,64.79939682330277,62.5095790610154,26.719953097027876,2.4869772541994954e-12,0.5289886832405548,0.2060640112380133,1.0865087095001822
