target_id,prot_ps,prot_acf,prot_cs,e_prot_ps,E_prot_ps,e_prot_acf,E_prot_acf,e_prot_cs,E_prot_cs,sph_ps,sph_acf,sph_cs,e_sph_ps,e_sph_acf,e_sph_cs,h_ps,fa_prob_ps,hacf,gacf,hcs
1163248,47.06731929498614,59.625770832411945,5.745410205785225,7.389056098930004,7.389056098930004,-1.0,-1.0,0.017812730335775302,0.017812730335775302,540.8584135056456,541.7759449886153,439.64625243300173,85.01640014682759,41.77808110221658,145.1653107243502,19.24594629595452,4.38118633735616e-09,0.27194838609297434,0.1354940025645135,0.5729042353751009
