target_id,prot_ps,prot_acf,prot_cs,e_prot_ps,E_prot_ps,e_prot_acf,E_prot_acf,e_prot_cs,E_prot_cs,sph_ps,sph_acf,sph_cs,e_sph_ps,e_sph_acf,e_sph_cs,h_ps,fa_prob_ps,hacf,gacf,hcs
2012265,16.585221565688364,34.51256757695228,1.3621123432288655,4.740711360620464,4.740711360620464,-1.0,-1.0,2.235400469929394,2.235400469929394,1671.2804947751044,1729.5700644126805,816.7370948581602,461.7961968741598,408.7751853859137,265.21698776453894,11.801181882673438,7.495693647399248e-06,0.239696884264134,0.020623421337817915,4.308152776316194
