target_id,prot_ps,prot_acf,prot_cs,e_prot_ps,E_prot_ps,e_prot_acf,E_prot_acf,e_prot_cs,E_prot_cs,sph_ps,sph_acf,sph_cs,e_sph_ps,e_sph_acf,e_sph_cs,h_ps,fa_prob_ps,hacf,gacf,hcs
2300631,4.71004397682366,2.595086782705039,4.65700289104315,3.203719203888938,3.203719203888938,-1.0,-1.0,0.013942700283833567,0.013942700283833567,1076.6744119956934,979.6168448771234,1059.8175506605905,272.94054424495937,241.48285355732784,266.615183718001,73.93853398963368,7.742882847478513e-33,0.2880111105484858,0.34802602664987853,4.170520723998612
