target_id,prot_ps,prot_acf,prot_cs,e_prot_ps,E_prot_ps,e_prot_acf,E_prot_acf,e_prot_cs,E_prot_cs,sph_ps,sph_acf,sph_cs,e_sph_ps,e_sph_acf,e_sph_cs,h_ps,fa_prob_ps,hacf,gacf,hcs
2301910,7.185860801160639,-1.0,7.145124123052804,0.38765108976169876,0.38765108976169876,-1.0,-1.0,0.456816855768182,0.456816855768182,416.29349978101783,-1.0,416.9128471806619,43.11055628892452,-1.0,45.15983331924268,17.269560447948667,3.1617330031914505e-08,-1.0,-1.0,0.5917506402179553
