target_id,prot_ps,prot_acf,prot_cs,e_prot_ps,E_prot_ps,e_prot_acf,E_prot_acf,e_prot_cs,E_prot_cs,sph_ps,sph_acf,sph_cs,e_sph_ps,e_sph_acf,e_sph_cs,h_ps,fa_prob_ps,hacf,gacf,hcs
2437852,11.14444740576079,10.911616285331547,11.100571531674229,0.46338737155046245,0.46338737155046245,-1.0,-1.0,0.25579247125791676,0.25579247125791676,5334.5232106362555,5375.475534442184,5342.146888350397,1456.9775451228725,1535.944240517113,1490.2955091238148,59.78547521554452,1.08517059201893e-26,0.7888071183563079,0.5223280262639926,0.9688243912805958
