target_id,prot_ps,prot_acf,prot_cs,e_prot_ps,E_prot_ps,e_prot_acf,E_prot_acf,e_prot_cs,E_prot_cs,sph_ps,sph_acf,sph_cs,e_sph_ps,e_sph_acf,e_sph_cs,h_ps,fa_prob_ps,hacf,gacf,hcs
2580654,3.2400621620407506,-1.0,1.1883114742355503,7.389056098930647,7.389056098930647,-1.0,-1.0,0.01716501337215098,0.01716501337215098,335.8866628939853,-1.0,290.29335018059993,87.65074149623962,-1.0,63.22194030290134,15.542220662612523,1.7786861759021635e-07,-1.0,-1.0,0.5096214351885768
