target_id,prot_ps,prot_acf,prot_cs,e_prot_ps,E_prot_ps,e_prot_acf,E_prot_acf,e_prot_cs,E_prot_cs,sph_ps,sph_acf,sph_cs,e_sph_ps,e_sph_acf,e_sph_cs,h_ps,fa_prob_ps,hacf,gacf,hcs
2858010,0.14218708409821137,-1.0,2.786147717828862,7.389056098504924,7.389056098504924,-1.0,-1.0,0.36701508632133034,0.36701508632133034,874.2108952988299,-1.0,1070.9510016244785,163.72303324379592,-1.0,277.5933871641832,14.587653389503153,4.620219715614616e-07,-1.0,-1.0,0.3188889512757474
