target_id,prot_ps,prot_acf,prot_cs,e_prot_ps,E_prot_ps,e_prot_acf,E_prot_acf,e_prot_cs,E_prot_cs,sph_ps,sph_acf,sph_cs,e_sph_ps,e_sph_acf,e_sph_cs,h_ps,fa_prob_ps,hacf,gacf,hcs
2996143,15.96904748194757,15.979149533435702,16.009482566338004,0.5347609016541865,0.5347609016541865,-1.0,-1.0,0.14668620856435272,0.14668620856435272,6508.330058279619,6509.052505152601,6509.207279271964,1785.4244482527622,1775.9004764929975,1772.6866088672484,215.60670784716797,2.3077912407476364e-94,1.0674863265744534,0.5893029850268389,0.9675646588770003
