target_id,prot_ps,prot_acf,prot_cs,e_prot_ps,E_prot_ps,e_prot_acf,E_prot_acf,e_prot_cs,E_prot_cs,sph_ps,sph_acf,sph_cs,e_sph_ps,e_sph_acf,e_sph_cs,h_ps,fa_prob_ps,hacf,gacf,hcs
2973605,16.96787558707604,17.08264342136681,17.129641124559562,0.8570472902792671,0.8570472902792671,-1.0,-1.0,0.6566497713229372,0.6566497713229372,2468.951766419869,2463.143445525675,2458.612963950912,761.7062198584288,758.9925685876368,765.4075078483229,76.04544966018304,9.416311972846032e-34,0.6772821250358312,0.4045806920878625,0.9736861006323547
