target_id,prot_ps,prot_acf,prot_cs,e_prot_ps,E_prot_ps,e_prot_acf,E_prot_acf,e_prot_cs,E_prot_cs,sph_ps,sph_acf,sph_cs,e_sph_ps,e_sph_acf,e_sph_cs,h_ps,fa_prob_ps,hacf,gacf,hcs
2995913,2.942610841265715,-1.0,1.5025879091664627,1.2359620013456458,1.2359620013456458,-1.0,-1.0,0.04092921423457664,0.04092921423457664,481.6710878697006,-1.0,390.5173994310824,183.71025604848174,-1.0,134.56580485689886,15.467108016643005,1.9174336174065457e-07,-1.0,-1.0,0.2966895440008462
