target_id,prot_ps,prot_acf,prot_cs,e_prot_ps,E_prot_ps,e_prot_acf,E_prot_acf,e_prot_cs,E_prot_cs,sph_ps,sph_acf,sph_cs,e_sph_ps,e_sph_acf,e_sph_cs,h_ps,fa_prob_ps,hacf,gacf,hcs
3220719,12.46564221617777,-1.0,4.454452740924116,7.389056098930629,7.389056098930629,-1.0,-1.0,0.08908119997317693,0.08908119997317693,168.33373801104622,-1.0,134.1208927114256,68.07495373106217,-1.0,65.20861906115067,18.01695451766126,1.4973939437429922e-08,-1.0,-1.0,0.3575079659617278
