target_id,prot_ps,prot_acf,prot_cs,e_prot_ps,E_prot_ps,e_prot_acf,E_prot_acf,e_prot_cs,E_prot_cs,sph_ps,sph_acf,sph_cs,e_sph_ps,e_sph_acf,e_sph_cs,h_ps,fa_prob_ps,hacf,gacf,hcs
3217161,5.498779818908995,11.238542012870312,5.540387870955153,0.17703777759584516,0.17703777759584516,-1.0,-1.0,0.03518476168988308,0.03518476168988308,2041.1120736037835,2144.3933702259374,2043.9453159585903,685.8982396138854,522.5328973118461,682.519284828963,149.30761612388787,1.4339242560378331e-65,0.7666907309698874,0.4482109070235329,0.34437860923494845
