target_id,prot_ps,prot_acf,prot_cs,e_prot_ps,E_prot_ps,e_prot_acf,E_prot_acf,e_prot_cs,E_prot_cs,sph_ps,sph_acf,sph_cs,e_sph_ps,e_sph_acf,e_sph_cs,h_ps,fa_prob_ps,hacf,gacf,hcs
3338822,8.571290029911818,8.602595812641084,8.558227528902128,0.39142694754087815,0.39142694754087815,-1.0,-1.0,0.1801601591282934,0.1801601591282934,3647.116075146008,3639.4333632919866,3656.6016001090397,1203.521840046471,1204.7448006597099,1190.3754125568373,141.9876177859287,2.1655145046316375e-62,1.0092185962432094,0.6028888666242455,0.9027478526570036
