target_id,prot_ps,prot_acf,prot_cs,e_prot_ps,E_prot_ps,e_prot_acf,E_prot_acf,e_prot_cs,E_prot_cs,sph_ps,sph_acf,sph_cs,e_sph_ps,e_sph_acf,e_sph_cs,h_ps,fa_prob_ps,hacf,gacf,hcs
3432760,5.193479762512535,21.271648155525327,5.200826021656393,0.2599036616586551,0.2599036616586551,-1.0,-1.0,0.20165051449560903,0.20165051449560903,524.232042582235,608.9299611040603,524.4358365905797,182.10635283728752,100.54130099716284,182.79484568111604,194.7616535582264,2.606685122918263e-85,0.4479240747073323,0.2743337510874365,11.2769409922514
