target_id,prot_ps,prot_acf,prot_cs,e_prot_ps,E_prot_ps,e_prot_acf,E_prot_acf,e_prot_cs,E_prot_cs,sph_ps,sph_acf,sph_cs,e_sph_ps,e_sph_acf,e_sph_cs,h_ps,fa_prob_ps,hacf,gacf,hcs
3446721,26.48041353976623,-1.0,26.729655077378702,2.7996022154443954,2.7996022154443954,-1.0,-1.0,1.8447870042084704,1.8447870042084704,1295.7923216940942,-1.0,1278.27722948464,612.6440662864427,-1.0,665.0604662580753,16.899702125246005,4.576701850359814e-08,-1.0,-1.0,0.14653466936629256
