target_id,prot_ps,prot_acf,prot_cs,e_prot_ps,E_prot_ps,e_prot_acf,E_prot_acf,e_prot_cs,E_prot_cs,sph_ps,sph_acf,sph_cs,e_sph_ps,e_sph_acf,e_sph_cs,h_ps,fa_prob_ps,hacf,gacf,hcs
3533706,17.584568231210017,17.36866058781743,17.509833386791733,0.6675820986234667,0.6675820986234667,-1.0,-1.0,0.28486347303659815,0.28486347303659815,5193.609689607988,5185.801710927595,5201.209183261685,1956.1646698074694,1960.7631867265768,1945.7478430923109,154.35227272325753,9.239738647376269e-68,0.9324236895079598,0.5384817078330558,0.9611952973953827
