target_id,prot_ps,prot_acf,prot_cs,e_prot_ps,E_prot_ps,e_prot_acf,E_prot_acf,e_prot_cs,E_prot_cs,sph_ps,sph_acf,sph_cs,e_sph_ps,e_sph_acf,e_sph_cs,h_ps,fa_prob_ps,hacf,gacf,hcs
3744035,52.12479561181081,57.45968013070524,0.5259644973557829,7.389056098930312,7.389056098930312,-1.0,-1.0,0.20065607005144226,0.20065607005144226,266.161028290652,267.86906921152246,164.0717537059614,31.920590752445545,40.75448813234486,17.59929804453249,20.135090618066346,1.8006995330546768e-09,0.2568478878674902,0.1344538571472248,0.2157466702552707
