target_id,prot_ps,prot_acf,prot_cs,e_prot_ps,E_prot_ps,e_prot_acf,E_prot_acf,e_prot_cs,E_prot_cs,sph_ps,sph_acf,sph_cs,e_sph_ps,e_sph_acf,e_sph_cs,h_ps,fa_prob_ps,hacf,gacf,hcs
3860591,0.22128421389307015,-1.0,3.2973913074703893,0.38298679059883334,0.38298679059883334,-1.0,-1.0,0.48527830046262493,0.48527830046262493,400.6278198519981,-1.0,473.40370422615774,51.6797403005191,-1.0,91.9123156865065,15.533445004805959,1.7943640081574642e-07,-1.0,-1.0,0.25375748017371547
