target_id,prot_ps,prot_acf,prot_cs,e_prot_ps,E_prot_ps,e_prot_acf,E_prot_acf,e_prot_cs,E_prot_cs,sph_ps,sph_acf,sph_cs,e_sph_ps,e_sph_acf,e_sph_cs,h_ps,fa_prob_ps,hacf,gacf,hcs
3831820,5.2594101037550836,10.543790012598038,10.463485565409062,0.194149481404033,0.194149481404033,-1.0,-1.0,0.3848694876567211,0.3848694876567211,4696.196028781735,5021.636316219784,5012.928001472197,1895.5725990842618,1711.1807183682142,1699.335262531777,150.71644573384327,3.504929491595749e-66,0.9184948601703846,0.5439334410496011,0.5462591528992468
