target_id,prot_ps,prot_acf,prot_cs,e_prot_ps,E_prot_ps,e_prot_acf,E_prot_acf,e_prot_cs,E_prot_cs,sph_ps,sph_acf,sph_cs,e_sph_ps,e_sph_acf,e_sph_cs,h_ps,fa_prob_ps,hacf,gacf,hcs
3867977,0.28237933606087195,-1.0,0.693640957300054,0.4871406853801781,0.4871406853801781,-1.0,-1.0,0.01056502206619839,0.01056502206619839,357.32551573245735,-1.0,386.30444280247184,60.464698283876054,-1.0,124.75825775933376,17.686816458267884,2.0831148252187103e-08,-1.0,-1.0,0.3624811505642863
