target_id,prot_ps,prot_acf,prot_cs,e_prot_ps,E_prot_ps,e_prot_acf,E_prot_acf,e_prot_cs,E_prot_cs,sph_ps,sph_acf,sph_cs,e_sph_ps,e_sph_acf,e_sph_cs,h_ps,fa_prob_ps,hacf,gacf,hcs
3847368,22.804948662432825,-1.0,3.054432774111628,6.474112220195707,6.474112220195707,-1.0,-1.0,0.18669358984191273,0.18669358984191273,686.9312633767661,-1.0,448.2858143488504,200.01334939233672,-1.0,171.3727555772157,21.80471403351302,3.391040805111338e-10,-1.0,-1.0,0.24244141956649828
