target_id,prot_ps,prot_acf,prot_cs,e_prot_ps,E_prot_ps,e_prot_acf,E_prot_acf,e_prot_cs,E_prot_cs,sph_ps,sph_acf,sph_cs,e_sph_ps,e_sph_acf,e_sph_cs,h_ps,fa_prob_ps,hacf,gacf,hcs
3946621,2.623237424522456,2.6359454006887972,2.5864123778646504,0.1265526614146442,0.1265526614146442,-1.0,-1.0,0.016003291807314746,0.016003291807314746,1141.4535430325618,1140.573823630894,1143.8357111618684,399.89991820687044,391.20185719016956,401.4725749090081,1513.410762300654,0.0,1.3026154804477608,0.8330802542047452,0.5886822419897357
