target_id,prot_ps,prot_acf,prot_cs,e_prot_ps,E_prot_ps,e_prot_acf,E_prot_acf,e_prot_cs,E_prot_cs,sph_ps,sph_acf,sph_cs,e_sph_ps,e_sph_acf,e_sph_cs,h_ps,fa_prob_ps,hacf,gacf,hcs
3942111,12.36539403646581,36.576290810480714,17.553979476072744,1.2376842851297305,1.2376842851297305,-1.0,-1.0,0.15594963590208105,0.15594963590208105,1492.7504662833962,1553.24442845944,1515.8948552748468,446.2975261127485,284.5371232278175,386.7546632257462,19.920520731446263,2.2316586662120705e-09,0.2835478087665568,0.06330153908160248,0.7812149037452157
