target_id,prot_ps,prot_acf,prot_cs,e_prot_ps,E_prot_ps,e_prot_acf,E_prot_acf,e_prot_cs,E_prot_cs,sph_ps,sph_acf,sph_cs,e_sph_ps,e_sph_acf,e_sph_cs,h_ps,fa_prob_ps,hacf,gacf,hcs
3945683,3.0103223974540687,59.891154748387635,2.980166332390371,1.5125877559754635,1.5125877559754635,-1.0,-1.0,0.050172554424534534,0.050172554424534534,559.932740572673,813.4891118863785,559.5410081215684,201.9625134515325,221.94541685021542,186.38824457159677,22.655182027501947,1.4487033318299054e-10,0.25349449099114046,0.1936226029505378,0.32692197835930725
