target_id,prot_ps,prot_acf,prot_cs,e_prot_ps,E_prot_ps,e_prot_acf,E_prot_acf,e_prot_cs,E_prot_cs,sph_ps,sph_acf,sph_cs,e_sph_ps,e_sph_acf,e_sph_cs,h_ps,fa_prob_ps,hacf,gacf,hcs
3952668,28.61018330573726,-1.0,28.60741218247005,1.8388849334681847,1.8388849334681847,-1.0,-1.0,0.3202929479364603,0.3202929479364603,1403.5240819927171,-1.0,1403.5240819927171,469.1134513458698,-1.0,469.1134513458698,20.049632243878733,1.961351140352826e-09,-1.0,-1.0,0.3917320848270282
