target_id,prot_ps,prot_acf,prot_cs,e_prot_ps,E_prot_ps,e_prot_acf,E_prot_acf,e_prot_cs,E_prot_cs,sph_ps,sph_acf,sph_cs,e_sph_ps,e_sph_acf,e_sph_cs,h_ps,fa_prob_ps,hacf,gacf,hcs
3938173,3.21478805784854,-1.0,2.992506934725679,1.542267668198036,1.542267668198036,-1.0,-1.0,0.15437018525595778,0.15437018525595778,953.1761555742899,-1.0,923.0969801383806,856.7604297336076,-1.0,800.4296187024245,13.255486572592016,1.7507144913313061e-06,-1.0,-1.0,0.41750386606117346
