target_id,prot_ps,prot_acf,prot_cs,e_prot_ps,E_prot_ps,e_prot_acf,E_prot_acf,e_prot_cs,E_prot_cs,sph_ps,sph_acf,sph_cs,e_sph_ps,e_sph_acf,e_sph_cs,h_ps,fa_prob_ps,hacf,gacf,hcs
4067938,15.526478031435548,33.020912162959576,2.3489537062529413,1.7666030583499839,1.7666030583499839,-1.0,-1.0,0.012561884417182532,0.012561884417182532,1358.8767072474516,1477.473210317663,1015.4452728603014,448.9255912553392,353.8850252570262,276.46259533058577,16.720365112215514,5.475675415945179e-08,0.18450132860655238,0.07520672789571092,4.692369620611757
