target_id,prot_ps,prot_acf,prot_cs,e_prot_ps,E_prot_ps,e_prot_acf,E_prot_acf,e_prot_cs,E_prot_cs,sph_ps,sph_acf,sph_cs,e_sph_ps,e_sph_acf,e_sph_cs,h_ps,fa_prob_ps,hacf,gacf,hcs
4178279,0.1602780867677533,-1.0,2.9718773538619274,7.389056098930649,7.389056098930649,-1.0,-1.0,0.17077811455008288,0.17077811455008288,476.1828814755208,-1.0,591.0919347170179,80.75713717790053,-1.0,172.32494759924163,17.721437848839926,2.0122286624570757e-08,-1.0,-1.0,0.25208087283381736
