target_id,prot_ps,prot_acf,prot_cs,e_prot_ps,E_prot_ps,e_prot_acf,E_prot_acf,e_prot_cs,E_prot_cs,sph_ps,sph_acf,sph_cs,e_sph_ps,e_sph_acf,e_sph_cs,h_ps,fa_prob_ps,hacf,gacf,hcs
4177369,5.7049554537244695,-1.0,5.748227694946879,0.3311997149460422,0.3311997149460422,-1.0,-1.0,0.011249625464345013,0.011249625464345013,806.9731936251139,-1.0,858.4860701035456,315.59143173709117,-1.0,305.1872524719055,118.06671132773356,5.300035443331844e-52,-1.0,-1.0,0.39059447232101896
