target_id,prot_ps,prot_acf,prot_cs,e_prot_ps,E_prot_ps,e_prot_acf,E_prot_acf,e_prot_cs,E_prot_cs,sph_ps,sph_acf,sph_cs,e_sph_ps,e_sph_acf,e_sph_cs,h_ps,fa_prob_ps,hacf,gacf,hcs
4157092,47.06857599036686,-1.0,28.62179276362104,7.3890560989305785,7.3890560989305785,-1.0,-1.0,0.29754360760373016,0.29754360760373016,861.109569871153,-1.0,837.8761743228584,218.71667083752376,-1.0,264.77514113928453,20.81398454209569,9.13274574205429e-10,-1.0,-1.0,0.20536728938597046
