target_id,prot_ps,prot_acf,prot_cs,e_prot_ps,E_prot_ps,e_prot_acf,E_prot_acf,e_prot_cs,E_prot_cs,sph_ps,sph_acf,sph_cs,e_sph_ps,e_sph_acf,e_sph_cs,h_ps,fa_prob_ps,hacf,gacf,hcs
4150250,11.963252472917008,12.015006942674518,12.026700960925954,0.48137236176139664,0.48137236176139664,-1.0,-1.0,0.1375335493514434,0.1375335493514434,6021.4822325032965,5962.501538209427,5962.415844195903,2098.988995718115,2092.9356247365054,2089.4387196573202,108.57182186719673,7.044608669339309e-48,0.8669340969031809,0.550488314193385,0.9966091675971033
