target_id,prot_ps,prot_acf,prot_cs,e_prot_ps,E_prot_ps,e_prot_acf,E_prot_acf,e_prot_cs,E_prot_cs,sph_ps,sph_acf,sph_cs,e_sph_ps,e_sph_acf,e_sph_cs,h_ps,fa_prob_ps,hacf,gacf,hcs
4156956,10.970333686866537,-1.0,2.358664967451481,6.6778620601218,6.6778620601218,-1.0,-1.0,0.021451480547203923,0.021451480547203923,855.1493272462526,-1.0,645.2778699413651,194.7248899533757,-1.0,122.0048808189573,14.45232858264799,5.289729277635758e-07,-1.0,-1.0,0.2675841651215112
