target_id,prot_ps,prot_acf,prot_cs,e_prot_ps,E_prot_ps,e_prot_acf,E_prot_acf,e_prot_cs,E_prot_cs,sph_ps,sph_acf,sph_cs,e_sph_ps,e_sph_acf,e_sph_cs,h_ps,fa_prob_ps,hacf,gacf,hcs
4252435,0.1257769794259354,-1.0,3.8180267852032554,7.3890560989301495,7.3890560989301495,-1.0,-1.0,0.6318192067010101,0.6318192067010101,537.2575815939168,-1.0,610.1473928257531,91.09261802055605,-1.0,110.56784824183613,13.92991309326879,8.91898862833095e-07,-1.0,-1.0,0.1408586066192069
