target_id,prot_ps,prot_acf,prot_cs,e_prot_ps,E_prot_ps,e_prot_acf,E_prot_acf,e_prot_cs,E_prot_cs,sph_ps,sph_acf,sph_cs,e_sph_ps,e_sph_acf,e_sph_cs,h_ps,fa_prob_ps,hacf,gacf,hcs
4281035,0.3088188149491101,-1.0,2.9678096177343276,0.7145166980373889,0.7145166980373889,-1.0,-1.0,0.12104760915677101,0.12104760915677101,790.0577934132087,-1.0,2016.5054676586983,394.50031959605815,-1.0,1362.3703283095595,16.581562778870556,6.290986943004784e-08,-1.0,-1.0,0.5231078514310336
