target_id,prot_ps,prot_acf,prot_cs,e_prot_ps,E_prot_ps,e_prot_acf,E_prot_acf,e_prot_cs,E_prot_cs,sph_ps,sph_acf,sph_cs,e_sph_ps,e_sph_acf,e_sph_cs,h_ps,fa_prob_ps,hacf,gacf,hcs
4280659,0.1689611879811189,53.98602902330458,2.9587290143722216,1.133621363656769,1.133621363656769,-1.0,-1.0,0.10909066996282703,0.10909066996282703,322.77619631460675,2088.330490219518,1116.0495295456103,176.05953191110592,733.1047532532393,708.4582418535183,13.289171926718252,1.6927232646847162e-06,0.17773472393040085,0.01477732079427102,11.623945282314104
