target_id,prot_ps,prot_acf,prot_cs,e_prot_ps,E_prot_ps,e_prot_acf,E_prot_acf,e_prot_cs,E_prot_cs,sph_ps,sph_acf,sph_cs,e_sph_ps,e_sph_acf,e_sph_cs,h_ps,fa_prob_ps,hacf,gacf,hcs
4255379,14.450666046000572,14.405752387829125,14.431040851881612,0.4513819408574845,0.4513819408574845,-1.0,-1.0,0.12354423147893968,0.12354423147893968,2696.625847109112,2695.7047339546575,2698.065728754378,658.1006337410338,651.588068420312,654.7567262598973,300.349899758863,3.628239060801598e-131,1.0423098398377695,0.6555295846292277,0.9825932568548841
