target_id,prot_ps,prot_acf,prot_cs,e_prot_ps,E_prot_ps,e_prot_acf,E_prot_acf,e_prot_cs,E_prot_cs,sph_ps,sph_acf,sph_cs,e_sph_ps,e_sph_acf,e_sph_cs,h_ps,fa_prob_ps,hacf,gacf,hcs
4371625,6.35773713605525,13.772413725964725,0.7636129094054921,2.044849420239764,2.044849420239764,-1.0,-1.0,0.6024611199190351,0.6024611199190351,437.78470311497404,443.4351002696682,234.99512543994905,118.80344549778985,109.79149257471313,143.76918158864737,25.413633914848994,9.183305362308532e-12,0.20459885633320518,0.05084028647177279,1.2662766373360812
