target_id,prot_ps,prot_acf,prot_cs,e_prot_ps,E_prot_ps,e_prot_acf,E_prot_acf,e_prot_cs,E_prot_cs,sph_ps,sph_acf,sph_cs,e_sph_ps,e_sph_acf,e_sph_cs,h_ps,fa_prob_ps,hacf,gacf,hcs
4348954,47.081114971454035,-1.0,47.052895683729766,7.389056098930637,7.389056098930637,-1.0,-1.0,1.0308700726356645,1.0308700726356645,660.5677289483866,-1.0,660.6211349206018,124.3553993129617,-1.0,124.91379492168717,32.371604819470264,8.733546895126731e-15,-1.0,-1.0,0.24270711406958229
