target_id,prot_ps,prot_acf,prot_cs,e_prot_ps,E_prot_ps,e_prot_acf,E_prot_acf,e_prot_cs,E_prot_cs,sph_ps,sph_acf,sph_cs,e_sph_ps,e_sph_acf,e_sph_cs,h_ps,fa_prob_ps,hacf,gacf,hcs
4345755,5.709465263614627,46.343708043918014,5.2833461868762965,1.8501663847294627,1.8501663847294627,-1.0,-1.0,0.5173357895874479,0.5173357895874479,196.17952138964176,227.88832005751047,190.82307353169503,58.69122580208589,54.1166986805316,60.654821178624175,22.287327641630817,2.092842706173006e-10,0.11906013044973274,0.007727388020298601,0.3117568695266215
