target_id,prot_ps,prot_acf,prot_cs,e_prot_ps,E_prot_ps,e_prot_acf,E_prot_acf,e_prot_cs,E_prot_cs,sph_ps,sph_acf,sph_cs,e_sph_ps,e_sph_acf,e_sph_cs,h_ps,fa_prob_ps,hacf,gacf,hcs
4376851,0.15822718804851146,-1.0,0.7687329159492284,7.389056098930649,7.389056098930649,-1.0,-1.0,0.3147668860514267,0.3147668860514267,776.5694783877761,-1.0,805.9226328282441,138.4436880599186,-1.0,123.98913692653245,18.861095352751246,6.437694532635888e-09,-1.0,-1.0,0.10752238636428837
