target_id,prot_ps,prot_acf,prot_cs,e_prot_ps,E_prot_ps,e_prot_acf,E_prot_acf,e_prot_cs,E_prot_cs,sph_ps,sph_acf,sph_cs,e_sph_ps,e_sph_acf,e_sph_cs,h_ps,fa_prob_ps,hacf,gacf,hcs
4459010,0.5121111246360172,-1.0,3.560364998057485,7.389056098691997,7.389056098691997,-1.0,-1.0,0.7512677726992726,0.7512677726992726,616.5172919790889,-1.0,660.000883174729,76.83097624725757,-1.0,75.68857295967207,12.99418587067209,2.2735095328265273e-06,-1.0,-1.0,0.13185763719070065
