target_id,prot_ps,prot_acf,prot_cs,e_prot_ps,E_prot_ps,e_prot_acf,E_prot_acf,e_prot_cs,E_prot_cs,sph_ps,sph_acf,sph_cs,e_sph_ps,e_sph_acf,e_sph_cs,h_ps,fa_prob_ps,hacf,gacf,hcs
4478177,0.207650989051673,-1.0,1.0319093605503438,0.3553475340261027,0.3553475340261027,-1.0,-1.0,0.11410716250408608,0.11410716250408608,451.5337727589429,-1.0,528.2225275719898,69.86555741848007,-1.0,132.12963409790436,15.461884338113084,1.9274758801674236e-07,-1.0,-1.0,0.20534131046445578
