target_id,prot_ps,prot_acf,prot_cs,e_prot_ps,E_prot_ps,e_prot_acf,E_prot_acf,e_prot_cs,E_prot_cs,sph_ps,sph_acf,sph_cs,e_sph_ps,e_sph_acf,e_sph_cs,h_ps,fa_prob_ps,hacf,gacf,hcs
4570046,7.56372950545969,-1.0,7.523594241335641,0.5208401494892396,0.5208401494892396,-1.0,-1.0,0.3196031604799862,0.3196031604799862,1512.0338578604553,-1.0,1603.0475755821055,533.0104560432187,-1.0,574.5989362203773,33.71078071789409,2.2887267922155807e-15,-1.0,-1.0,0.2966682818054894
