target_id,prot_ps,prot_acf,prot_cs,e_prot_ps,E_prot_ps,e_prot_acf,E_prot_acf,e_prot_cs,E_prot_cs,sph_ps,sph_acf,sph_cs,e_sph_ps,e_sph_acf,e_sph_cs,h_ps,fa_prob_ps,hacf,gacf,hcs
4545145,24.325277006642473,24.19348005950451,24.16432839905732,1.2285508042355913,1.2285508042355913,-1.0,-1.0,0.4332810285055817,0.4332810285055817,6265.580933108805,6274.965036645836,6274.413184608743,1335.3137004127784,1363.27993104686,1375.891709754924,121.80905233522526,1.2560320603280963e-53,1.2452822941139567,0.6827471122705722,0.9939597751672212
