target_id,prot_ps,prot_acf,prot_cs,e_prot_ps,E_prot_ps,e_prot_acf,E_prot_acf,e_prot_cs,E_prot_cs,sph_ps,sph_acf,sph_cs,e_sph_ps,e_sph_acf,e_sph_cs,h_ps,fa_prob_ps,hacf,gacf,hcs
4587155,1.6262806989653358,-1.0,3.0748661458119755,1.2078044512790929,1.2078044512790929,-1.0,-1.0,0.30479134342586595,0.30479134342586595,700.476816387221,-1.0,794.7166422429336,150.41352595251786,-1.0,250.43989759119333,36.86888528177193,9.728515343778486e-17,-1.0,-1.0,0.15977401480488687
