target_id,prot_ps,prot_acf,prot_cs,e_prot_ps,E_prot_ps,e_prot_acf,E_prot_acf,e_prot_cs,E_prot_cs,sph_ps,sph_acf,sph_cs,e_sph_ps,e_sph_acf,e_sph_cs,h_ps,fa_prob_ps,hacf,gacf,hcs
4660819,0.7764908306322994,29.71065016184002,14.178355452404356,0.6955308409418344,0.6955308409418344,-1.0,-1.0,0.5517881521393138,0.5517881521393138,670.6193965158265,1183.2385213664052,1085.911799003996,100.98044492476176,218.656929158087,275.3822095631936,48.93928562105721,5.571066037761435e-22,0.13678806626355566,0.0534246153637618,0.4480474245218116
