target_id,prot_ps,prot_acf,prot_cs,e_prot_ps,E_prot_ps,e_prot_acf,E_prot_acf,e_prot_cs,E_prot_cs,sph_ps,sph_acf,sph_cs,e_sph_ps,e_sph_acf,e_sph_cs,h_ps,fa_prob_ps,hacf,gacf,hcs
4670781,0.20109925334326392,-1.0,4.028240782901667,0.21524982886304092,0.21524982886304092,-1.0,-1.0,0.13228664206203236,0.13228664206203236,415.6008411590798,-1.0,527.7825708937597,62.76171993565559,-1.0,130.05782645567663,14.644310008580161,4.3657309939248644e-07,-1.0,-1.0,0.3959363392084679
