target_id,prot_ps,prot_acf,prot_cs,e_prot_ps,E_prot_ps,e_prot_acf,E_prot_acf,e_prot_cs,E_prot_cs,sph_ps,sph_acf,sph_cs,e_sph_ps,e_sph_acf,e_sph_cs,h_ps,fa_prob_ps,hacf,gacf,hcs
4644320,0.21240238727446886,7.580837808083743,0.3921193464612588,7.389056098930347,7.389056098930347,-1.0,-1.0,0.01342683375934657,0.01342683375934657,873.0608339180385,1103.641613009589,895.1553454593901,98.32664002647718,21.800414720487993,70.90018778697883,7.909107967941021,0.0003673821511283716,0.00017631919804925351,0.016510848258356366,17.665358819940383
