target_id,prot_ps,prot_acf,prot_cs,e_prot_ps,E_prot_ps,e_prot_acf,E_prot_acf,e_prot_cs,E_prot_cs,sph_ps,sph_acf,sph_cs,e_sph_ps,e_sph_acf,e_sph_cs,h_ps,fa_prob_ps,hacf,gacf,hcs
4663266,16.97114288066872,-1.0,3.884177908818415,7.389056098923817,7.389056098923817,-1.0,-1.0,0.012411519371782122,0.012411519371782122,865.0177450664319,-1.0,673.9374724612701,274.42823809333606,-1.0,158.07961423412382,22.028017957090523,2.712397615862163e-10,-1.0,-1.0,0.2022619548596894
