target_id,prot_ps,prot_acf,prot_cs,e_prot_ps,E_prot_ps,e_prot_acf,E_prot_acf,e_prot_cs,E_prot_cs,sph_ps,sph_acf,sph_cs,e_sph_ps,e_sph_acf,e_sph_cs,h_ps,fa_prob_ps,hacf,gacf,hcs
4732672,0.9788747095015077,33.34790660440922,0.908076574448496,7.389056098900791,7.389056098900791,-1.0,-1.0,0.07297164446295155,0.07297164446295155,137.7302829279325,339.1957759395739,134.15355476876647,51.955436147649166,66.05836684985815,48.85070462635906,13.695413147277234,1.1276066871718166e-06,0.3178266726479656,0.07748451633747774,4.655887176764278
