target_id,prot_ps,prot_acf,prot_cs,e_prot_ps,E_prot_ps,e_prot_acf,E_prot_acf,e_prot_cs,E_prot_cs,sph_ps,sph_acf,sph_cs,e_sph_ps,e_sph_acf,e_sph_cs,h_ps,fa_prob_ps,hacf,gacf,hcs
4736079,4.418112531284193,6.8452912755310535,8.617710873261096,0.3938852511461242,0.3938852511461242,-1.0,-1.0,0.3312541338437351,0.3312541338437351,472.9519680775947,501.2170207273744,497.2160526770641,125.4284604492023,105.16258630062207,107.92715102326763,29.925759188876405,1.007877888597211e-13,0.10281068458018032,0.14014271262294062,41.02463089559088
