target_id,prot_ps,prot_acf,prot_cs,e_prot_ps,E_prot_ps,e_prot_acf,E_prot_acf,e_prot_cs,E_prot_cs,sph_ps,sph_acf,sph_cs,e_sph_ps,e_sph_acf,e_sph_cs,h_ps,fa_prob_ps,hacf,gacf,hcs
4864449,5.246455121412189,5.169702935963869,5.192892521275182,0.17177990106799057,0.17177990106799057,-1.0,-1.0,0.010286461480710921,0.010286461480710921,2611.649113502534,2573.4360184384936,2556.469788421201,709.8230561254729,682.0124745840137,751.3290335010806,2178.654542632198,0.0,1.3950320269262406,0.8029491038799523,0.7977001914834206
