target_id,prot_ps,prot_acf,prot_cs,e_prot_ps,E_prot_ps,e_prot_acf,E_prot_acf,e_prot_cs,E_prot_cs,sph_ps,sph_acf,sph_cs,e_sph_ps,e_sph_acf,e_sph_cs,h_ps,fa_prob_ps,hacf,gacf,hcs
4821106,0.10598495151997331,33.71562527026981,0.6675693803513424,0.14141483059586055,0.14141483059586055,-1.0,-1.0,2.243666432182157,2.243666432182157,203.28060052744405,378.8071232896267,225.67857633556866,36.12382359051472,120.7277707836641,46.570455163709475,11.785137699452228,7.616925865024438e-06,0.15502307255977035,0.061760360351673003,0.4732744732257441
