target_id,prot_ps,prot_acf,prot_cs,e_prot_ps,E_prot_ps,e_prot_acf,E_prot_acf,e_prot_cs,E_prot_cs,sph_ps,sph_acf,sph_cs,e_sph_ps,e_sph_acf,e_sph_cs,h_ps,fa_prob_ps,hacf,gacf,hcs
4944604,7.890198806743099,-1.0,7.888487242778074,1.3916547453444499,1.3916547453444499,-1.0,-1.0,0.021952387828385704,0.021952387828385704,540.3339869410931,-1.0,540.3339869410931,173.50502631861266,-1.0,173.50502631861266,126.14999482914824,1.635887197343386e-55,-1.0,-1.0,0.4320463441496752
