target_id,prot_ps,prot_acf,prot_cs,e_prot_ps,E_prot_ps,e_prot_acf,E_prot_acf,e_prot_cs,E_prot_cs,sph_ps,sph_acf,sph_cs,e_sph_ps,e_sph_acf,e_sph_cs,h_ps,fa_prob_ps,hacf,gacf,hcs
5097847,0.11579446290940966,-1.0,2.872576444577426,0.15616470062982624,0.15616470062982624,-1.0,-1.0,0.866845727908523,0.866845727908523,113.02660444046195,-1.0,136.69476045183012,17.165200338016067,-1.0,29.31265004936682,11.449319980595432,1.0656718916060593e-05,-1.0,-1.0,0.23568857486028622
