target_id,prot_ps,prot_acf,prot_cs,e_prot_ps,E_prot_ps,e_prot_acf,E_prot_acf,e_prot_cs,E_prot_cs,sph_ps,sph_acf,sph_cs,e_sph_ps,e_sph_acf,e_sph_cs,h_ps,fa_prob_ps,hacf,gacf,hcs
5025935,11.583358518634329,11.74926059320569,11.70165054593235,0.4129326025301965,0.4129326025301965,-1.0,-1.0,0.27154788796675844,0.27154788796675844,3288.3516715800743,3201.9692198242356,3171.9867512387727,998.0014223402485,1048.5060673326698,1075.9251130526034,115.31671273803826,8.290638648984071e-51,0.7626253092606965,0.49305531663076535,0.9752484488890678
