target_id,prot_ps,prot_acf,prot_cs,e_prot_ps,E_prot_ps,e_prot_acf,E_prot_acf,e_prot_cs,E_prot_cs,sph_ps,sph_acf,sph_cs,e_sph_ps,e_sph_acf,e_sph_cs,h_ps,fa_prob_ps,hacf,gacf,hcs
5023514,26.347791359411463,-1.0,26.62204686859622,1.5440408399138437,1.5440408399138437,-1.0,-1.0,2.0870400097851762,2.0870400097851762,433.4032354361718,-1.0,525.4544764872611,92.97399369727316,-1.0,0.0,18.24577473462221,1.191134255844226e-08,-1.0,-1.0,0.21985486751666447
