target_id,prot_ps,prot_acf,prot_cs,e_prot_ps,E_prot_ps,e_prot_acf,E_prot_acf,e_prot_cs,E_prot_cs,sph_ps,sph_acf,sph_cs,e_sph_ps,e_sph_acf,e_sph_cs,h_ps,fa_prob_ps,hacf,gacf,hcs
5025366,0.19384542759657541,48.97958490718156,1.3561724178280448,7.389056098546812,7.389056098546812,-1.0,-1.0,0.009930177773175897,0.009930177773175897,3023.4866082323865,3726.13773583695,3278.964173428418,424.34774296682326,468.078897982299,649.4287217520375,14.322766488157974,6.021456435098545e-07,0.06665770837467228,0.012712035218462796,0.26534141473589173
