target_id,prot_ps,prot_acf,prot_cs,e_prot_ps,E_prot_ps,e_prot_acf,E_prot_acf,e_prot_cs,E_prot_cs,sph_ps,sph_acf,sph_cs,e_sph_ps,e_sph_acf,e_sph_cs,h_ps,fa_prob_ps,hacf,gacf,hcs
5009036,11.770276665165902,48.50957547966391,2.1645405773213136,0.549637827693433,0.549637827693433,-1.0,-1.0,0.7343617908339983,0.7343617908339983,871.4249580162615,904.8282388882667,729.6704733850089,128.08577506691253,56.446808169729216,141.07683405740806,22.411783947137906,1.8479316429737777e-10,0.049079181803973755,0.007844681070819995,0.7350422448910189
