target_id,prot_ps,prot_acf,prot_cs,e_prot_ps,E_prot_ps,e_prot_acf,E_prot_acf,e_prot_cs,E_prot_cs,sph_ps,sph_acf,sph_cs,e_sph_ps,e_sph_acf,e_sph_cs,h_ps,fa_prob_ps,hacf,gacf,hcs
5018092,0.2833979090675711,-1.0,0.8900930548086764,0.8833473173784834,0.8833473173784834,-1.0,-1.0,0.12680933904820013,0.12680933904820013,524.6526118507468,-1.0,541.713331225476,65.20741169609222,-1.0,72.393983588428,12.127032476423446,5.411238970621699e-06,-1.0,-1.0,0.29371394986414096
