target_id,prot_ps,prot_acf,prot_cs,e_prot_ps,E_prot_ps,e_prot_acf,E_prot_acf,e_prot_cs,E_prot_cs,sph_ps,sph_acf,sph_cs,e_sph_ps,e_sph_acf,e_sph_cs,h_ps,fa_prob_ps,hacf,gacf,hcs
5021623,13.271716792046812,41.521281599998474,1.692319164424403,2.888297465774707,2.888297465774707,-1.0,-1.0,0.18389203470853385,0.18389203470853385,561.7711555498557,611.1297476099751,335.259767029777,297.564875987117,252.1446473947032,233.73319630606986,19.26374691826834,4.303888509847244e-09,0.47442304443107886,0.27858138919366127,0.7992230769006928
