target_id,prot_ps,prot_acf,prot_cs,e_prot_ps,E_prot_ps,e_prot_acf,E_prot_acf,e_prot_cs,E_prot_cs,sph_ps,sph_acf,sph_cs,e_sph_ps,e_sph_acf,e_sph_cs,h_ps,fa_prob_ps,hacf,gacf,hcs
5192733,0.13223838682921074,-1.0,3.467183530032634,7.389056098926509,7.389056098926509,-1.0,-1.0,0.2899556367482996,0.2899556367482996,584.0767007164817,-1.0,651.7322109983548,93.93450715375627,-1.0,81.348597785399,13.75950932945549,1.057598983005454e-06,-1.0,-1.0,0.1539400353549061
