target_id,prot_ps,prot_acf,prot_cs,e_prot_ps,E_prot_ps,e_prot_acf,E_prot_acf,e_prot_cs,E_prot_cs,sph_ps,sph_acf,sph_cs,e_sph_ps,e_sph_acf,e_sph_cs,h_ps,fa_prob_ps,hacf,gacf,hcs
5174235,9.3419614167793,9.052066054660827,9.361396070362206,0.3814045993528387,0.3814045993528387,-1.0,-1.0,0.49797835524887957,0.49797835524887957,1231.6655382889076,1245.8018773695678,1231.6856789617786,26.135315535263658,24.209811107518135,26.150946412763915,23.313896021600666,7.497277850063041e-11,0.7000889293958106,0.5020146492819246,0.9768420730163342
