target_id,prot_ps,prot_acf,prot_cs,e_prot_ps,E_prot_ps,e_prot_acf,E_prot_acf,e_prot_cs,E_prot_cs,sph_ps,sph_acf,sph_cs,e_sph_ps,e_sph_acf,e_sph_cs,h_ps,fa_prob_ps,hacf,gacf,hcs
5112307,6.6592814233942725,53.29097347706556,6.655445924545639,1.9072029455691393,1.9072029455691393,-1.0,-1.0,0.6954779190011828,0.6954779190011828,767.2911997801685,834.1283608758449,766.872477364037,109.68943908460255,50.35595273813622,111.16040490174258,20.441238272976616,1.3258152642150347e-09,0.05704440491538319,0.01335854203660273,0.24466583639157627
