target_id,prot_ps,prot_acf,prot_cs,e_prot_ps,E_prot_ps,e_prot_acf,E_prot_acf,e_prot_cs,E_prot_cs,sph_ps,sph_acf,sph_cs,e_sph_ps,e_sph_acf,e_sph_cs,h_ps,fa_prob_ps,hacf,gacf,hcs
5215999,1.2651678354287232,1.266892067156732,1.2653526060490978,0.03317473276944002,0.03317473276944002,-1.0,-1.0,0.007111598661716411,0.007111598661716411,22970.09411147061,22961.36790752462,22970.09411147061,2255.8627886998984,2210.7154687017037,2255.8627886998984,155888.44360518837,0.0,1.2850925332017251,0.6697427507186811,0.06847934926753918
