target_id,prot_ps,prot_acf,prot_cs,e_prot_ps,E_prot_ps,e_prot_acf,E_prot_acf,e_prot_cs,E_prot_cs,sph_ps,sph_acf,sph_cs,e_sph_ps,e_sph_acf,e_sph_cs,h_ps,fa_prob_ps,hacf,gacf,hcs
5284904,0.24053556666453557,-1.0,2.950752554787592,0.4780833116706999,0.4780833116706999,-1.0,-1.0,0.07598853545052403,0.07598853545052403,264.2475565204837,-1.0,329.40501872684126,40.9855889445588,-1.0,115.97231656213681,15.83909187349102,1.321812336962988e-07,-1.0,-1.0,0.2916235701356786
