target_id,prot_ps,prot_acf,prot_cs,e_prot_ps,E_prot_ps,e_prot_acf,E_prot_acf,e_prot_cs,E_prot_cs,sph_ps,sph_acf,sph_cs,e_sph_ps,e_sph_acf,e_sph_cs,h_ps,fa_prob_ps,hacf,gacf,hcs
5349731,10.500114842971312,21.10798823228106,21.17348907921488,0.3431401020934036,0.3431401020934036,-1.0,-1.0,0.227105807853052,0.227105807853052,4426.75491727191,4591.583414140071,4592.570084632853,1703.8471427084264,1362.854027950557,1348.3536618965663,107.20320962442992,2.7684559507728075e-47,0.8704824664394064,0.5140298971049525,0.9024046679184348
