target_id,prot_ps,prot_acf,prot_cs,e_prot_ps,E_prot_ps,e_prot_acf,E_prot_acf,e_prot_cs,E_prot_cs,sph_ps,sph_acf,sph_cs,e_sph_ps,e_sph_acf,e_sph_cs,h_ps,fa_prob_ps,hacf,gacf,hcs
5372576,0.16933695418523098,-1.0,1.407181358260197,0.40858381742007954,0.40858381742007954,-1.0,-1.0,0.012484361747380478,0.012484361747380478,480.92277754084887,-1.0,499.352223636205,70.99772294534046,-1.0,48.36430722988166,13.830789507303225,9.848371816022813e-07,-1.0,-1.0,0.07643096192636095
