target_id,prot_ps,prot_acf,prot_cs,e_prot_ps,E_prot_ps,e_prot_acf,E_prot_acf,e_prot_cs,E_prot_cs,sph_ps,sph_acf,sph_cs,e_sph_ps,e_sph_acf,e_sph_cs,h_ps,fa_prob_ps,hacf,gacf,hcs
5473223,4.136982664390476,1.0625525303184986,4.153142491928069,0.12289720836731952,0.12289720836731952,-1.0,-1.0,0.013804415732749374,0.013804415732749374,536.4018442169229,475.5848907135279,530.3667155402534,98.83513143655577,65.10998502590428,91.85795526128099,402.2888498476123,1.9416564060767158e-175,0.5163571177241855,0.4165150662932208,1.0387781529480211
