target_id,prot_ps,prot_acf,prot_cs,e_prot_ps,E_prot_ps,e_prot_acf,E_prot_acf,e_prot_cs,E_prot_cs,sph_ps,sph_acf,sph_cs,e_sph_ps,e_sph_acf,e_sph_cs,h_ps,fa_prob_ps,hacf,gacf,hcs
5430181,0.29872736113729204,13.220440117176622,0.4450404725690566,7.389056098930071,7.389056098930071,-1.0,-1.0,1.366786942075946,1.366786942075946,1718.673616535779,2965.176881442847,1760.9810145607044,206.8811413904108,0.0,228.98021431441123,9.796985626288484,5.561900345815544e-05,6.907680704679696e-05,0.026538390622810583,67.0284461780829
