target_id,prot_ps,prot_acf,prot_cs,e_prot_ps,E_prot_ps,e_prot_acf,E_prot_acf,e_prot_cs,E_prot_cs,sph_ps,sph_acf,sph_cs,e_sph_ps,e_sph_acf,e_sph_cs,h_ps,fa_prob_ps,hacf,gacf,hcs
5437806,54.05589840124827,53.96536158584058,53.96047851086285,5.899114878945022,5.899114878945022,-1.0,-1.0,1.4342778795241327,1.4342778795241327,330.41368066799697,330.2767628167214,330.26213749414654,28.884894890820966,29.470193754682445,29.524475513413208,18.94077408541785,5.9446505714082415e-09,0.2836857414248553,0.23188199164026402,0.2609579787940515
