target_id,prot_ps,prot_acf,prot_cs,e_prot_ps,E_prot_ps,e_prot_acf,E_prot_acf,e_prot_cs,E_prot_cs,sph_ps,sph_acf,sph_cs,e_sph_ps,e_sph_acf,e_sph_cs,h_ps,fa_prob_ps,hacf,gacf,hcs
5536332,24.325169078444024,-1.0,1.7918227604916195,7.0493256541751785,7.0493256541751785,-1.0,-1.0,0.04390268039201889,0.04390268039201889,437.43914504407945,-1.0,318.02689509986305,58.42900842829357,-1.0,57.55083555077327,31.755175867137773,1.6177162538016523e-14,-1.0,-1.0,0.13688473010722474
