target_id,prot_ps,prot_acf,prot_cs,e_prot_ps,E_prot_ps,e_prot_acf,E_prot_acf,e_prot_cs,E_prot_cs,sph_ps,sph_acf,sph_cs,e_sph_ps,e_sph_acf,e_sph_cs,h_ps,fa_prob_ps,hacf,gacf,hcs
5512558,4.47479453698401,8.97025577770546,8.999312766889789,0.18242705163625422,0.18242705163625422,-1.0,-1.0,0.1353541200494884,0.1353541200494884,4529.871360512412,4904.362855980713,4877.747950476743,2387.388995726278,2277.3250510583434,2304.4997412559146,143.3634084868541,5.47095052426973e-63,0.6981698194052879,0.550494039716149,0.6455097822700017
