target_id,prot_ps,prot_acf,prot_cs,e_prot_ps,E_prot_ps,e_prot_acf,E_prot_acf,e_prot_cs,E_prot_cs,sph_ps,sph_acf,sph_cs,e_sph_ps,e_sph_acf,e_sph_cs,h_ps,fa_prob_ps,hacf,gacf,hcs
5545141,0.14380755742798454,-1.0,0.3686076863621259,7.389056098930649,7.389056098930649,-1.0,-1.0,0.010599365545751048,0.010599365545751048,112.72955907839386,-1.0,115.54871638609589,15.310487450384171,-1.0,11.771562764941264,21.7104123231401,3.726385044691574e-10,-1.0,-1.0,0.2798545470841553
