target_id,prot_ps,prot_acf,prot_cs,e_prot_ps,E_prot_ps,e_prot_acf,E_prot_acf,e_prot_cs,E_prot_cs,sph_ps,sph_acf,sph_cs,e_sph_ps,e_sph_acf,e_sph_cs,h_ps,fa_prob_ps,hacf,gacf,hcs
5529921,7.2266791925466185,9.992097603622824,0.7080290019761851,4.730160977912501,4.730160977912501,-1.0,-1.0,0.8413660366385725,0.8413660366385725,356.75647222573275,366.14804319059,267.3044135601749,83.58694859553238,77.35322919003075,64.04895162261786,19.455219316569572,3.5539032992657135e-09,0.06918127573247546,0.0524114107704792,3.9262809496775457
