target_id,prot_ps,prot_acf,prot_cs,e_prot_ps,E_prot_ps,e_prot_acf,E_prot_acf,e_prot_cs,E_prot_cs,sph_ps,sph_acf,sph_cs,e_sph_ps,e_sph_acf,e_sph_cs,h_ps,fa_prob_ps,hacf,gacf,hcs
5637313,5.267113613596773,5.231035828590393,5.197206385670521,0.2174944825845381,0.2174944825845381,-1.0,-1.0,0.035100955678810886,0.035100955678810886,3547.4354388800352,3518.1476752689,3511.2954508311655,1226.7818832328041,1253.3004679980477,1292.3387617340136,554.8886440947349,1.0349605570183132e-241,1.2323965622503517,0.7905003802636933,0.8743399163564637
