target_id,prot_ps,prot_acf,prot_cs,e_prot_ps,E_prot_ps,e_prot_acf,E_prot_acf,e_prot_cs,E_prot_cs,sph_ps,sph_acf,sph_cs,e_sph_ps,e_sph_acf,e_sph_cs,h_ps,fa_prob_ps,hacf,gacf,hcs
5617801,13.268333381380549,13.05712340399623,13.273466258605545,0.9566318595793843,0.9566318595793843,-1.0,-1.0,0.1017619536123915,0.1017619536123915,4436.070403540826,4437.907288971533,4435.635559529186,1020.7468423624265,946.9252387287165,1020.2269994949961,160.03967151898422,3.130788815707946e-70,1.0461285078323237,0.5583584013084516,0.9484151762133367
