target_id,prot_ps,prot_acf,prot_cs,e_prot_ps,E_prot_ps,e_prot_acf,E_prot_acf,e_prot_cs,E_prot_cs,sph_ps,sph_acf,sph_cs,e_sph_ps,e_sph_acf,e_sph_cs,h_ps,fa_prob_ps,hacf,gacf,hcs
5781846,15.10048680187022,48.59159924834967,1.8463457597662836,7.389056098929845,7.389056098929845,-1.0,-1.0,0.08200933872305156,0.08200933872305156,624.3072409449445,652.279653199708,474.77968060046095,195.43982629195452,145.9117412394812,102.71192646005557,14.651249320018453,4.335540697983831e-07,0.12858470107687053,0.05218818102117029,0.24152049838149972
