target_id,prot_ps,prot_acf,prot_cs,e_prot_ps,E_prot_ps,e_prot_acf,E_prot_acf,e_prot_cs,E_prot_cs,sph_ps,sph_acf,sph_cs,e_sph_ps,e_sph_acf,e_sph_cs,h_ps,fa_prob_ps,hacf,gacf,hcs
5700798,1.4464809035658983,48.591397712007165,0.606881628278643,0.9172512691376412,0.9172512691376412,-1.0,-1.0,0.4694025054231367,0.4694025054231367,392.8657525764861,490.5252484023693,347.0375397709495,148.50655707769673,53.06486413972839,101.3369007316293,12.35891122491832,4.29134126408359e-06,0.01974233179474551,0.01649516846800664,0.4008898762979551
