target_id,prot_ps,prot_acf,prot_cs,e_prot_ps,E_prot_ps,e_prot_acf,E_prot_acf,e_prot_cs,E_prot_cs,sph_ps,sph_acf,sph_cs,e_sph_ps,e_sph_acf,e_sph_cs,h_ps,fa_prob_ps,hacf,gacf,hcs
5707157,0.40817173684269853,0.4086547251790762,0.4089244549653853,0.010891599357240668,0.010891599357240668,-1.0,-1.0,0.007971447270205958,0.007971447270205958,361.27354327073766,362.8820130936171,362.8820130936171,43.00024092536136,42.60773471683838,42.60773471683838,2210.2359745987974,0.0,0.690713508868685,0.6803875660651243,0.07202912240035526
