target_id,prot_ps,prot_acf,prot_cs,e_prot_ps,E_prot_ps,e_prot_acf,E_prot_acf,e_prot_cs,E_prot_cs,sph_ps,sph_acf,sph_cs,e_sph_ps,e_sph_acf,e_sph_cs,h_ps,fa_prob_ps,hacf,gacf,hcs
5706179,21.46351617631529,21.332800487056375,21.493064360654284,1.0240852736026655,1.0240852736026655,-1.0,-1.0,0.7735234390255721,0.7735234390255721,986.5771350312006,988.1761930788174,986.0641692211848,353.44326393054934,344.09939084801755,353.5878140895614,62.41746913907193,7.806162335286772e-28,0.8591866398510162,0.45592669457295154,0.993684360554761
