target_id,prot_ps,prot_acf,prot_cs,e_prot_ps,E_prot_ps,e_prot_acf,E_prot_acf,e_prot_cs,E_prot_cs,sph_ps,sph_acf,sph_cs,e_sph_ps,e_sph_acf,e_sph_cs,h_ps,fa_prob_ps,hacf,gacf,hcs
5701440,5.766309001107658,11.647209897637367,11.652113986015321,0.2685786809729495,0.2685786809729495,-1.0,-1.0,0.4460795035914019,0.4460795035914019,3659.292426637662,3747.059174276015,3745.0480504813318,1043.256915024587,889.0338535967892,894.099850326122,152.58091621258032,5.4318784753753215e-67,0.7933966220938478,0.5358743258081654,0.9158208282708193
