target_id,prot_ps,prot_acf,prot_cs,e_prot_ps,E_prot_ps,e_prot_acf,E_prot_acf,e_prot_cs,E_prot_cs,sph_ps,sph_acf,sph_cs,e_sph_ps,e_sph_acf,e_sph_cs,h_ps,fa_prob_ps,hacf,gacf,hcs
5807205,18.852230926335235,18.6764496313408,18.852350008419517,0.5923591228556231,0.5923591228556231,-1.0,-1.0,0.2343671012102716,0.2343671012102716,203.0996919647792,203.47867704139327,203.0996919647792,48.49825686300037,49.95332726763974,48.49825686300037,97.65064377921576,3.898201213883319e-43,0.6957628978460106,0.292034818816403,0.9712746334540403
