target_id,prot_ps,prot_acf,prot_cs,e_prot_ps,E_prot_ps,e_prot_acf,E_prot_acf,e_prot_cs,E_prot_cs,sph_ps,sph_acf,sph_cs,e_sph_ps,e_sph_acf,e_sph_cs,h_ps,fa_prob_ps,hacf,gacf,hcs
5893143,24.737256744591008,50.28743125498295,0.6948868743736395,1.0220595936307766,1.0220595936307766,-1.0,-1.0,0.01001700936062849,0.01001700936062849,706.0356052753655,722.7262699131896,406.78230685638175,148.98351036707112,73.57360399653686,52.68013160193749,36.150882932479675,1.9946698649596312e-16,0.4255684890428809,0.2148280431390169,0.5743643228843608
