target_id,prot_ps,prot_acf,prot_cs,e_prot_ps,E_prot_ps,e_prot_acf,E_prot_acf,e_prot_cs,E_prot_cs,sph_ps,sph_acf,sph_cs,e_sph_ps,e_sph_acf,e_sph_cs,h_ps,fa_prob_ps,hacf,gacf,hcs
5877658,0.3135832240951212,-1.0,0.7282592484354974,0.5615192119562488,0.5615192119562488,-1.0,-1.0,0.12629947667227298,0.12629947667227298,517.5078744729406,-1.0,530.6070644202083,77.59269760407487,-1.0,75.37019508075892,11.186054188107718,1.3866229752319958e-05,-1.0,-1.0,0.14977664979492905
