target_id,prot_ps,prot_acf,prot_cs,e_prot_ps,E_prot_ps,e_prot_acf,E_prot_acf,e_prot_cs,E_prot_cs,sph_ps,sph_acf,sph_cs,e_sph_ps,e_sph_acf,e_sph_cs,h_ps,fa_prob_ps,hacf,gacf,hcs
5975663,5.362187011163127,5.476239759474993,5.324314778183421,0.4854847499332527,0.4854847499332527,-1.0,-1.0,0.03680095691221838,0.03680095691221838,4163.731127187126,4173.40530199011,4161.660421595144,1250.2840442184659,1284.7801534296107,1231.8987448557837,237.8678113706175,4.958177832520163e-104,1.1480369725664057,0.7481815672458677,0.8525648704741765
