target_id,prot_ps,prot_acf,prot_cs,e_prot_ps,E_prot_ps,e_prot_acf,E_prot_acf,e_prot_cs,E_prot_cs,sph_ps,sph_acf,sph_cs,e_sph_ps,e_sph_acf,e_sph_cs,h_ps,fa_prob_ps,hacf,gacf,hcs
5991479,0.15413475622476536,24.663543561007828,12.225324221319728,0.0054277450403632695,0.0054277450403632695,-1.0,-1.0,0.10457607764897213,0.10457607764897213,361.7391405559485,1299.6535591625347,1239.642445451489,66.15407514571852,311.09367742546607,376.10441682990063,1107.9943162849684,0.0,0.6578750384400468,0.3386901437407884,0.030718841939594652
