target_id,prot_ps,prot_acf,prot_cs,e_prot_ps,E_prot_ps,e_prot_acf,E_prot_acf,e_prot_cs,E_prot_cs,sph_ps,sph_acf,sph_cs,e_sph_ps,e_sph_acf,e_sph_cs,h_ps,fa_prob_ps,hacf,gacf,hcs
5949982,8.389154927877572,44.46374475955963,8.389636817473159,3.3958698859530525,3.3958698859530525,-1.0,-1.0,0.02762624048320907,0.02762624048320907,290.28036269783513,302.2244420145453,290.28036269783513,70.42953588158069,41.745575870051596,70.42953588158069,103.53117342285023,1.0888866605252671e-45,0.0641820838628699,0.013312381906569845,0.03726476358441862
