target_id,prot_ps,prot_acf,prot_cs,e_prot_ps,E_prot_ps,e_prot_acf,E_prot_acf,e_prot_cs,E_prot_cs,sph_ps,sph_acf,sph_cs,e_sph_ps,e_sph_acf,e_sph_cs,h_ps,fa_prob_ps,hacf,gacf,hcs
5938531,0.8810143808421783,14.83465638756752,14.940532928143634,0.025030431806922066,0.025030431806922066,-1.0,-1.0,0.27644089334822103,0.27644089334822103,2128.790103453777,3775.7441018298355,3813.091485182416,764.9497773883502,658.730121991085,590.034747695619,1090.3988731270986,0.0,0.9171578982920895,0.5479624652405432,0.12774740188469258
