target_id,prot_ps,prot_acf,prot_cs,e_prot_ps,E_prot_ps,e_prot_acf,E_prot_acf,e_prot_cs,E_prot_cs,sph_ps,sph_acf,sph_cs,e_sph_ps,e_sph_acf,e_sph_cs,h_ps,fa_prob_ps,hacf,gacf,hcs
5963456,4.898535551599887,15.30484945513308,15.536159062385561,0.4938646420632636,0.4938646420632636,-1.0,-1.0,0.9675307387791598,0.9675307387791598,1327.840204747418,1503.8069148519542,1507.3550267585317,456.58685100533376,369.1374202713033,360.22066914853,29.068753160010715,2.374657101890907e-13,0.6225727648844002,0.3695723938167126,0.8882935943587008
