target_id,prot_ps,prot_acf,prot_cs,e_prot_ps,E_prot_ps,e_prot_acf,E_prot_acf,e_prot_cs,E_prot_cs,sph_ps,sph_acf,sph_cs,e_sph_ps,e_sph_acf,e_sph_cs,h_ps,fa_prob_ps,hacf,gacf,hcs
5977594,0.10489055950035044,-1.0,1.3093279263966167,0.137595312282346,0.137595312282346,-1.0,-1.0,0.015505976044490867,0.015505976044490867,193.25535901627794,-1.0,221.5587585127197,34.31729810183967,-1.0,45.670866437735064,14.862122715174374,3.511252936626841e-07,-1.0,-1.0,0.33122330666147815
