target_id,prot_ps,prot_acf,prot_cs,e_prot_ps,E_prot_ps,e_prot_acf,E_prot_acf,e_prot_cs,E_prot_cs,sph_ps,sph_acf,sph_cs,e_sph_ps,e_sph_acf,e_sph_cs,h_ps,fa_prob_ps,hacf,gacf,hcs
6044382,0.2930416685108518,-1.0,1.1031656096358446,0.6129848427396123,0.6129848427396123,-1.0,-1.0,0.008635417035129992,0.008635417035129992,647.0418750055968,-1.0,680.222149991709,100.8788739398306,-1.0,107.2486858934424,12.683166277097143,3.1029221014067647e-06,-1.0,-1.0,0.4394010860060593
