target_id,prot_ps,prot_acf,prot_cs,e_prot_ps,E_prot_ps,e_prot_acf,E_prot_acf,e_prot_cs,E_prot_cs,sph_ps,sph_acf,sph_cs,e_sph_ps,e_sph_acf,e_sph_cs,h_ps,fa_prob_ps,hacf,gacf,hcs
6035837,16.21666626027889,16.265253141522408,16.17025808389179,0.6310110054603143,0.6310110054603143,-1.0,-1.0,0.18487968697452764,0.18487968697452764,5303.025276490327,5302.59426503609,5297.129398593429,1595.6721027633816,1581.2638776174736,1606.570511433486,169.86653364311135,1.6900586600950726e-74,1.158842927098014,0.6192446923767568,0.9783823620029678
