target_id,prot_ps,prot_acf,prot_cs,e_prot_ps,E_prot_ps,e_prot_acf,E_prot_acf,e_prot_cs,E_prot_cs,sph_ps,sph_acf,sph_cs,e_sph_ps,e_sph_acf,e_sph_cs,h_ps,fa_prob_ps,hacf,gacf,hcs
6125019,16.216857466285383,15.509171719662845,16.212210566624726,0.7784748066256783,0.7784748066256783,-1.0,-1.0,0.11191102508301386,0.11191102508301386,1044.213072719919,1032.1083748101228,1044.120462933942,236.9372988275693,262.6443783842718,237.16522767285653,154.41402264684257,8.686444236329856e-68,0.4693963329529278,0.24365843358795886,0.8978763728486593
