target_id,prot_ps,prot_acf,prot_cs,e_prot_ps,E_prot_ps,e_prot_acf,E_prot_acf,e_prot_cs,E_prot_cs,sph_ps,sph_acf,sph_cs,e_sph_ps,e_sph_acf,e_sph_cs,h_ps,fa_prob_ps,hacf,gacf,hcs
6141033,17.948956100331227,17.777362908236682,17.944629696128306,0.9581109554853026,0.9581109554853026,-1.0,-1.0,0.14890236982342347,0.14890236982342347,3225.9980764356587,3228.0536695705705,3226.2524014929445,993.7570906512865,1005.7848693312097,993.7630002518625,65.88320401519013,2.439428234291739e-29,0.5973622404085801,0.27242039481652364,0.9611640503017641
