target_id,prot_ps,prot_acf,prot_cs,e_prot_ps,E_prot_ps,e_prot_acf,E_prot_acf,e_prot_cs,E_prot_cs,sph_ps,sph_acf,sph_cs,e_sph_ps,e_sph_acf,e_sph_cs,h_ps,fa_prob_ps,hacf,gacf,hcs
6148636,10.89182697132272,10.993386562913656,10.937442994470054,0.4224986077537979,0.4224986077537979,-1.0,-1.0,0.2325242081331763,0.2325242081331763,2186.001931816015,2183.3343039107413,2186.802628686557,730.0011305423097,714.4211376777633,715.4466101683312,98.05582198007191,2.5995465310256227e-43,0.9094522411607207,0.49737516543551064,0.9965094244739722
