target_id,prot_ps,prot_acf,prot_cs,e_prot_ps,E_prot_ps,e_prot_acf,E_prot_acf,e_prot_cs,E_prot_cs,sph_ps,sph_acf,sph_cs,e_sph_ps,e_sph_acf,e_sph_cs,h_ps,fa_prob_ps,hacf,gacf,hcs
6131060,2.156636805840106,-1.0,4.705479768756776,1.2208312724498607,1.2208312724498607,-1.0,-1.0,0.19377158278140771,0.19377158278140771,228.63085703157955,-1.0,258.1140346404372,39.82993953067047,-1.0,51.927019786493915,35.2691004689161,4.817528412168003e-16,-1.0,-1.0,0.26781224264702863
