target_id,prot_ps,prot_acf,prot_cs,e_prot_ps,E_prot_ps,e_prot_acf,E_prot_acf,e_prot_cs,E_prot_cs,sph_ps,sph_acf,sph_cs,e_sph_ps,e_sph_acf,e_sph_cs,h_ps,fa_prob_ps,hacf,gacf,hcs
6101163,12.512929140538438,25.255652256309986,12.51556054925299,0.42324826176284264,0.42324826176284264,-1.0,-1.0,0.061147746178827386,0.061147746178827386,1551.9279385972873,1592.4867213857278,1552.3480538668855,497.2563285876985,543.3291694447862,497.1904119514726,124.8171894835748,6.2027369059966915e-55,0.8033323053313337,0.3938482972651987,0.1820322426127518
