target_id,prot_ps,prot_acf,prot_cs,e_prot_ps,E_prot_ps,e_prot_acf,E_prot_acf,e_prot_cs,E_prot_cs,sph_ps,sph_acf,sph_cs,e_sph_ps,e_sph_acf,e_sph_cs,h_ps,fa_prob_ps,hacf,gacf,hcs
6105180,7.418261112918638,14.671159342862666,0.5885838272164019,3.2694941014516505,3.2694941014516505,-1.0,-1.0,0.015442863155032738,0.015442863155032738,616.1404832678191,632.9159162508068,293.8387267944521,151.70871786811415,144.50571933093556,134.3536993566691,36.311188881428514,1.6992255806472705e-16,0.3311282105561254,0.23426535356095865,0.5814112645715973
