target_id,prot_ps,prot_acf,prot_cs,e_prot_ps,E_prot_ps,e_prot_acf,E_prot_acf,e_prot_cs,E_prot_cs,sph_ps,sph_acf,sph_cs,e_sph_ps,e_sph_acf,e_sph_cs,h_ps,fa_prob_ps,hacf,gacf,hcs
6148690,18.84895747299006,16.9192629866302,6.478858246499039,0.6130908940313752,0.6130908940313752,-1.0,-1.0,0.01668321958457572,0.01668321958457572,319.00294150883917,322.5079788599744,283.6869474673533,78.52389216281826,81.81337806376666,94.59172793393881,45.107349228421015,2.5711483591462285e-20,0.18966266183026453,0.025834036863893402,5.320935011016992
