target_id,prot_ps,prot_acf,prot_cs,e_prot_ps,E_prot_ps,e_prot_acf,E_prot_acf,e_prot_cs,E_prot_cs,sph_ps,sph_acf,sph_cs,e_sph_ps,e_sph_acf,e_sph_cs,h_ps,fa_prob_ps,hacf,gacf,hcs
6143356,9.803168835547144,8.663923624902964,2.3908056889564087,1.364338728429822,1.364338728429822,-1.0,-1.0,0.012164913761521583,0.012164913761521583,261.6000341762307,258.37503161187493,222.377617163881,44.177158074576845,47.26489199377232,54.402301307174504,28.0284243631318,6.720629634733709e-13,0.19646132636916686,0.19105700128750489,1.0957696574731501
