target_id,prot_ps,prot_acf,prot_cs,e_prot_ps,E_prot_ps,e_prot_acf,E_prot_acf,e_prot_cs,E_prot_cs,sph_ps,sph_acf,sph_cs,e_sph_ps,e_sph_acf,e_sph_cs,h_ps,fa_prob_ps,hacf,gacf,hcs
6139092,26.348148081385283,55.23245269199833,1.962253951909952,2.0024451435722184,2.0024451435722184,-1.0,-1.0,0.2080038374098337,0.2080038374098337,1127.9687243659369,1136.1480946671186,770.1349395238315,145.25566577236614,89.70501874886975,165.06953828565997,27.011057355711525,1.8588606759182064e-12,0.18477929490887232,0.0107411270001042,0.2192552178043208
