target_id,prot_ps,prot_acf,prot_cs,e_prot_ps,E_prot_ps,e_prot_acf,E_prot_acf,e_prot_cs,E_prot_cs,sph_ps,sph_acf,sph_cs,e_sph_ps,e_sph_acf,e_sph_cs,h_ps,fa_prob_ps,hacf,gacf,hcs
6229558,1.2205987741355784,-1.0,1.2334221403435177,0.6146414337057449,0.6146414337057449,-1.0,-1.0,0.010028707422259406,0.010028707422259406,274.9213975158418,-1.0,275.3954130087906,22.373881289556532,-1.0,20.07574319112014,10.210440266111396,3.678426940082473e-05,-1.0,-1.0,0.4454341757732143
