target_id,prot_ps,prot_acf,prot_cs,e_prot_ps,E_prot_ps,e_prot_acf,E_prot_acf,e_prot_cs,E_prot_cs,sph_ps,sph_acf,sph_cs,e_sph_ps,e_sph_acf,e_sph_cs,h_ps,fa_prob_ps,hacf,gacf,hcs
6312787,2.220229122111936,46.752610720694065,2.3870804127585146,0.945603807352612,0.945603807352612,-1.0,-1.0,0.2170779965426927,0.2170779965426927,200.12272243759077,256.2601620348251,203.8401874607344,31.460969907885424,22.0315483716708,37.97709041080281,27.058661925366852,1.7724436551368822e-12,0.10610984080661362,0.021949541517612352,0.24283520347189524
