target_id,prot_ps,prot_acf,prot_cs,e_prot_ps,E_prot_ps,e_prot_acf,E_prot_acf,e_prot_cs,E_prot_cs,sph_ps,sph_acf,sph_cs,e_sph_ps,e_sph_acf,e_sph_cs,h_ps,fa_prob_ps,hacf,gacf,hcs
6357770,20.549859193007205,39.31437015533447,20.350703644752507,7.389056098930649,7.389056098930649,-1.0,-1.0,1.2778849650979245,1.2778849650979245,1099.1142407857578,1092.7350985199214,1103.8669531258117,248.66958543182463,208.20959788463188,246.0806821789615,14.403708771996826,5.553269641912748e-07,0.5303827661160189,0.2925089386662953,0.9800610621228344
