target_id,prot_ps,prot_acf,prot_cs,e_prot_ps,E_prot_ps,e_prot_acf,E_prot_acf,e_prot_cs,E_prot_cs,sph_ps,sph_acf,sph_cs,e_sph_ps,e_sph_acf,e_sph_cs,h_ps,fa_prob_ps,hacf,gacf,hcs
6357076,0.28975707418452645,-1.0,2.344660035042312,0.3634930499537789,0.3634930499537789,-1.0,-1.0,0.009493107290318409,0.009493107290318409,358.9863064240395,-1.0,384.5053823333603,50.04322637840646,-1.0,52.40280937929771,12.382183188977509,4.192626423689523e-06,-1.0,-1.0,0.11469871929679276
