target_id,prot_ps,prot_acf,prot_cs,e_prot_ps,E_prot_ps,e_prot_acf,E_prot_acf,e_prot_cs,E_prot_cs,sph_ps,sph_acf,sph_cs,e_sph_ps,e_sph_acf,e_sph_cs,h_ps,fa_prob_ps,hacf,gacf,hcs
6369520,45.86402950385024,-1.0,5.927219349355438,7.389056098930649,7.389056098930649,-1.0,-1.0,0.8360969626238078,0.8360969626238078,1065.4836567848567,-1.0,884.1600771385631,254.9806953881595,-1.0,282.56800637833106,22.0227421716171,2.726745458592499e-10,-1.0,-1.0,0.19513879097382483
