target_id,prot_ps,prot_acf,prot_cs,e_prot_ps,E_prot_ps,e_prot_acf,E_prot_acf,e_prot_cs,E_prot_cs,sph_ps,sph_acf,sph_cs,e_sph_ps,e_sph_acf,e_sph_cs,h_ps,fa_prob_ps,hacf,gacf,hcs
6356556,11.770263434441494,23.58044916484505,11.77959680254176,0.6747255507173651,0.6747255507173651,-1.0,-1.0,0.1558285148093489,0.1558285148093489,712.0688863646564,722.4194906699287,712.3060200171061,285.1502678261062,263.4647188177415,284.7709161097836,30.658564540274178,4.843447505260121e-14,0.3511099001617744,0.15939624321225204,0.9917838226783565
