target_id,prot_ps,prot_acf,prot_cs,e_prot_ps,E_prot_ps,e_prot_acf,E_prot_acf,e_prot_cs,E_prot_cs,sph_ps,sph_acf,sph_cs,e_sph_ps,e_sph_acf,e_sph_cs,h_ps,fa_prob_ps,hacf,gacf,hcs
6383801,8.73698554375748,-1.0,8.790519896131508,7.389056098930649,7.389056098930649,-1.0,-1.0,0.22797131678787189,0.22797131678787189,482.6553862295044,-1.0,491.68227244075854,139.4392074957096,-1.0,135.97470151135985,16.524091143518227,6.663131707848179e-08,-1.0,-1.0,0.29176661373519414
