target_id,prot_ps,prot_acf,prot_cs,e_prot_ps,E_prot_ps,e_prot_acf,E_prot_acf,e_prot_cs,E_prot_cs,sph_ps,sph_acf,sph_cs,e_sph_ps,e_sph_acf,e_sph_cs,h_ps,fa_prob_ps,hacf,gacf,hcs
6344463,0.10939485276636005,53.76029209513217,6.751582584654194,0.1488236730768927,0.1488236730768927,-1.0,-1.0,0.10778957213582183,0.10778957213582183,110.0684233637494,183.014406196462,162.72512297657212,17.139194092762203,29.78706829575637,42.823699223178096,21.66045836025179,3.9172605479395505e-10,0.12170001604242167,0.010186108663313905,0.2777551991617887
