target_id,prot_ps,prot_acf,prot_cs,e_prot_ps,E_prot_ps,e_prot_acf,E_prot_acf,e_prot_cs,E_prot_cs,sph_ps,sph_acf,sph_cs,e_sph_ps,e_sph_acf,e_sph_cs,h_ps,fa_prob_ps,hacf,gacf,hcs
6359566,0.22322099180689028,-1.0,2.42752994298935,0.3106645322892435,0.3106645322892435,-1.0,-1.0,1.3873393106384986,1.3873393106384986,542.7911234822828,-1.0,650.7613293899949,105.10743224954288,-1.0,178.98032702397524,12.126677836487934,5.413158352385878e-06,-1.0,-1.0,0.13697836256024257
