target_id,prot_ps,prot_acf,prot_cs,e_prot_ps,E_prot_ps,e_prot_acf,E_prot_acf,e_prot_cs,E_prot_cs,sph_ps,sph_acf,sph_cs,e_sph_ps,e_sph_acf,e_sph_cs,h_ps,fa_prob_ps,hacf,gacf,hcs
6373909,0.29448307486710673,-1.0,3.3378384584560994,1.3288285393650856,1.3288285393650856,-1.0,-1.0,0.6851442466017948,0.6851442466017948,521.2529342644981,-1.0,604.7617464178069,86.34740842621554,-1.0,130.2050779180045,16.83539588809546,4.8806814712180804e-08,-1.0,-1.0,0.19324769133148909
