target_id,prot_ps,prot_acf,prot_cs,e_prot_ps,E_prot_ps,e_prot_acf,E_prot_acf,e_prot_cs,E_prot_cs,sph_ps,sph_acf,sph_cs,e_sph_ps,e_sph_acf,e_sph_cs,h_ps,fa_prob_ps,hacf,gacf,hcs
6311552,0.18286443043964223,32.6531005082652,0.5958476609339622,7.389056098930649,7.389056098930649,-1.0,-1.0,0.012619237054958756,0.012619237054958756,318.0128523097897,916.9900687386978,373.97935568119885,45.16723483211905,66.80678736071494,77.2641612838688,13.877758768367876,9.396496270303672e-07,0.2067084214167551,0.0656090006911707,0.741588013258742
