target_id,prot_ps,prot_acf,prot_cs,e_prot_ps,E_prot_ps,e_prot_acf,E_prot_acf,e_prot_cs,E_prot_cs,sph_ps,sph_acf,sph_cs,e_sph_ps,e_sph_acf,e_sph_cs,h_ps,fa_prob_ps,hacf,gacf,hcs
6451025,0.268730126899957,59.54379417654127,3.001936439008015,0.007462476639852933,0.007462476639852933,-1.0,-1.0,0.013538628054093583,0.013538628054093583,369.389201834257,527.8094511034371,444.88682648700666,50.7189045424875,30.120376484097985,83.57710140381425,4659.190967173506,0.0,0.0008770119444444485,0.0005251526570384607,0.0013777268909494643
