target_id,prot_ps,prot_acf,prot_cs,e_prot_ps,E_prot_ps,e_prot_acf,E_prot_acf,e_prot_cs,E_prot_cs,sph_ps,sph_acf,sph_cs,e_sph_ps,e_sph_acf,e_sph_cs,h_ps,fa_prob_ps,hacf,gacf,hcs
6516874,0.15272615134724485,0.46997672133147717,0.9188233684891522,0.0039675201447537676,0.0039675201447537676,-1.0,-1.0,0.007098967027834756,0.007098967027834756,31307.68252982213,31863.054856011033,31970.830651433513,6651.773875234533,5750.011670661932,5666.285948372982,816699.7320760151,0.0,0.6982667480490414,0.3160305747807439,0.024687907027615967
