target_id,prot_ps,prot_acf,prot_cs,e_prot_ps,E_prot_ps,e_prot_acf,E_prot_acf,e_prot_cs,E_prot_cs,sph_ps,sph_acf,sph_cs,e_sph_ps,e_sph_acf,e_sph_cs,h_ps,fa_prob_ps,hacf,gacf,hcs
6510758,0.10154666481878724,-1.0,0.10115402200405556,0.14399898024592844,0.14399898024592844,-1.0,-1.0,0.01325582344958796,0.01325582344958796,173.95580333707414,-1.0,173.95580333707414,33.0945573082629,-1.0,33.0945573082629,18.667419219182758,7.813450078867512e-09,-1.0,-1.0,0.4486317776773066
