target_id,prot_ps,prot_acf,prot_cs,e_prot_ps,E_prot_ps,e_prot_acf,E_prot_acf,e_prot_cs,E_prot_cs,sph_ps,sph_acf,sph_cs,e_sph_ps,e_sph_acf,e_sph_cs,h_ps,fa_prob_ps,hacf,gacf,hcs
6632445,0.12644711121282082,-1.0,1.8780607413593677,0.2210109707204097,0.2210109707204097,-1.0,-1.0,0.14394789557422738,0.14394789557422738,674.0608528103319,-1.0,755.8433453735548,111.54575991605671,-1.0,103.72191423070906,12.416769771647207,4.050096817211621e-06,-1.0,-1.0,0.1398763677106248
