target_id,prot_ps,prot_acf,prot_cs,e_prot_ps,E_prot_ps,e_prot_acf,E_prot_acf,e_prot_cs,E_prot_cs,sph_ps,sph_acf,sph_cs,e_sph_ps,e_sph_acf,e_sph_cs,h_ps,fa_prob_ps,hacf,gacf,hcs
6690088,0.5665379255400215,57.37781310081482,1.7335946094989774,0.5754842862946934,0.5754842862946934,-1.0,-1.0,1.998393192600944,1.998393192600944,643.4155541170143,1205.9231063635575,753.5121155194214,113.52219261643215,117.63769323801398,182.26066895281562,36.96532541194714,8.834117102312814e-17,0.14291168592171077,0.02875546563650863,0.12905133011888664
