target_id,prot_ps,prot_acf,prot_cs,e_prot_ps,E_prot_ps,e_prot_acf,E_prot_acf,e_prot_cs,E_prot_cs,sph_ps,sph_acf,sph_cs,e_sph_ps,e_sph_acf,e_sph_cs,h_ps,fa_prob_ps,hacf,gacf,hcs
6605813,0.5594534715589263,58.726498475298285,1.449450102824637,0.7478840614720867,0.7478840614720867,-1.0,-1.0,0.010467766010640252,0.010467766010640252,555.1177911795385,1139.5749521493449,669.9519809480079,107.51845193449152,109.28048118651496,200.85832083421712,24.45693018177182,2.390507869726993e-11,0.22864276716860418,0.10709380361372398,0.2498410060750186
