target_id,prot_ps,prot_acf,prot_cs,e_prot_ps,E_prot_ps,e_prot_acf,E_prot_acf,e_prot_cs,E_prot_cs,sph_ps,sph_acf,sph_cs,e_sph_ps,e_sph_acf,e_sph_cs,h_ps,fa_prob_ps,hacf,gacf,hcs
6678230,4.381495636140343,11.524633426219225,4.324917679030316,0.23389843842756558,0.23389843842756558,-1.0,-1.0,0.014465589874221443,0.014465589874221443,178.01701651780405,195.79550141888222,177.10573147987688,56.41022024523932,50.37223058461109,52.55110981695105,42.43924214378557,3.7057090727722447e-19,0.11078584523676363,0.049454554729996804,11.430148119109635
