target_id,prot_ps,prot_acf,prot_cs,e_prot_ps,E_prot_ps,e_prot_acf,E_prot_acf,e_prot_cs,E_prot_cs,sph_ps,sph_acf,sph_cs,e_sph_ps,e_sph_acf,e_sph_cs,h_ps,fa_prob_ps,hacf,gacf,hcs
6614926,1.5080079392577355,0.8786494680680335,1.5080255400020282,0.04412868391052626,0.04412868391052626,-1.0,-1.0,0.010060754019173437,0.010060754019173437,2522.0492624053313,2411.6322655796776,2522.0492624053313,940.6808090675527,971.1785762325159,940.6808090675527,1940.9270302635377,0.0,0.05328374023005039,0.643267300216418,0.4073636146372941
