target_id,prot_ps,prot_acf,prot_cs,e_prot_ps,E_prot_ps,e_prot_acf,E_prot_acf,e_prot_cs,E_prot_cs,sph_ps,sph_acf,sph_cs,e_sph_ps,e_sph_acf,e_sph_cs,h_ps,fa_prob_ps,hacf,gacf,hcs
6610100,5.515522145759167,-1.0,5.552388195836717,2.373786105006592,2.373786105006592,-1.0,-1.0,0.11833359268564092,0.11833359268564092,715.0302109038162,-1.0,703.6617641168499,215.72109970624567,-1.0,211.86305858878356,25.7580117904864,6.507851203344548e-12,-1.0,-1.0,0.28722196545098
