target_id,prot_ps,prot_acf,prot_cs,e_prot_ps,E_prot_ps,e_prot_acf,E_prot_acf,e_prot_cs,E_prot_cs,sph_ps,sph_acf,sph_cs,e_sph_ps,e_sph_acf,e_sph_cs,h_ps,fa_prob_ps,hacf,gacf,hcs
6705244,16.962460903448218,52.473907079547644,3.1686205360069417,4.46523492085394,4.46523492085394,-1.0,-1.0,0.010700688325648827,0.010700688325648827,884.5374677099142,907.6036524251288,699.6968806542342,101.06480885490458,57.59210598674576,139.04471826237432,15.442007888225927,1.9661705402168924e-07,0.18921280247278088,0.09892439076286652,0.2605407103765134
