target_id,prot_ps,prot_acf,prot_cs,e_prot_ps,E_prot_ps,e_prot_acf,E_prot_acf,e_prot_cs,E_prot_cs,sph_ps,sph_acf,sph_cs,e_sph_ps,e_sph_acf,e_sph_cs,h_ps,fa_prob_ps,hacf,gacf,hcs
6766615,0.11166908765505992,26.318553049117327,8.771148211439138,0.10407666520504796,0.10407666520504796,-1.0,-1.0,0.7993532819789062,0.7993532819789062,390.92487274735754,1631.9588386210526,1357.9167165372692,192.42715538826008,1344.7887435530647,1253.2037644728612,13.5224476198191,1.340527158069566e-06,0.04830082545964573,0.08819953766896872,3.151154448163675
