target_id,prot_ps,prot_acf,prot_cs,e_prot_ps,E_prot_ps,e_prot_acf,E_prot_acf,e_prot_cs,E_prot_cs,sph_ps,sph_acf,sph_cs,e_sph_ps,e_sph_acf,e_sph_cs,h_ps,fa_prob_ps,hacf,gacf,hcs
6778487,0.19688788605706464,0.20433046855032444,0.20338363799047238,0.005148768417898532,0.005148768417898532,-1.0,-1.0,0.014490518443510958,0.014490518443510958,62906.9031944227,62873.406070429664,62906.03605432481,2426.4813165985993,2560.1255639282213,2495.7865681442136,397092.7864868378,0.0,1.258597482765984,0.7703234509568615,0.00021274254259774425
