target_id,prot_ps,prot_acf,prot_cs,e_prot_ps,E_prot_ps,e_prot_acf,E_prot_acf,e_prot_cs,E_prot_cs,sph_ps,sph_acf,sph_cs,e_sph_ps,e_sph_acf,e_sph_cs,h_ps,fa_prob_ps,hacf,gacf,hcs
6785479,0.26573002925582606,-1.0,3.0464649358463376,0.5552515745199595,0.5552515745199595,-1.0,-1.0,0.18889053682553938,0.18889053682553938,261.5628142599355,-1.0,294.4667216599335,29.440520547555327,-1.0,40.91901556521426,15.930472809461918,1.2063784336512248e-07,-1.0,-1.0,0.19743334828260523
