target_id,prot_ps,prot_acf,prot_cs,e_prot_ps,E_prot_ps,e_prot_acf,E_prot_acf,e_prot_cs,E_prot_cs,sph_ps,sph_acf,sph_cs,e_sph_ps,e_sph_acf,e_sph_cs,h_ps,fa_prob_ps,hacf,gacf,hcs
6775078,0.5667458919435795,-1.0,1.2075985631943107,2.3019502559381895,2.3019502559381895,-1.0,-1.0,0.01145049393384093,0.01145049393384093,323.6544562126794,-1.0,348.63779020055847,51.652912675170064,-1.0,65.38285372483124,19.063910111559192,5.2559234952978005e-09,-1.0,-1.0,0.2431797221670359
