target_id,prot_ps,prot_acf,prot_cs,e_prot_ps,E_prot_ps,e_prot_acf,E_prot_acf,e_prot_cs,E_prot_cs,sph_ps,sph_acf,sph_cs,e_sph_ps,e_sph_acf,e_sph_cs,h_ps,fa_prob_ps,hacf,gacf,hcs
6841911,0.11436495307942268,53.801065725274384,2.9305540624074635,0.16532911765318714,0.16532911765318714,-1.0,-1.0,0.18562082801320454,0.18562082801320454,415.08091128051745,919.5940344103699,608.406451833091,73.85149031502668,153.19137164789646,194.20069025523148,13.73380808452958,1.0851329059292858e-06,0.3016415020461632,0.2060915680712372,2.064829314824337
