target_id,prot_ps,prot_acf,prot_cs,e_prot_ps,E_prot_ps,e_prot_acf,E_prot_acf,e_prot_cs,E_prot_cs,sph_ps,sph_acf,sph_cs,e_sph_ps,e_sph_acf,e_sph_cs,h_ps,fa_prob_ps,hacf,gacf,hcs
6853086,4.670836813622749,1.307759016752243,4.649380736110784,0.17953047297120103,0.17953047297120103,-1.0,-1.0,0.07809766184777163,0.07809766184777163,176.3329595378157,152.9498494830916,173.19354839464663,45.80817537457839,29.367291319067707,32.83051896839689,76.66787806915802,5.053166581610055e-34,0.3365495942638631,0.4898881816961832,0.6854931293112057
