target_id,prot_ps,prot_acf,prot_cs,e_prot_ps,E_prot_ps,e_prot_acf,E_prot_acf,e_prot_cs,E_prot_cs,sph_ps,sph_acf,sph_cs,e_sph_ps,e_sph_acf,e_sph_cs,h_ps,fa_prob_ps,hacf,gacf,hcs
6922404,14.170094046569927,14.079033744055778,14.18210208005725,0.4887677609743247,0.4887677609743247,-1.0,-1.0,0.102494880153674,0.102494880153674,3660.108934378972,3655.9521723183243,3662.8963090041348,1050.2987922808945,1040.039321614444,1055.7246362138608,242.5484732677104,4.597655913808979e-106,0.8390976259487022,0.504138258853102,0.935078143517875
