target_id,prot_ps,prot_acf,prot_cs,e_prot_ps,E_prot_ps,e_prot_acf,E_prot_acf,e_prot_cs,E_prot_cs,sph_ps,sph_acf,sph_cs,e_sph_ps,e_sph_acf,e_sph_cs,h_ps,fa_prob_ps,hacf,gacf,hcs
7024901,9.425412352867443,9.15435129404068,9.41570190724952,0.3447701980741134,0.3447701980741134,-1.0,-1.0,0.0491353448516564,0.0491353448516564,4937.431697319375,4916.798457877431,4941.679494120678,1705.7814160983612,1822.0504572874645,1711.0899035754237,293.8598479919528,2.3894038777223455e-128,1.0055165964582005,0.5863109642298301,0.9147065061545027
