target_id,prot_ps,prot_acf,prot_cs,e_prot_ps,E_prot_ps,e_prot_acf,E_prot_acf,e_prot_cs,E_prot_cs,sph_ps,sph_acf,sph_cs,e_sph_ps,e_sph_acf,e_sph_cs,h_ps,fa_prob_ps,hacf,gacf,hcs
7036871,54.056081853749625,57.33692480623722,53.548588341574714,3.4841836632281087,3.4841836632281087,-1.0,-1.0,1.6203320846921385,1.6203320846921385,477.55318299385004,492.0849855365579,479.6297724018553,49.265504748910494,23.43508811590879,46.80857181193432,29.79674089640167,1.146673695529817e-13,0.1878164724285985,0.14185908567220404,0.2663806941874129
