target_id,prot_ps,prot_acf,prot_cs,e_prot_ps,E_prot_ps,e_prot_acf,E_prot_acf,e_prot_cs,E_prot_cs,sph_ps,sph_acf,sph_cs,e_sph_ps,e_sph_acf,e_sph_cs,h_ps,fa_prob_ps,hacf,gacf,hcs
7102500,7.477984083170939,7.233548820018768,7.521580110676847,0.21110847222912155,0.21110847222912155,-1.0,-1.0,0.09854145774507717,0.09854145774507717,2904.7451742321064,2857.845117078186,2920.2112329320457,1086.7707273288893,1111.0273545044865,1053.4515457363304,618.0655817217978,3.780318606829334e-269,0.6327513011500984,0.5404308977668207,0.8612791947549853
