target_id,prot_ps,prot_acf,prot_cs,e_prot_ps,E_prot_ps,e_prot_acf,E_prot_acf,e_prot_cs,E_prot_cs,sph_ps,sph_acf,sph_cs,e_sph_ps,e_sph_acf,e_sph_cs,h_ps,fa_prob_ps,hacf,gacf,hcs
7281356,0.5669578547426765,59.68688310589641,28.62604783864706,0.016110221003317635,0.016110221003317635,-1.0,-1.0,0.32474615565222587,0.32474615565222587,428.7888580114595,718.3711348485929,705.8012073639302,75.61998309854947,140.74203129568653,168.4188910904713,1709.8360772967678,0.0,0.2737811417061995,0.18909058656062022,0.00508750034098926
