target_id,prot_ps,prot_acf,prot_cs,e_prot_ps,E_prot_ps,e_prot_acf,E_prot_acf,e_prot_cs,E_prot_cs,sph_ps,sph_acf,sph_cs,e_sph_ps,e_sph_acf,e_sph_cs,h_ps,fa_prob_ps,hacf,gacf,hcs
7268095,22.515519645194438,21.496108073741198,22.52796510171829,2.150132396789088,2.150132396789088,-1.0,-1.0,0.5142534194939554,0.5142534194939554,4338.511017480189,4258.0692225852235,4334.465460555441,556.9406604165861,697.9350170327147,580.4411083852915,30.28877388548915,7.010558827094011e-14,0.7336714890588372,0.3518099909602394,0.9361788742456932
