target_id,prot_ps,prot_acf,prot_cs,e_prot_ps,E_prot_ps,e_prot_acf,E_prot_acf,e_prot_cs,E_prot_cs,sph_ps,sph_acf,sph_cs,e_sph_ps,e_sph_acf,e_sph_cs,h_ps,fa_prob_ps,hacf,gacf,hcs
7295611,6.38634636810998,-1.0,6.397805668134241,4.16230320334015,4.16230320334015,-1.0,-1.0,0.2558082619923599,0.2558082619923599,198.3828264647227,-1.0,196.625202772117,74.51966005079571,-1.0,71.49347067771733,19.920236835821335,2.2322923142844437e-09,-1.0,-1.0,0.36334263173979103
