target_id,prot_ps,prot_acf,prot_cs,e_prot_ps,E_prot_ps,e_prot_acf,E_prot_acf,e_prot_cs,E_prot_cs,sph_ps,sph_acf,sph_cs,e_sph_ps,e_sph_acf,e_sph_cs,h_ps,fa_prob_ps,hacf,gacf,hcs
7204593,52.62439207790007,-1.0,4.2439329158415395,7.389056098930265,7.389056098930265,-1.0,-1.0,0.06937502511774303,0.06937502511774303,308.5013329959585,-1.0,251.4443215968771,46.90334595054318,-1.0,57.33438348583147,19.262967197903873,4.307245648009175e-09,-1.0,-1.0,0.254618839165056
