target_id,prot_ps,prot_acf,prot_cs,e_prot_ps,E_prot_ps,e_prot_acf,E_prot_acf,e_prot_cs,E_prot_cs,sph_ps,sph_acf,sph_cs,e_sph_ps,e_sph_acf,e_sph_cs,h_ps,fa_prob_ps,hacf,gacf,hcs
7202230,20.556551841271784,20.924094200134277,20.761850735340264,2.7420090337969767,2.7420090337969767,-1.0,-1.0,2.0884802729713314,2.0884802729713314,2344.6316695831897,2361.6647464023504,2347.204074520866,1247.7882342061152,1237.1409702741305,1263.679149653529,30.085487740655285,8.590900496224539e-14,0.6766702409133377,0.2789969986090506,0.9920943155521355
