target_id,prot_ps,prot_acf,prot_cs,e_prot_ps,E_prot_ps,e_prot_acf,E_prot_acf,e_prot_cs,E_prot_cs,sph_ps,sph_acf,sph_cs,e_sph_ps,e_sph_acf,e_sph_cs,h_ps,fa_prob_ps,hacf,gacf,hcs
7287728,0.845606915835671,-1.0,0.8255212802439927,0.7352936408890492,0.7352936408890492,-1.0,-1.0,0.5037827434405594,0.5037827434405594,546.8538097885692,-1.0,545.5938438105536,104.13957564772184,-1.0,89.00472612440988,12.675222794040243,3.1276682657937128e-06,-1.0,-1.0,0.24764238845125613
