target_id,prot_ps,prot_acf,prot_cs,e_prot_ps,E_prot_ps,e_prot_acf,E_prot_acf,e_prot_cs,E_prot_cs,sph_ps,sph_acf,sph_cs,e_sph_ps,e_sph_acf,e_sph_cs,h_ps,fa_prob_ps,hacf,gacf,hcs
7379728,11.953177394762122,23.84617266850546,23.960805940716526,0.35213694116467725,0.35213694116467725,-1.0,-1.0,0.5562529987718474,0.5562529987718474,335.3078331067019,343.8401103794294,342.99181087613675,105.46591045670532,94.13628612542318,95.11366222982069,55.745926995830956,6.163842274888098e-25,0.6928242974780355,0.4070505644608818,0.990685742240356
