target_id,prot_ps,prot_acf,prot_cs,e_prot_ps,E_prot_ps,e_prot_acf,E_prot_acf,e_prot_cs,E_prot_cs,sph_ps,sph_acf,sph_cs,e_sph_ps,e_sph_acf,e_sph_cs,h_ps,fa_prob_ps,hacf,gacf,hcs
7335086,54.05608516334558,-1.0,2.7654988097213202,7.38905609891886,7.38905609891886,-1.0,-1.0,0.3327829258592153,0.3327829258592153,848.2251266337659,-1.0,567.2705763954682,152.03997732848214,-1.0,130.1648881434041,22.03792548873368,2.6856571354669683e-10,-1.0,-1.0,0.2147941871477101
