target_id,prot_ps,prot_acf,prot_cs,e_prot_ps,E_prot_ps,e_prot_acf,E_prot_acf,e_prot_cs,E_prot_cs,sph_ps,sph_acf,sph_cs,e_sph_ps,e_sph_acf,e_sph_cs,h_ps,fa_prob_ps,hacf,gacf,hcs
7358254,21.353432636531085,20.903639554046094,21.322146663024096,2.578674199751528,2.578674199751528,-1.0,-1.0,0.3457211887284393,0.3457211887284393,4425.94251881869,4483.042028473636,4430.06131854187,1697.3769498182148,1750.3461699349682,1695.04201699064,52.17404590147542,2.1933087258473224e-23,0.8589678500146789,0.4706058552460551,0.9801818255967611
