target_id,prot_ps,prot_acf,prot_cs,e_prot_ps,E_prot_ps,e_prot_acf,E_prot_acf,e_prot_cs,E_prot_cs,sph_ps,sph_acf,sph_cs,e_sph_ps,e_sph_acf,e_sph_cs,h_ps,fa_prob_ps,hacf,gacf,hcs
7375780,58.83764978087909,6.375322882086039,6.703831746108126,7.389056098919623,7.389056098919623,-1.0,-1.0,0.20543279804761144,0.20543279804761144,381.5587616938191,360.6484426450994,364.11984338147977,40.033870633667554,80.2075653986586,76.10706049119166,17.28873940267002,3.101672063125465e-08,0.16755507087844856,0.17921206002061238,0.7647066281200818
