target_id,prot_ps,prot_acf,prot_cs,e_prot_ps,E_prot_ps,e_prot_acf,E_prot_acf,e_prot_cs,E_prot_cs,sph_ps,sph_acf,sph_cs,e_sph_ps,e_sph_acf,e_sph_cs,h_ps,fa_prob_ps,hacf,gacf,hcs
7367854,11.961465800334429,11.58590773679316,11.834177188295874,0.7108085767309232,0.7108085767309232,-1.0,-1.0,0.41935978167096233,0.41935978167096233,3335.0423519972405,3391.5226543350896,3360.5879368638916,1355.291827697192,1349.9833278643023,1336.968301620632,79.03348246995526,4.7445461756186226e-35,0.9795609934124719,0.5786908670122994,0.8977983328404467
