target_id,prot_ps,prot_acf,prot_cs,e_prot_ps,E_prot_ps,e_prot_acf,E_prot_acf,e_prot_cs,E_prot_cs,sph_ps,sph_acf,sph_cs,e_sph_ps,e_sph_acf,e_sph_cs,h_ps,fa_prob_ps,hacf,gacf,hcs
7353250,39.43379806933737,40.152180588338524,4.888522287369545,5.454695823062173,5.454695823062173,-1.0,-1.0,0.01569232297278557,0.01569232297278557,1661.4530546234282,1755.0750200064904,1330.720614067505,489.3692501520525,444.3282112782004,624.7632505015112,14.682963577478885,4.2001997071462896e-07,0.5207115461171861,0.19568770780274128,2.5593288916018486
