target_id,prot_ps,prot_acf,prot_cs,e_prot_ps,E_prot_ps,e_prot_acf,E_prot_acf,e_prot_cs,E_prot_cs,sph_ps,sph_acf,sph_cs,e_sph_ps,e_sph_acf,e_sph_cs,h_ps,fa_prob_ps,hacf,gacf,hcs
7466295,0.15689072059791834,-1.0,1.2440086488344357,7.389056098929807,7.389056098929807,-1.0,-1.0,0.009598303725376985,0.009598303725376985,626.0095417874303,-1.0,652.613293211056,99.4904917190977,-1.0,71.41926605097267,13.354364349728986,1.5858907046119825e-06,-1.0,-1.0,0.16345227929134115
