target_id,prot_ps,prot_acf,prot_cs,e_prot_ps,E_prot_ps,e_prot_acf,E_prot_acf,e_prot_cs,E_prot_cs,sph_ps,sph_acf,sph_cs,e_sph_ps,e_sph_acf,e_sph_cs,h_ps,fa_prob_ps,hacf,gacf,hcs
7431887,0.5220923577186675,7.294846756383777,7.552348266447373,0.31808176435297086,0.31808176435297086,-1.0,-1.0,0.4920302134521628,0.4920302134521628,652.6942642881268,1173.736397348496,1152.3506638149427,369.30091726401395,361.7744734662119,373.67474086738713,140.37400754619264,1.0872843075718085e-61,0.6971245897195367,0.5089017845949309,0.34709968167667615
