target_id,prot_ps,prot_acf,prot_cs,e_prot_ps,E_prot_ps,e_prot_acf,E_prot_acf,e_prot_cs,E_prot_cs,sph_ps,sph_acf,sph_cs,e_sph_ps,e_sph_acf,e_sph_cs,h_ps,fa_prob_ps,hacf,gacf,hcs
7432608,1.6595520951257183,-1.0,2.988543218409662,0.8808478060495785,0.8808478060495785,-1.0,-1.0,0.09892683866675522,0.09892683866675522,511.06914349296477,-1.0,621.0034065501727,239.63288965785642,-1.0,319.65578636517836,18.406287643419873,1.0144971799462869e-08,-1.0,-1.0,0.4577593632856923
