target_id,prot_ps,prot_acf,prot_cs,e_prot_ps,E_prot_ps,e_prot_acf,E_prot_acf,e_prot_cs,E_prot_cs,sph_ps,sph_acf,sph_cs,e_sph_ps,e_sph_acf,e_sph_cs,h_ps,fa_prob_ps,hacf,gacf,hcs
7532553,54.05619397723219,-1.0,5.906971355136485,7.389056098930649,7.389056098930649,-1.0,-1.0,0.31342828243397963,0.31342828243397963,658.243771951113,-1.0,570.8244864363248,49.75953997002056,-1.0,150.65551851361317,13.463617351334708,1.4217566814229002e-06,-1.0,-1.0,0.20750868112917478
