target_id,prot_ps,prot_acf,prot_cs,e_prot_ps,E_prot_ps,e_prot_acf,E_prot_acf,e_prot_cs,E_prot_cs,sph_ps,sph_acf,sph_cs,e_sph_ps,e_sph_acf,e_sph_cs,h_ps,fa_prob_ps,hacf,gacf,hcs
7585206,52.500192924178506,55.232350738719106,1.7599564813636246,7.3890560989304355,7.3890560989304355,-1.0,-1.0,0.10150153609961235,0.10150153609961235,214.5375415286444,210.139076689365,120.98470387169291,58.66359549757227,74.11868326549359,31.62157202448361,15.931528358327432,1.2051057140912178e-07,0.2665542367205844,0.19295213420476923,1.8421015524611333
