target_id,prot_ps,prot_acf,prot_cs,e_prot_ps,E_prot_ps,e_prot_acf,E_prot_acf,e_prot_cs,E_prot_cs,sph_ps,sph_acf,sph_cs,e_sph_ps,e_sph_acf,e_sph_cs,h_ps,fa_prob_ps,hacf,gacf,hcs
7598209,15.046556372798063,14.814413723070174,15.053254571870228,0.632179877323751,0.632179877323751,-1.0,-1.0,0.1539986718518038,0.1539986718518038,2766.0306669094343,2737.619541258863,2678.2713386827672,876.1536202119016,827.8453078785913,806.7873374260703,171.86591607771797,2.288658634532009e-75,1.0035679983553596,0.5218682789739914,0.960488341730633
