target_id,prot_ps,prot_acf,prot_cs,e_prot_ps,E_prot_ps,e_prot_acf,E_prot_acf,e_prot_cs,E_prot_cs,sph_ps,sph_acf,sph_cs,e_sph_ps,e_sph_acf,e_sph_cs,h_ps,fa_prob_ps,hacf,gacf,hcs
7550902,0.4232935826051029,-1.0,1.4652990035153923,0.6500377541416505,0.6500377541416505,-1.0,-1.0,0.9372981428947428,0.9372981428947428,346.0951403049983,-1.0,356.3066751456802,34.375980940806144,-1.0,31.936529559393943,12.839046443846419,2.6550516652732817e-06,-1.0,-1.0,0.09055329997600609
