target_id,prot_ps,prot_acf,prot_cs,e_prot_ps,E_prot_ps,e_prot_acf,E_prot_acf,e_prot_cs,E_prot_cs,sph_ps,sph_acf,sph_cs,e_sph_ps,e_sph_acf,e_sph_cs,h_ps,fa_prob_ps,hacf,gacf,hcs
7663165,0.3988739274500526,-1.0,0.2889320991095155,7.389056098538028,7.389056098538028,-1.0,-1.0,0.019399403462560888,0.019399403462560888,603.5577465695178,-1.0,599.6902795476299,93.76226431208886,-1.0,96.73004836434843,14.921455037332121,3.308982080776887e-07,-1.0,-1.0,0.14028141876908007
