target_id,prot_ps,prot_acf,prot_cs,e_prot_ps,E_prot_ps,e_prot_acf,E_prot_acf,e_prot_cs,E_prot_cs,sph_ps,sph_acf,sph_cs,e_sph_ps,e_sph_acf,e_sph_cs,h_ps,fa_prob_ps,hacf,gacf,hcs
7688068,0.2609476445365866,37.98731686035171,2.0076927582959407,0.2983348951959117,0.2983348951959117,-1.0,-1.0,0.37051939759964636,0.37051939759964636,683.4141184801082,885.4785451592592,774.5049699316581,122.62251031239866,71.47502942349062,173.55986264150144,25.37907622844882,9.506206370730948e-12,0.04977583030789802,0.028911156363233464,0.15805300823657376
