target_id,prot_ps,prot_acf,prot_cs,e_prot_ps,E_prot_ps,e_prot_acf,E_prot_acf,e_prot_cs,E_prot_cs,sph_ps,sph_acf,sph_cs,e_sph_ps,e_sph_acf,e_sph_cs,h_ps,fa_prob_ps,hacf,gacf,hcs
7769045,2.4087958719793803,55.60027810698375,2.4289877144532386,1.4319583308177546,1.4319583308177546,-1.0,-1.0,0.012814780964618711,0.012814780964618711,168.64157161866365,213.29272348695332,166.32452138830172,49.358550190366365,46.52120260612434,40.30305688031429,32.37021258285722,8.745714527021765e-15,0.16004567800639224,0.09296459483460284,0.10199595097212939
