target_id,prot_ps,prot_acf,prot_cs,e_prot_ps,E_prot_ps,e_prot_acf,E_prot_acf,e_prot_cs,E_prot_cs,sph_ps,sph_acf,sph_cs,e_sph_ps,e_sph_acf,e_sph_cs,h_ps,fa_prob_ps,hacf,gacf,hcs
7730639,54.041414595501536,53.69981546513736,2.987772744597695,7.389056098930649,7.389056098930649,-1.0,-1.0,0.07747544006652286,0.07747544006652286,818.9855712054177,819.1952545910839,558.3435700736896,87.41491631864386,86.5059763030239,108.16544458161248,19.766502540067677,2.603256852936737e-09,0.1668311921547722,0.02933279456609266,0.23564721659835813
