target_id,prot_ps,prot_acf,prot_cs,e_prot_ps,E_prot_ps,e_prot_acf,E_prot_acf,e_prot_cs,E_prot_cs,sph_ps,sph_acf,sph_cs,e_sph_ps,e_sph_acf,e_sph_cs,h_ps,fa_prob_ps,hacf,gacf,hcs
7743974,52.12563195856379,57.54131281375885,0.7636075496627017,5.2775322250553485,5.2775322250553485,-1.0,-1.0,0.26817787513061886,0.26817787513061886,632.3436425839014,638.001734657326,379.8004182774207,81.15505590034887,104.95367666085802,46.69393348613534,28.534945533054035,4.0497723751348655e-13,0.25406594458356274,0.1367031298747188,0.24377328301168535
