target_id,prot_ps,prot_acf,prot_cs,e_prot_ps,E_prot_ps,e_prot_acf,E_prot_acf,e_prot_cs,E_prot_cs,sph_ps,sph_acf,sph_cs,e_sph_ps,e_sph_acf,e_sph_cs,h_ps,fa_prob_ps,hacf,gacf,hcs
7879358,28.611302956524227,59.50289694964886,28.62989095154599,7.389056098930649,7.389056098930649,-1.0,-1.0,0.30434108948121313,0.30434108948121313,812.1726949767178,815.7347895219531,812.0824859101051,103.79090843938167,83.29761144995224,103.74568611318186,15.007670799188574,3.0356478208577483e-07,0.17483201052333178,0.08138573836639654,0.9840549990901557
