target_id,prot_ps,prot_acf,prot_cs,e_prot_ps,E_prot_ps,e_prot_acf,E_prot_acf,e_prot_cs,E_prot_cs,sph_ps,sph_acf,sph_cs,e_sph_ps,e_sph_acf,e_sph_cs,h_ps,fa_prob_ps,hacf,gacf,hcs
7825734,0.20994176638667653,57.909305576235056,0.5094876201459505,0.29332342585887283,0.29332342585887283,-1.0,-1.0,0.010575952618074033,0.010575952618074033,314.4367872484767,1403.4959415917858,365.47865072666553,124.69359964791624,91.14893751400756,145.06785907680845,14.629468277416443,4.4310092223585654e-07,0.3760460443076031,0.15209262815664307,0.5790257584674172
