target_id,prot_ps,prot_acf,prot_cs,e_prot_ps,E_prot_ps,e_prot_acf,E_prot_acf,e_prot_cs,E_prot_cs,sph_ps,sph_acf,sph_cs,e_sph_ps,e_sph_acf,e_sph_cs,h_ps,fa_prob_ps,hacf,gacf,hcs
7803596,9.539323131544698,9.542528414633125,9.539724227037267,0.2840100353902196,0.2840100353902196,-1.0,-1.0,0.03500575396358251,0.03500575396358251,7567.208906062783,7568.302243778987,7567.208906062783,2913.231061887234,2914.0034959794893,2913.231061887234,543.539122688286,8.789381553891282e-237,1.042201368220386,0.6112225374365369,0.9516775300727953
