target_id,prot_ps,prot_acf,prot_cs,e_prot_ps,E_prot_ps,e_prot_acf,E_prot_acf,e_prot_cs,E_prot_cs,sph_ps,sph_acf,sph_cs,e_sph_ps,e_sph_acf,e_sph_cs,h_ps,fa_prob_ps,hacf,gacf,hcs
7882153,12.912875351223105,40.3361333431676,3.7626624082122,4.451902218049767,4.451902218049767,-1.0,-1.0,1.2692707201138296,1.2692707201138296,1444.3354524700446,1555.26674404287,1114.4568007095609,719.0192620182081,548.3110842843238,707.6042276080767,14.941798271721153,3.242346769648783e-07,0.5040751992828885,0.25441990469756526,1.0975211081749625
