target_id,prot_ps,prot_acf,prot_cs,e_prot_ps,E_prot_ps,e_prot_acf,E_prot_acf,e_prot_cs,E_prot_cs,sph_ps,sph_acf,sph_cs,e_sph_ps,e_sph_acf,e_sph_cs,h_ps,fa_prob_ps,hacf,gacf,hcs
7958449,12.368753299381492,-1.0,0.8049032231094314,4.880700389429711,4.880700389429711,-1.0,-1.0,0.050389975296070866,0.050389975296070866,1345.6458685664763,-1.0,751.8230056163296,552.3988140204408,-1.0,138.39966287149008,11.314302214032972,1.2197223500731952e-05,-1.0,-1.0,0.37766118170582663
