target_id,prot_ps,prot_acf,prot_cs,e_prot_ps,E_prot_ps,e_prot_acf,E_prot_acf,e_prot_cs,E_prot_cs,sph_ps,sph_acf,sph_cs,e_sph_ps,e_sph_acf,e_sph_cs,h_ps,fa_prob_ps,hacf,gacf,hcs
7948562,1.766971551204894,58.685610983520746,0.9710098307579756,2.4745774612760476,2.4745774612760476,-1.0,-1.0,4.545871991234241,4.545871991234241,187.30973153017402,315.7481991590413,178.00316187765324,31.758665307374546,57.93590232331309,30.025658385315623,13.263368720815336,1.7369693420294372e-06,0.22114955420269902,0.06546668407302159,0.5464256302338962
