target_id,prot_ps,prot_acf,prot_cs,e_prot_ps,E_prot_ps,e_prot_acf,E_prot_acf,e_prot_cs,E_prot_cs,sph_ps,sph_acf,sph_cs,e_sph_ps,e_sph_acf,e_sph_cs,h_ps,fa_prob_ps,hacf,gacf,hcs
7949266,0.17485229795607243,-1.0,59.99999999999999,7.389056098930591,7.389056098930591,-1.0,-1.0,0.7040614143631829,0.7040614143631829,353.47725399443596,-1.0,1586.7926851540362,49.23511168730276,-1.0,365.79736158702207,10.95843623296985,1.7410514842453637e-05,-1.0,-1.0,0.6448473115441403
