target_id,prot_ps,prot_acf,prot_cs,e_prot_ps,E_prot_ps,e_prot_acf,E_prot_acf,e_prot_cs,E_prot_cs,sph_ps,sph_acf,sph_cs,e_sph_ps,e_sph_acf,e_sph_cs,h_ps,fa_prob_ps,hacf,gacf,hcs
7958890,1.6951136716254043,1.6960407504811883,1.694923817996838,0.0487171006962555,0.0487171006962555,-1.0,-1.0,0.015821102523100577,0.015821102523100577,3003.014679542686,3002.2647278789864,3003.014679542686,890.449512827845,900.6112183133,890.449512827845,4459.692537498501,0.0,1.4542210332160528,0.9095795874256226,0.48079870036340455
