target_id,prot_ps,prot_acf,prot_cs,e_prot_ps,E_prot_ps,e_prot_acf,E_prot_acf,e_prot_cs,E_prot_cs,sph_ps,sph_acf,sph_cs,e_sph_ps,e_sph_acf,e_sph_cs,h_ps,fa_prob_ps,hacf,gacf,hcs
7984859,1.845846314605497,-1.0,1.8465990751554706,0.07567498680418576,0.07567498680418576,-1.0,-1.0,0.052030258836703515,0.052030258836703515,471.3181823119478,-1.0,471.3181823119478,61.99406077473396,-1.0,61.99406077473396,172.17000274485207,1.688565293628922e-75,-1.0,-1.0,0.1516187321301754
