target_id,prot_ps,prot_acf,prot_cs,e_prot_ps,E_prot_ps,e_prot_acf,E_prot_acf,e_prot_cs,E_prot_cs,sph_ps,sph_acf,sph_cs,e_sph_ps,e_sph_acf,e_sph_cs,h_ps,fa_prob_ps,hacf,gacf,hcs
8097591,0.43136364723650295,57.13266475684941,5.283341130018234,4.374005610753449,4.374005610753449,-1.0,-1.0,0.3372608348495156,0.3372608348495156,241.81778609859578,402.91654752935494,338.3864775278987,35.03344174081556,58.81870918548636,87.10927660811996,16.086788166104153,1.0318027188231554e-07,0.31280552670175354,0.11525536965135041,0.18433158849878709
