target_id,prot_ps,prot_acf,prot_cs,e_prot_ps,E_prot_ps,e_prot_acf,E_prot_acf,e_prot_cs,E_prot_cs,sph_ps,sph_acf,sph_cs,e_sph_ps,e_sph_acf,e_sph_cs,h_ps,fa_prob_ps,hacf,gacf,hcs
8016509,1.5220976953628789,58.46094010863453,3.095099125569687,0.6015807910793177,0.6015807910793177,-1.0,-1.0,0.1795697372215708,0.1795697372215708,800.6508474131258,3109.467485134105,1240.7539182653904,541.6489851964116,847.9223765999025,1059.264966120261,33.22978730028409,3.702429014376247e-15,0.4737333090989659,0.19311415993096828,2.044611053897091
