target_id,prot_ps,prot_acf,prot_cs,e_prot_ps,E_prot_ps,e_prot_acf,E_prot_acf,e_prot_cs,E_prot_cs,sph_ps,sph_acf,sph_cs,e_sph_ps,e_sph_acf,e_sph_cs,h_ps,fa_prob_ps,hacf,gacf,hcs
8044063,2.2092778554204724,2.2068439442664385,2.173517896982514,0.07482391768487427,0.07482391768487427,-1.0,-1.0,0.012636986868226006,0.012636986868226006,2709.704576756973,2709.704576756973,2699.4974523768315,888.9916127989319,888.9916127989319,893.6116236276767,1400.772412415727,0.0,1.3473779549409755,0.8962498554902055,0.27678313656891557
