target_id,prot_ps,prot_acf,prot_cs,e_prot_ps,E_prot_ps,e_prot_acf,E_prot_acf,e_prot_cs,E_prot_cs,sph_ps,sph_acf,sph_cs,e_sph_ps,e_sph_acf,e_sph_cs,h_ps,fa_prob_ps,hacf,gacf,hcs
8007721,0.10354235810243786,-1.0,1.011231604083441,0.13614704700801306,0.13614704700801306,-1.0,-1.0,0.52756126883718,0.52756126883718,731.5595990222454,-1.0,848.6246244662182,170.5445870047013,-1.0,263.35785271950823,10.017708760905602,4.460303013918602e-05,-1.0,-1.0,0.37917745215918547
