target_id,prot_ps,prot_acf,prot_cs,e_prot_ps,E_prot_ps,e_prot_acf,E_prot_acf,e_prot_cs,E_prot_cs,sph_ps,sph_acf,sph_cs,e_sph_ps,e_sph_acf,e_sph_cs,h_ps,fa_prob_ps,hacf,gacf,hcs
8174293,17.17049226306318,17.286939502693713,2.002979411530094,7.389056098930649,7.389056098930649,-1.0,-1.0,0.011548387453434675,0.011548387453434675,445.6974690110197,444.1045759472798,319.5204547304046,137.22105430822003,140.33526307411742,184.02379817371366,17.976969147354733,1.558480949592783e-08,0.38505052161129033,0.2384264640510866,1.2217503422602514
