target_id,prot_ps,prot_acf,prot_cs,e_prot_ps,E_prot_ps,e_prot_acf,E_prot_acf,e_prot_cs,E_prot_cs,sph_ps,sph_acf,sph_cs,e_sph_ps,e_sph_acf,e_sph_cs,h_ps,fa_prob_ps,hacf,gacf,hcs
8192911,4.388992632424079,8.786507896147668,8.757610981437606,0.1618672340817185,0.1618672340817185,-1.0,-1.0,0.11616947161909016,0.11616947161909016,2436.1493363282143,2583.3770475850947,2565.155518310435,847.6145081767343,849.3837992493768,864.1151670343154,254.86027241287104,2.0681880989895182e-111,0.9324822333098357,0.6381696459573949,0.9764607948555377
