target_id,prot_ps,prot_acf,prot_cs,e_prot_ps,E_prot_ps,e_prot_acf,E_prot_acf,e_prot_cs,E_prot_cs,sph_ps,sph_acf,sph_cs,e_sph_ps,e_sph_acf,e_sph_cs,h_ps,fa_prob_ps,hacf,gacf,hcs
8120400,1.175093735005871,1.1647227150388062,1.1676272288362788,0.031199818462757527,0.031199818462757527,-1.0,-1.0,0.009696435751229113,0.009696435751229113,351.0389126271075,349.9980553376975,349.9980553376975,123.99669858210304,124.2958744414059,124.2958744414059,5749.7828536245015,0.0,0.5442484921679427,0.713291723715424,0.018011377843999046
