target_id,prot_ps,prot_acf,prot_cs,e_prot_ps,E_prot_ps,e_prot_acf,E_prot_acf,e_prot_cs,E_prot_cs,sph_ps,sph_acf,sph_cs,e_sph_ps,e_sph_acf,e_sph_cs,h_ps,fa_prob_ps,hacf,gacf,hcs
8164149,19.993342120003145,19.350704807788134,3.176008498705924,1.3466947294678817,1.3466947294678817,-1.0,-1.0,0.11765592147224226,0.11765592147224226,865.3125909466631,868.9202700178442,727.7119104373976,218.32500584021435,226.80233198591912,229.24956209457653,26.521779462905922,3.032058170213266e-12,0.24443233102117284,0.041226177853475994,2.598791966145474
