target_id,prot_ps,prot_acf,prot_cs,e_prot_ps,E_prot_ps,e_prot_acf,E_prot_acf,e_prot_cs,E_prot_cs,sph_ps,sph_acf,sph_cs,e_sph_ps,e_sph_acf,e_sph_cs,h_ps,fa_prob_ps,hacf,gacf,hcs
8143680,0.17604571725345317,23.845862371847034,0.9699769381247383,7.389054007220766,7.389054007220766,-1.0,-1.0,0.9053426834920593,0.9053426834920593,511.4386462169314,2614.4585954479435,947.8827789468387,107.92372091023633,189.7783706899215,449.95610264277053,9.816495688133985,5.45443902328845e-05,0.7008735181173302,0.3325993812676465,1.2043944043158568
