target_id,prot_ps,prot_acf,prot_cs,e_prot_ps,E_prot_ps,e_prot_acf,E_prot_acf,e_prot_cs,E_prot_cs,sph_ps,sph_acf,sph_cs,e_sph_ps,e_sph_acf,e_sph_cs,h_ps,fa_prob_ps,hacf,gacf,hcs
8143032,0.4100218359894794,12.526135381311178,2.897566167851495,7.389056098930579,7.389056098930579,-1.0,-1.0,0.08158675421333278,0.08158675421333278,360.54123167573,563.1724468381831,422.408863929646,69.63208200641279,16.139557755121416,77.2712430209673,10.671068094629987,2.3206733261056215e-05,3.440671302574333e-05,0.03677970709348043,23.190367286420322
