target_id,prot_ps,prot_acf,prot_cs,e_prot_ps,E_prot_ps,e_prot_acf,E_prot_acf,e_prot_cs,E_prot_cs,sph_ps,sph_acf,sph_cs,e_sph_ps,e_sph_acf,e_sph_cs,h_ps,fa_prob_ps,hacf,gacf,hcs
8293129,52.51749359271241,55.150617107283324,3.1479820433937657,2.432149510963102,2.432149510963102,-1.0,-1.0,0.2464710713596185,0.2464710713596185,173.0611624997192,177.34756387069703,141.4340265316621,26.0180492161651,27.060185323784218,31.61518551790894,23.26851744287403,7.845331017936544e-11,0.2146950450177745,0.15300100927410187,0.24145365686023285
