target_id,prot_ps,prot_acf,prot_cs,e_prot_ps,E_prot_ps,e_prot_acf,E_prot_acf,e_prot_cs,E_prot_cs,sph_ps,sph_acf,sph_cs,e_sph_ps,e_sph_acf,e_sph_cs,h_ps,fa_prob_ps,hacf,gacf,hcs
8212656,0.747320194236545,-1.0,3.0175655008456603,7.389056098930649,7.389056098930649,-1.0,-1.0,0.3236047237559014,0.3236047237559014,482.4232916448225,-1.0,565.9810606395426,62.148576148644054,-1.0,116.19487472371856,13.444556417496722,1.4491166160523303e-06,-1.0,-1.0,0.24933450290566725
