target_id,prot_ps,prot_acf,prot_cs,e_prot_ps,E_prot_ps,e_prot_acf,E_prot_acf,e_prot_cs,E_prot_cs,sph_ps,sph_acf,sph_cs,e_sph_ps,e_sph_acf,e_sph_cs,h_ps,fa_prob_ps,hacf,gacf,hcs
8227929,0.21031962734329987,-1.0,0.8874353155912831,0.2187000555081366,0.2187000555081366,-1.0,-1.0,0.5881090514287557,0.5881090514287557,89.16615091615787,-1.0,97.41852050442463,11.584403928626063,-1.0,16.012340430885526,15.415218208746122,2.0195555091253201e-07,-1.0,-1.0,0.1497094819355816
