target_id,prot_ps,prot_acf,prot_cs,e_prot_ps,E_prot_ps,e_prot_acf,E_prot_acf,e_prot_cs,E_prot_cs,sph_ps,sph_acf,sph_cs,e_sph_ps,e_sph_acf,e_sph_cs,h_ps,fa_prob_ps,hacf,gacf,hcs
8230787,15.041631452758557,55.989660331979394,0.49532458629459136,6.2943979533144505,6.2943979533144505,-1.0,-1.0,0.018526511177847198,0.018526511177847198,597.6484012224188,707.7694945383231,435.86636778428436,188.37805821324463,162.1669427351741,132.3232045345899,14.759152497097132,3.8920778000572665e-07,0.08615612950249366,0.0702168789045586,0.47210114615004456
