target_id,prot_ps,prot_acf,prot_cs,e_prot_ps,E_prot_ps,e_prot_acf,E_prot_acf,e_prot_cs,E_prot_cs,sph_ps,sph_acf,sph_cs,e_sph_ps,e_sph_acf,e_sph_cs,h_ps,fa_prob_ps,hacf,gacf,hcs
8283832,23.92453308542949,23.1104764547199,23.92523389745994,1.173398201724225,1.173398201724225,-1.0,-1.0,0.26631922989639606,0.26631922989639606,769.8983993784791,764.4871292231362,769.8983993784791,203.05933736438718,199.95292094321863,203.05933736438718,72.31894462176008,3.910942345542412e-32,0.6304759025025521,0.3413017703030316,0.6816143712812758
