target_id,prot_ps,prot_acf,prot_cs,e_prot_ps,E_prot_ps,e_prot_acf,E_prot_acf,e_prot_cs,E_prot_cs,sph_ps,sph_acf,sph_cs,e_sph_ps,e_sph_acf,e_sph_cs,h_ps,fa_prob_ps,hacf,gacf,hcs
8230345,1.7049036492290073,56.41746161924675,1.3414727835217488,2.9999261225487572,2.9999261225487572,-1.0,-1.0,1.8805969962157405,1.8805969962157405,823.4598284301239,1438.7709323195754,779.951900060345,302.6075147367816,244.99513578850562,251.7421123146509,15.852790661636472,1.303828568935498e-07,0.2965770719527559,0.19850702631466904,0.42240572063917875
