target_id,prot_ps,prot_acf,prot_cs,e_prot_ps,E_prot_ps,e_prot_acf,E_prot_acf,e_prot_cs,E_prot_cs,sph_ps,sph_acf,sph_cs,e_sph_ps,e_sph_acf,e_sph_cs,h_ps,fa_prob_ps,hacf,gacf,hcs
8216813,1.3939978738400798,41.64382022526115,2.166990743321363,2.094670203023958,2.094670203023958,-1.0,-1.0,0.21604311062012388,0.21604311062012388,492.5632697060166,910.9863994068307,587.8734223699059,180.96348506475456,272.73649853796394,299.3189473721208,12.4998518173598,3.7272054383019394e-06,0.12348428634798912,0.03506693155604644,0.7656286154385221
