target_id,prot_ps,prot_acf,prot_cs,e_prot_ps,E_prot_ps,e_prot_acf,E_prot_acf,e_prot_cs,E_prot_cs,sph_ps,sph_acf,sph_cs,e_sph_ps,e_sph_acf,e_sph_cs,h_ps,fa_prob_ps,hacf,gacf,hcs
8230865,0.1371980343831426,-1.0,3.095168178076856,7.389056098930649,7.389056098930649,-1.0,-1.0,0.47300981086630955,0.47300981086630955,295.1990887933012,-1.0,440.7318785347237,67.37991299648759,-1.0,189.41169857813986,12.768375053892429,2.8494771008800663e-06,-1.0,-1.0,0.24051943543271093
