target_id,prot_ps,prot_acf,prot_cs,e_prot_ps,E_prot_ps,e_prot_acf,E_prot_acf,e_prot_cs,E_prot_cs,sph_ps,sph_acf,sph_cs,e_sph_ps,e_sph_acf,e_sph_cs,h_ps,fa_prob_ps,hacf,gacf,hcs
8328240,18.238335045948773,-1.0,3.1067582226017314,7.389056098930575,7.389056098930575,-1.0,-1.0,0.5079227524481683,0.5079227524481683,760.7803464664665,-1.0,542.166734803871,140.70242477840176,-1.0,121.12301415331682,15.83774306627394,1.3235964098974555e-07,-1.0,-1.0,0.29930550627900504
