target_id,prot_ps,prot_acf,prot_cs,e_prot_ps,E_prot_ps,e_prot_acf,E_prot_acf,e_prot_cs,E_prot_cs,sph_ps,sph_acf,sph_cs,e_sph_ps,e_sph_acf,e_sph_cs,h_ps,fa_prob_ps,hacf,gacf,hcs
8374436,7.2810149730414135,58.62442208034918,7.209664922094191,6.943384107600623,6.943384107600623,-1.0,-1.0,0.22035054196082587,0.22035054196082587,262.4822744367615,280.84443113838415,261.24468632668885,76.24548978808065,12.958968403234858,78.30231716750676,18.364742873016926,1.0575319782229715e-08,0.06199924981480808,0.02577059023081463,0.5871909334096337
