target_id,prot_ps,prot_acf,prot_cs,e_prot_ps,E_prot_ps,e_prot_acf,E_prot_acf,e_prot_cs,E_prot_cs,sph_ps,sph_acf,sph_cs,e_sph_ps,e_sph_acf,e_sph_cs,h_ps,fa_prob_ps,hacf,gacf,hcs
8331471,12.578197126418013,24.888247950933874,12.629585112009025,0.5920044189026483,0.5920044189026483,-1.0,-1.0,0.11685321218254502,0.11685321218254502,1788.1285327311975,1826.4420044097496,1794.0841541086158,405.6684568673141,286.5438098505415,426.48113952031974,50.267895650453575,1.4754697230721448e-22,0.2780133133275582,0.05535039647198341,0.721355287629014
