target_id,prot_ps,prot_acf,prot_cs,e_prot_ps,E_prot_ps,e_prot_acf,E_prot_acf,e_prot_cs,E_prot_cs,sph_ps,sph_acf,sph_cs,e_sph_ps,e_sph_acf,e_sph_cs,h_ps,fa_prob_ps,hacf,gacf,hcs
8322336,13.268327777059532,13.057137686759233,13.144631403902508,1.7509177523484907,1.7509177523484907,-1.0,-1.0,0.694176900897395,0.694176900897395,1167.994819261332,1166.6817541923058,1169.4997165251973,207.67282134014997,225.47365790252803,212.5548778286661,25.02420523158979,1.355581876554314e-11,0.4445568243030553,0.2839847368249379,0.933996509377389
