target_id,prot_ps,prot_acf,prot_cs,e_prot_ps,E_prot_ps,e_prot_acf,E_prot_acf,e_prot_cs,E_prot_cs,sph_ps,sph_acf,sph_cs,e_sph_ps,e_sph_acf,e_sph_cs,h_ps,fa_prob_ps,hacf,gacf,hcs
8373723,19.72294461196037,20.249802875332534,19.747095030465676,0.716415713846672,0.716415713846672,-1.0,-1.0,0.20591364886085212,0.20591364886085212,5481.115852777294,5653.9345780083695,5483.168584077797,2235.3280564164484,2474.844301278323,2256.96428306902,209.23172478272846,1.354616894583124e-91,1.0473452909340595,0.5092659385195639,0.966452815462275
