target_id,prot_ps,prot_acf,prot_cs,e_prot_ps,E_prot_ps,e_prot_acf,E_prot_acf,e_prot_cs,E_prot_cs,sph_ps,sph_acf,sph_cs,e_sph_ps,e_sph_acf,e_sph_cs,h_ps,fa_prob_ps,hacf,gacf,hcs
8379151,0.5405625310752333,21.394097737502307,0.6109162871722514,2.093752889797088,2.093752889797088,-1.0,-1.0,0.010041388167939432,0.010041388167939432,494.11023888662896,902.0837287757956,508.2285898055549,90.76023837223578,135.63351526674336,98.26078221740003,12.749161090568846,2.9047562141807144e-06,0.3559088024020103,0.15659968706049457,0.5541969982997551
