target_id,prot_ps,prot_acf,prot_cs,e_prot_ps,E_prot_ps,e_prot_acf,E_prot_acf,e_prot_cs,E_prot_cs,sph_ps,sph_acf,sph_cs,e_sph_ps,e_sph_acf,e_sph_cs,h_ps,fa_prob_ps,hacf,gacf,hcs
8391513,47.07073680183713,58.72646769415587,3.1355520068435,2.096334331277248,2.096334331277248,-1.0,-1.0,0.0808941731968724,0.0808941731968724,792.320421816471,789.6374873056104,579.9665502518569,102.47128015162427,69.5850753211682,111.94034456327132,30.44813011657656,5.977851278047472e-14,0.1760385526950429,0.04445350043423356,0.21519336218764873
