target_id,prot_ps,prot_acf,prot_cs,e_prot_ps,E_prot_ps,e_prot_acf,E_prot_acf,e_prot_cs,E_prot_cs,sph_ps,sph_acf,sph_cs,e_sph_ps,e_sph_acf,e_sph_cs,h_ps,fa_prob_ps,hacf,gacf,hcs
8395033,45.60189925659736,-1.0,0.6068809367716314,7.389056098930649,7.389056098930649,-1.0,-1.0,0.04624060772065389,0.04624060772065389,978.3741811093868,-1.0,585.0670836005083,197.9602963428555,-1.0,84.63539525944982,16.07213173098567,1.0470366331650673e-07,-1.0,-1.0,0.21134228677371875
