target_id,prot_ps,prot_acf,prot_cs,e_prot_ps,E_prot_ps,e_prot_acf,E_prot_acf,e_prot_cs,E_prot_cs,sph_ps,sph_acf,sph_cs,e_sph_ps,e_sph_acf,e_sph_cs,h_ps,fa_prob_ps,hacf,gacf,hcs
8416480,16.212070588740968,35.20725256903097,16.221153434617815,5.9307879287626415,5.9307879287626415,-1.0,-1.0,0.10803777358902598,0.10803777358902598,572.6460483655422,579.6497202006743,573.1450619904103,110.21677218460026,79.07038333166187,106.97342810374622,17.482686259636992,2.5548524802444355e-08,0.1333676436610592,0.08409011372695348,0.9150292868298854
