target_id,prot_ps,prot_acf,prot_cs,e_prot_ps,E_prot_ps,e_prot_acf,E_prot_acf,e_prot_cs,E_prot_cs,sph_ps,sph_acf,sph_cs,e_sph_ps,e_sph_acf,e_sph_cs,h_ps,fa_prob_ps,hacf,gacf,hcs
8423138,13.902939682220648,43.62590812379494,0.6970380957225873,1.2571716010068994,1.2571716010068994,-1.0,-1.0,0.009327566860334811,0.009327566860334811,1765.5555051394952,1870.4324320047033,805.3081861658845,547.7780202939954,322.2537907246484,171.96769225195504,28.84951530188126,2.956750635382708e-13,0.32036988811655126,0.129699450161059,0.3354096737822379
