target_id,prot_ps,prot_acf,prot_cs,e_prot_ps,E_prot_ps,e_prot_acf,E_prot_acf,e_prot_cs,E_prot_cs,sph_ps,sph_acf,sph_cs,e_sph_ps,e_sph_acf,e_sph_cs,h_ps,fa_prob_ps,hacf,gacf,hcs
8463121,0.10760984658770865,46.40509596141055,0.4540384113881736,0.7191749429555324,0.7191749429555324,-1.0,-1.0,0.20547892976432558,0.20547892976432558,286.4355619207709,1788.3725160598683,341.2672640800162,49.39654488912939,22.942072275348323,60.087530757870184,15.402166623159319,2.0460866709472215e-07,0.5057720067346587,0.12043567610143842,2.965682555355799
