target_id,prot_ps,prot_acf,prot_cs,e_prot_ps,E_prot_ps,e_prot_acf,E_prot_acf,e_prot_cs,E_prot_cs,sph_ps,sph_acf,sph_cs,e_sph_ps,e_sph_acf,e_sph_cs,h_ps,fa_prob_ps,hacf,gacf,hcs
8491752,0.22354908067420592,-1.0,0.728274301160127,0.3887399153380758,0.3887399153380758,-1.0,-1.0,0.06796335080709265,0.06796335080709265,383.1159635658785,-1.0,401.5173978958967,56.845327000831844,-1.0,43.67554636821002,16.521404840488625,6.681054961608865e-08,-1.0,-1.0,0.30539896180038717
