target_id,prot_ps,prot_acf,prot_cs,e_prot_ps,E_prot_ps,e_prot_acf,E_prot_acf,e_prot_cs,E_prot_cs,sph_ps,sph_acf,sph_cs,e_sph_ps,e_sph_acf,e_sph_cs,h_ps,fa_prob_ps,hacf,gacf,hcs
8460357,7.89589044333789,7.907831696793437,7.966272003389894,0.28238742903791475,0.28238742903791475,-1.0,-1.0,0.17363742274337426,0.17363742274337426,5687.070142015416,5692.043959967213,5688.214034367086,2668.7567607610927,2666.9443378883034,2717.713819154129,252.32890882697507,2.5998438937771216e-110,1.0689398269575994,0.6868698958483659,0.9044406043966979
