target_id,prot_ps,prot_acf,prot_cs,e_prot_ps,E_prot_ps,e_prot_acf,E_prot_acf,e_prot_cs,E_prot_cs,sph_ps,sph_acf,sph_cs,e_sph_ps,e_sph_acf,e_sph_cs,h_ps,fa_prob_ps,hacf,gacf,hcs
8416925,11.401140720543316,11.606326095759869,11.51600926240906,0.48693487146000697,0.48693487146000697,-1.0,-1.0,0.3201665770733719,0.3201665770733719,2140.5441783087895,2165.444189625206,2176.857098294778,821.5299953548418,807.8368857769794,811.8327706600859,104.35648693664524,4.770386558243908e-46,0.9742071351995795,0.5143533344796627,0.9899024557730103
