target_id,prot_ps,prot_acf,prot_cs,e_prot_ps,E_prot_ps,e_prot_acf,E_prot_acf,e_prot_cs,E_prot_cs,sph_ps,sph_acf,sph_cs,e_sph_ps,e_sph_acf,e_sph_cs,h_ps,fa_prob_ps,hacf,gacf,hcs
8432782,0.11246953616889047,-1.0,3.8016236949853335,0.14477046100442117,0.14477046100442117,-1.0,-1.0,0.014298790085714655,0.014298790085714655,430.04469640558926,-1.0,535.9081883305684,86.9760915391778,-1.0,102.16160573912451,12.879937592650863,2.548673340887409e-06,-1.0,-1.0,0.2586031220598491
