target_id,prot_ps,prot_acf,prot_cs,e_prot_ps,E_prot_ps,e_prot_acf,E_prot_acf,e_prot_cs,E_prot_cs,sph_ps,sph_acf,sph_cs,e_sph_ps,e_sph_acf,e_sph_cs,h_ps,fa_prob_ps,hacf,gacf,hcs
8565924,0.5638563662653353,-1.0,1.7095120120264538,0.4871482987848989,0.4871482987848989,-1.0,-1.0,0.0801497990091585,0.0801497990091585,465.6072266793283,-1.0,707.8035848759262,171.52866307611347,-1.0,379.7442387440872,15.381787721239547,2.0882114409552608e-07,-1.0,-1.0,0.4191340448015042
