target_id,prot_ps,prot_acf,prot_cs,e_prot_ps,E_prot_ps,e_prot_acf,E_prot_acf,e_prot_cs,E_prot_cs,sph_ps,sph_acf,sph_cs,e_sph_ps,e_sph_acf,e_sph_cs,h_ps,fa_prob_ps,hacf,gacf,hcs
8574677,13.739184737225331,55.27333406731486,0.20532413801707547,1.754802645899958,1.754802645899958,-1.0,-1.0,0.00861199286186938,0.00861199286186938,398.2826410324316,414.2806537131697,82.56816223076468,195.78631265371263,156.22035340976157,18.77921286604809,22.54015368877374,1.6253078454066003e-10,0.05613605125694048,0.0637853111762789,7.610980795316258
