target_id,prot_ps,prot_acf,prot_cs,e_prot_ps,E_prot_ps,e_prot_acf,E_prot_acf,e_prot_cs,E_prot_cs,sph_ps,sph_acf,sph_cs,e_sph_ps,e_sph_acf,e_sph_cs,h_ps,fa_prob_ps,hacf,gacf,hcs
8519253,0.4209310687943844,-1.0,6.09644199110568,0.9345651873127439,0.9345651873127439,-1.0,-1.0,0.10412753438022795,0.10412753438022795,385.7911732886996,-1.0,599.3046361974775,70.61795543265069,-1.0,195.7300588382725,267.18519567471964,9.182139197940917e-117,-1.0,-1.0,0.0638442472810432
