target_id,prot_ps,prot_acf,prot_cs,e_prot_ps,E_prot_ps,e_prot_acf,E_prot_acf,e_prot_cs,E_prot_cs,sph_ps,sph_acf,sph_cs,e_sph_ps,e_sph_acf,e_sph_cs,h_ps,fa_prob_ps,hacf,gacf,hcs
8545663,0.5668577030825197,41.8073238870129,1.2717527948494038,0.30909686210603515,0.30909686210603515,-1.0,-1.0,0.2151851668074049,0.2151851668074049,159.389754948263,206.81093749926475,164.4129028690387,17.70677806517985,22.283476805708755,18.676704437469834,102.14307219771118,4.363423636798574e-45,0.09003355484226488,0.009694737609848033,0.04407533177072495
