target_id,prot_ps,prot_acf,prot_cs,e_prot_ps,E_prot_ps,e_prot_acf,E_prot_acf,e_prot_cs,E_prot_cs,sph_ps,sph_acf,sph_cs,e_sph_ps,e_sph_acf,e_sph_cs,h_ps,fa_prob_ps,hacf,gacf,hcs
8542705,45.952630197393376,47.52880610991269,46.39596840188473,2.0364846826208596,2.0364846826208596,-1.0,-1.0,1.5811413437575088,1.5811413437575088,135.63259167702435,137.73015369479208,138.61716274236196,17.542518338656244,19.527322101919854,18.988971030334564,19.88751905857005,2.3065358764117948e-09,0.3151974280219306,0.12624247925518328,0.12691776543642982
