target_id,prot_ps,prot_acf,prot_cs,e_prot_ps,E_prot_ps,e_prot_acf,E_prot_acf,e_prot_cs,E_prot_cs,sph_ps,sph_acf,sph_cs,e_sph_ps,e_sph_acf,e_sph_cs,h_ps,fa_prob_ps,hacf,gacf,hcs
8558407,47.0812666546253,-1.0,1.6491438368458902,7.389056098930649,7.389056098930649,-1.0,-1.0,0.012822221105895351,0.012822221105895351,587.765296873029,-1.0,428.9055151538067,47.53266133977594,-1.0,67.66818168159384,12.850160010124746,2.625707931407543e-06,-1.0,-1.0,0.20718022160924532
