target_id,prot_ps,prot_acf,prot_cs,e_prot_ps,E_prot_ps,e_prot_acf,E_prot_acf,e_prot_cs,E_prot_cs,sph_ps,sph_acf,sph_cs,e_sph_ps,e_sph_acf,e_sph_cs,h_ps,fa_prob_ps,hacf,gacf,hcs
8686690,0.35957581552326495,-1.0,2.4338546281625573,0.4772389254633802,0.4772389254633802,-1.0,-1.0,0.023373176675249695,0.023373176675249695,431.9570960627168,-1.0,541.8222495860686,137.99382582692402,-1.0,264.397226022223,13.362403541333656,1.5731925352703947e-06,-1.0,-1.0,0.23363138220833982
