target_id,prot_ps,prot_acf,prot_cs,e_prot_ps,E_prot_ps,e_prot_acf,E_prot_acf,e_prot_cs,E_prot_cs,sph_ps,sph_acf,sph_cs,e_sph_ps,e_sph_acf,e_sph_cs,h_ps,fa_prob_ps,hacf,gacf,hcs
8655337,5.5654835480033675,-1.0,5.644013934326359,1.8944699370653615,1.8944699370653615,-1.0,-1.0,0.222518179219424,0.222518179219424,465.72066482227797,-1.0,461.45933336945046,146.80958503812994,-1.0,141.10403636287376,33.010403025158666,4.6106708625557e-15,-1.0,-1.0,0.1772903847727138
