target_id,prot_ps,prot_acf,prot_cs,e_prot_ps,E_prot_ps,e_prot_acf,E_prot_acf,e_prot_cs,E_prot_cs,sph_ps,sph_acf,sph_cs,e_sph_ps,e_sph_acf,e_sph_cs,h_ps,fa_prob_ps,hacf,gacf,hcs
8672982,21.306488177481278,21.33281215466559,1.456516140215099,1.2211455366724502,1.2211455366724502,-1.0,-1.0,0.33577812798797324,0.33577812798797324,277.61306133279203,277.60781501934144,180.30823303104344,67.47064889347304,68.51870108081779,71.21011297660152,28.920046965331263,2.755390689417096e-13,0.3470412952298462,0.15295792282324178,1.0657672171901489
