target_id,prot_ps,prot_acf,prot_cs,e_prot_ps,E_prot_ps,e_prot_acf,E_prot_acf,e_prot_cs,E_prot_cs,sph_ps,sph_acf,sph_cs,e_sph_ps,e_sph_acf,e_sph_cs,h_ps,fa_prob_ps,hacf,gacf,hcs
8686086,3.7128973688315763,7.417453617788851,7.439257953686302,0.1139556702150045,0.1139556702150045,-1.0,-1.0,0.19238299114901042,0.19238299114901042,4673.471041364402,4806.862769487283,4815.1154570116105,1364.3560008712088,1302.3647861340858,1270.9356224428332,453.61996930072104,9.893511241492292e-198,0.9916816674638503,0.7319763177082982,0.7594235418030909
