target_id,prot_ps,prot_acf,prot_cs,e_prot_ps,E_prot_ps,e_prot_acf,E_prot_acf,e_prot_cs,E_prot_cs,sph_ps,sph_acf,sph_cs,e_sph_ps,e_sph_acf,e_sph_cs,h_ps,fa_prob_ps,hacf,gacf,hcs
8696889,16.216668847192906,16.224388259463012,16.29767774870211,0.685711117555707,0.685711117555707,-1.0,-1.0,0.21440742792598533,0.21440742792598533,2012.8876040466062,2012.5052282212216,2009.3366230002846,591.9365948555962,591.2278203161778,598.6584818394193,120.19891726690423,6.284540078881975e-53,0.8991452657045074,0.5028511341520179,0.9935176450115596
