target_id,prot_ps,prot_acf,prot_cs,e_prot_ps,E_prot_ps,e_prot_acf,E_prot_acf,e_prot_cs,E_prot_cs,sph_ps,sph_acf,sph_cs,e_sph_ps,e_sph_acf,e_sph_cs,h_ps,fa_prob_ps,hacf,gacf,hcs
8683693,0.10966394696902777,-1.0,1.1101072487405157,0.10838930754028997,0.10838930754028997,-1.0,-1.0,0.06731311498761126,0.06731311498761126,431.59454704629525,-1.0,499.43038444489093,90.19313037653806,-1.0,169.920933217549,13.603470890681441,1.2361969206788323e-06,-1.0,-1.0,0.2989783657783443
