target_id,prot_ps,prot_acf,prot_cs,e_prot_ps,E_prot_ps,e_prot_acf,E_prot_acf,e_prot_cs,E_prot_cs,sph_ps,sph_acf,sph_cs,e_sph_ps,e_sph_acf,e_sph_cs,h_ps,fa_prob_ps,hacf,gacf,hcs
8686941,54.07349343637917,53.27060416247696,0.10197920452079201,7.389056098930391,7.389056098930391,-1.0,-1.0,0.010284605406739582,0.010284605406739582,904.2828426077622,854.5105561904297,401.5479908639844,106.14110179333719,154.21713978889653,91.039122992244,14.69335860653051,4.15676465460414e-07,0.14771608524072893,0.0479126304059456,0.25983451932727963
