target_id,prot_ps,prot_acf,prot_cs,e_prot_ps,E_prot_ps,e_prot_acf,E_prot_acf,e_prot_cs,E_prot_cs,sph_ps,sph_acf,sph_cs,e_sph_ps,e_sph_acf,e_sph_cs,h_ps,fa_prob_ps,hacf,gacf,hcs
8718946,2.024925552671321,5.803211582824588,2.0412898609212267,0.4279286519938921,0.4279286519938921,-1.0,-1.0,0.027500926939612105,0.027500926939612105,208.8517566702852,231.858052042009,209.71350126774536,50.751897601321964,43.617016704700035,53.34099250571553,59.393582173823454,1.6058131182405122e-26,0.10186014887759297,0.23481693029755926,0.4178610173050645
