target_id,prot_ps,prot_acf,prot_cs,e_prot_ps,E_prot_ps,e_prot_acf,E_prot_acf,e_prot_cs,E_prot_cs,sph_ps,sph_acf,sph_cs,e_sph_ps,e_sph_acf,e_sph_cs,h_ps,fa_prob_ps,hacf,gacf,hcs
8758300,54.04118149002052,59.93200711114332,1.7335940959118306,7.389056098930649,7.389056098930649,-1.0,-1.0,1.2244656444623119,1.2244656444623119,424.5175960330576,431.6883000027809,259.4674664333738,67.61953680865678,63.63198798142626,80.69904249101273,19.62030511244484,3.0130737119984717e-09,0.39566778059134766,0.1836004653082848,0.32861430224286586
