target_id,prot_ps,prot_acf,prot_cs,e_prot_ps,E_prot_ps,e_prot_acf,E_prot_acf,e_prot_cs,E_prot_cs,sph_ps,sph_acf,sph_cs,e_sph_ps,e_sph_acf,e_sph_cs,h_ps,fa_prob_ps,hacf,gacf,hcs
8890316,28.61798895980396,-1.0,1.7344352828308651,7.3890560989305785,7.3890560989305785,-1.0,-1.0,0.009663863030718749,0.009663863030718749,909.8730077394582,-1.0,658.501921418726,107.70656121447509,-1.0,90.54675392992972,12.770343863690563,2.8438725414104656e-06,-1.0,-1.0,0.19522514815490072
