target_id,prot_ps,prot_acf,prot_cs,e_prot_ps,E_prot_ps,e_prot_acf,E_prot_acf,e_prot_cs,E_prot_cs,sph_ps,sph_acf,sph_cs,e_sph_ps,e_sph_acf,e_sph_cs,h_ps,fa_prob_ps,hacf,gacf,hcs
8888595,54.03911449143064,57.4799527535215,3.0344020561315124,7.389056098929977,7.389056098929977,-1.0,-1.0,0.1354875705775641,0.1354875705775641,804.545338618684,801.3160793422174,586.7858765745218,31.42563337247417,74.28348154820812,126.8242973297619,14.729654715209806,4.0085955206772713e-07,0.1682106252786365,0.06590711297097213,0.6736571402153212
