target_id,prot_ps,prot_acf,prot_cs,e_prot_ps,E_prot_ps,e_prot_acf,E_prot_acf,e_prot_cs,E_prot_cs,sph_ps,sph_acf,sph_cs,e_sph_ps,e_sph_acf,e_sph_cs,h_ps,fa_prob_ps,hacf,gacf,hcs
8890417,0.1087407937479881,57.418738063424826,0.9305513634905348,0.18086676736195864,0.18086676736195864,-1.0,-1.0,0.2080141780766345,0.2080141780766345,185.6961624478707,507.6263722981151,253.18210223356445,34.53348064634084,50.081615929654774,82.31235672950494,12.405309332372484,4.0967796980530464e-06,0.11231599868923933,0.0773842733220735,0.782335496192152
