target_id,prot_ps,prot_acf,prot_cs,e_prot_ps,E_prot_ps,e_prot_acf,E_prot_acf,e_prot_cs,E_prot_cs,sph_ps,sph_acf,sph_cs,e_sph_ps,e_sph_acf,e_sph_cs,h_ps,fa_prob_ps,hacf,gacf,hcs
8866936,16.213171233657285,-1.0,0.6125814260501432,7.389056098908875,7.389056098908875,-1.0,-1.0,0.010826943643437224,0.010826943643437224,386.4111036928447,-1.0,264.2908927947933,71.89698195832635,-1.0,29.328826915100095,29.543856480478798,1.4766111938529906e-13,-1.0,-1.0,0.09751025940140065
