target_id,prot_ps,prot_acf,prot_cs,e_prot_ps,E_prot_ps,e_prot_acf,E_prot_acf,e_prot_cs,E_prot_cs,sph_ps,sph_acf,sph_cs,e_sph_ps,e_sph_acf,e_sph_cs,h_ps,fa_prob_ps,hacf,gacf,hcs
8867584,0.31455396176057626,-1.0,0.5705848079745449,0.4728778604105986,0.4728778604105986,-1.0,-1.0,0.010380406362237216,0.010380406362237216,105.0851724675955,-1.0,106.99924772378327,12.387215344240202,-1.0,10.665557449094292,14.486691393594041,5.111046906817098e-07,-1.0,-1.0,0.17559429059383594
