target_id,prot_ps,prot_acf,prot_cs,e_prot_ps,E_prot_ps,e_prot_acf,E_prot_acf,e_prot_cs,E_prot_cs,sph_ps,sph_acf,sph_cs,e_sph_ps,e_sph_acf,e_sph_cs,h_ps,fa_prob_ps,hacf,gacf,hcs
8819602,2.877761068326813,-1.0,2.2495456937234843,1.9401816378706485,1.9401816378706485,-1.0,-1.0,1.5443712576314461,1.5443712576314461,476.322337219875,-1.0,464.7946216563507,79.29845427043459,-1.0,69.51737004947526,21.031424014460697,7.347990801242077e-10,-1.0,-1.0,0.1268482974325918
