target_id,prot_ps,prot_acf,prot_cs,e_prot_ps,E_prot_ps,e_prot_acf,E_prot_acf,e_prot_cs,E_prot_cs,sph_ps,sph_acf,sph_cs,e_sph_ps,e_sph_acf,e_sph_cs,h_ps,fa_prob_ps,hacf,gacf,hcs
8960890,15.20323355969978,15.243467034772038,15.354625829234717,0.6474568947144621,0.6474568947144621,-1.0,-1.0,0.4124912772255992,0.4124912772255992,5281.573107012175,5287.559727485633,5273.057491197741,1544.8556893463096,1535.8274889192537,1475.1176608718827,125.24584357457951,4.0403710834459706e-55,0.8525968501875851,0.4700634160038784,0.9964529545056763
