target_id,prot_ps,prot_acf,prot_cs,e_prot_ps,E_prot_ps,e_prot_acf,E_prot_acf,e_prot_cs,E_prot_cs,sph_ps,sph_acf,sph_cs,e_sph_ps,e_sph_acf,e_sph_cs,h_ps,fa_prob_ps,hacf,gacf,hcs
8905077,2.496191951323653,49.83784243511036,2.9911786216293077,1.253222781503971,1.253222781503971,-1.0,-1.0,0.018039165496507924,0.018039165496507924,275.37595394408584,395.1036695270343,279.35380061433517,62.343245758815314,40.480698748376184,58.47299992479398,18.66898110451896,7.801255891204599e-09,0.21715484215248626,0.048682998268715964,0.15768536965249044
