target_id,prot_ps,prot_acf,prot_cs,e_prot_ps,E_prot_ps,e_prot_acf,E_prot_acf,e_prot_cs,E_prot_cs,sph_ps,sph_acf,sph_cs,e_sph_ps,e_sph_acf,e_sph_cs,h_ps,fa_prob_ps,hacf,gacf,hcs
9026586,1.4216583426766358,0.510842225048691,2.843420067092382,0.12259714040943806,0.12259714040943806,-1.0,-1.0,0.013274132339516622,0.013274132339516622,398.0816379021198,374.130198815999,415.89708568944445,58.48048860410371,70.07047320102804,56.88039415378418,53.77688482145073,4.415660428978259e-24,0.5006462767488444,0.37198285715627705,0.8333473934054848
