target_id,prot_ps,prot_acf,prot_cs,e_prot_ps,E_prot_ps,e_prot_acf,E_prot_acf,e_prot_cs,E_prot_cs,sph_ps,sph_acf,sph_cs,e_sph_ps,e_sph_acf,e_sph_cs,h_ps,fa_prob_ps,hacf,gacf,hcs
9099455,53.83963902165856,58.215674160048366,3.1153252658620483,7.389056098930482,7.389056098930482,-1.0,-1.0,0.24426174330518222,0.24426174330518222,1131.3535728065403,1165.275069423123,590.4864977635499,201.1836732842075,230.71717405766987,305.3834342594835,20.65087267501872,1.0750779406994981e-09,0.5961292632140707,0.23811781241147734,1.2775982160811985
