target_id,prot_ps,prot_acf,prot_cs,e_prot_ps,E_prot_ps,e_prot_acf,E_prot_acf,e_prot_cs,E_prot_cs,sph_ps,sph_acf,sph_cs,e_sph_ps,e_sph_acf,e_sph_cs,h_ps,fa_prob_ps,hacf,gacf,hcs
9165425,20.644164008680136,20.597190901637077,20.716565253737716,2.056391327491681,2.056391327491681,-1.0,-1.0,1.7742968036031046,1.7742968036031046,3454.8433219428625,3451.8195095157885,3462.9016337185953,936.5106889866103,949.8494346135049,948.1729025820653,35.37082227512522,4.35158093661653e-16,1.023572851067326,0.545020553245466,0.9861264401694841
