target_id,prot_ps,prot_acf,prot_cs,e_prot_ps,E_prot_ps,e_prot_acf,E_prot_acf,e_prot_cs,E_prot_cs,sph_ps,sph_acf,sph_cs,e_sph_ps,e_sph_acf,e_sph_cs,h_ps,fa_prob_ps,hacf,gacf,hcs
9151799,7.8048982306168275,24.030011147260666,1.6388862428100648,7.389056098928753,7.389056098928753,-1.0,-1.0,0.05684603958608513,0.05684603958608513,2455.0066270604416,2647.0618327812867,1550.3129487535273,758.7449024966406,476.4516392844976,730.7209308456107,22.28219223303358,2.1036179525646623e-10,0.575754801647919,0.28347397362485344,1.3026305716129098
