target_id,prot_ps,prot_acf,prot_cs,e_prot_ps,E_prot_ps,e_prot_acf,E_prot_acf,e_prot_cs,E_prot_cs,sph_ps,sph_acf,sph_cs,e_sph_ps,e_sph_acf,e_sph_cs,h_ps,fa_prob_ps,hacf,gacf,hcs
9269843,12.680748910581633,38.61981390975416,4.884962939217554,7.389056098930649,7.389056098930649,-1.0,-1.0,0.07281581213435633,0.07281581213435633,352.2960221178418,368.7067275863597,296.7025439613386,119.31242087201746,81.49344344595788,125.5333301989666,13.905218636991805,9.141980198970195e-07,0.30088922954812236,0.15933982464612859,0.6563415539707257
