target_id,prot_ps,prot_acf,prot_cs,e_prot_ps,E_prot_ps,e_prot_acf,E_prot_acf,e_prot_cs,E_prot_cs,sph_ps,sph_acf,sph_cs,e_sph_ps,e_sph_acf,e_sph_cs,h_ps,fa_prob_ps,hacf,gacf,hcs
9271621,0.8463935889409264,-1.0,2.3869948982354257,7.389056098452025,7.389056098452025,-1.0,-1.0,0.1477794944398853,0.1477794944398853,600.9537105673351,-1.0,631.9210150676564,125.85867994473146,-1.0,130.034528460404,15.12789448404207,2.6917759141472324e-07,-1.0,-1.0,0.22394974519754351
