target_id,prot_ps,prot_acf,prot_cs,e_prot_ps,E_prot_ps,e_prot_acf,E_prot_acf,e_prot_cs,E_prot_cs,sph_ps,sph_acf,sph_cs,e_sph_ps,e_sph_acf,e_sph_cs,h_ps,fa_prob_ps,hacf,gacf,hcs
9228855,41.288194488465244,-1.0,41.271561543862404,7.389056098930649,7.389056098930649,-1.0,-1.0,0.7321815280596787,0.7321815280596787,831.2638091632379,-1.0,831.2501451993436,112.35429056562602,-1.0,112.44945032010227,25.693581936448798,6.940953655946628e-12,-1.0,-1.0,0.1348805016720694
