target_id,prot_ps,prot_acf,prot_cs,e_prot_ps,E_prot_ps,e_prot_acf,E_prot_acf,e_prot_cs,E_prot_cs,sph_ps,sph_acf,sph_cs,e_sph_ps,e_sph_acf,e_sph_cs,h_ps,fa_prob_ps,hacf,gacf,hcs
9210217,2.6682185394607716,-1.0,1.4767411224637184,1.7197635743597786,1.7197635743597786,-1.0,-1.0,3.3920560156868835,3.3920560156868835,666.5571151178211,-1.0,622.1183964844003,149.97342891427337,-1.0,105.29106792782625,12.32908053532147,4.421283429662972e-06,-1.0,-1.0,0.1926865946344989
