target_id,prot_ps,prot_acf,prot_cs,e_prot_ps,E_prot_ps,e_prot_acf,E_prot_acf,e_prot_cs,E_prot_cs,sph_ps,sph_acf,sph_cs,e_sph_ps,e_sph_acf,e_sph_cs,h_ps,fa_prob_ps,hacf,gacf,hcs
9271752,0.674993718890359,59.155444731004536,0.47065268424486517,1.0160231140168168,1.0160231140168168,-1.0,-1.0,0.010736101059507931,0.010736101059507931,340.9929637425831,454.9318002312513,336.9169200704921,62.61664755271982,64.31392518008053,61.69445885872591,32.297570182406766,9.404668477250623e-15,0.12935590708805586,0.049185135067730826,0.35446660858537254
