target_id,prot_ps,prot_acf,prot_cs,e_prot_ps,E_prot_ps,e_prot_acf,E_prot_acf,e_prot_cs,E_prot_cs,sph_ps,sph_acf,sph_cs,e_sph_ps,e_sph_acf,e_sph_cs,h_ps,fa_prob_ps,hacf,gacf,hcs
9209156,7.265623780354447,7.172214542515576,7.222558457312986,0.26901008065153437,0.26901008065153437,-1.0,-1.0,0.024899316218625952,0.024899316218625952,6047.5283865318,6023.713003556088,6011.511826523278,1570.7788792775964,1627.534854760336,1611.241404039579,740.9649898962286,1.6e-322,1.1812278169724038,0.7403577862282018,0.7772780834700435
