target_id,prot_ps,prot_acf,prot_cs,e_prot_ps,E_prot_ps,e_prot_acf,E_prot_acf,e_prot_cs,E_prot_cs,sph_ps,sph_acf,sph_cs,e_sph_ps,e_sph_acf,e_sph_cs,h_ps,fa_prob_ps,hacf,gacf,hcs
9351012,4.995635408420218,1.1851530438289046,4.965874447880786,0.16747208597609378,0.16747208597609378,-1.0,-1.0,0.010944264367285534,0.010944264367285534,1865.931793944902,1464.654724088876,1817.8062891713469,710.586628377291,643.3338785080035,690.68935865666,761.3424585923776,0.0,0.8718585946411082,0.5750656134980868,1.3344900948592708
