target_id,prot_ps,prot_acf,prot_cs,e_prot_ps,E_prot_ps,e_prot_acf,E_prot_acf,e_prot_cs,E_prot_cs,sph_ps,sph_acf,sph_cs,e_sph_ps,e_sph_acf,e_sph_cs,h_ps,fa_prob_ps,hacf,gacf,hcs
9335389,28.617951133808884,-1.0,3.013148484239354,7.389056098930649,7.389056098930649,-1.0,-1.0,0.16529859281145953,0.16529859281145953,397.33513658048776,-1.0,304.200250130775,77.93486000603686,-1.0,63.02532436794055,13.722798149994295,1.097146159400493e-06,-1.0,-1.0,0.30793886495594375
