target_id,prot_ps,prot_acf,prot_cs,e_prot_ps,E_prot_ps,e_prot_acf,E_prot_acf,e_prot_cs,E_prot_cs,sph_ps,sph_acf,sph_cs,e_sph_ps,e_sph_acf,e_sph_cs,h_ps,fa_prob_ps,hacf,gacf,hcs
9394768,0.1182748998920703,-1.0,3.135543360700831,0.18337102149223602,0.18337102149223602,-1.0,-1.0,0.22297972453276357,0.22297972453276357,485.63458062507965,-1.0,723.1802005050226,110.53478654892074,-1.0,305.203873545107,14.303834400262025,6.136541137030078e-07,-1.0,-1.0,0.29146916030987835
