target_id,prot_ps,prot_acf,prot_cs,e_prot_ps,E_prot_ps,e_prot_acf,E_prot_acf,e_prot_cs,E_prot_cs,sph_ps,sph_acf,sph_cs,e_sph_ps,e_sph_acf,e_sph_cs,h_ps,fa_prob_ps,hacf,gacf,hcs
9340674,0.12732417092375112,-1.0,4.045870053581894,0.28545957904463,0.28545957904463,-1.0,-1.0,2.094783365700659,2.094783365700659,520.3118382090213,-1.0,680.8987105133474,87.50118822551461,-1.0,145.663740987827,12.44513050919738,3.936846604890842e-06,-1.0,-1.0,0.17606359083300785
