target_id,prot_ps,prot_acf,prot_cs,e_prot_ps,E_prot_ps,e_prot_acf,E_prot_acf,e_prot_cs,E_prot_cs,sph_ps,sph_acf,sph_cs,e_sph_ps,e_sph_acf,e_sph_cs,h_ps,fa_prob_ps,hacf,gacf,hcs
9472604,0.16636454346053117,-1.0,1.4542344029712926,7.389056098930521,7.389056098930521,-1.0,-1.0,0.1282540872664692,0.1282540872664692,391.4524218246748,-1.0,424.18916097797927,72.98559208723982,-1.0,73.69263164771078,12.892809451052363,2.5160774136644e-06,-1.0,-1.0,0.17067440809018708
