target_id,prot_ps,prot_acf,prot_cs,e_prot_ps,E_prot_ps,e_prot_acf,E_prot_acf,e_prot_cs,E_prot_cs,sph_ps,sph_acf,sph_cs,e_sph_ps,e_sph_acf,e_sph_cs,h_ps,fa_prob_ps,hacf,gacf,hcs
9527121,3.4456588088725773,-1.0,3.455253245398891,0.18041230144124915,0.18041230144124915,-1.0,-1.0,0.07455900296254349,0.07455900296254349,440.6860951786263,-1.0,444.98987024118276,76.70101699975531,-1.0,97.45325487528865,29.46992006968677,1.589923877398135e-13,-1.0,-1.0,0.2935986402378181
