target_id,prot_ps,prot_acf,prot_cs,e_prot_ps,E_prot_ps,e_prot_acf,E_prot_acf,e_prot_cs,E_prot_cs,sph_ps,sph_acf,sph_cs,e_sph_ps,e_sph_acf,e_sph_cs,h_ps,fa_prob_ps,hacf,gacf,hcs
9574825,12.431138587212663,24.274969719350338,2.9632858350077433,0.715749161108274,0.715749161108274,-1.0,-1.0,0.21569073893455995,0.21569073893455995,279.3650412185656,292.41249477592584,254.08772621453434,48.15552301627945,51.855751489098466,36.39991222892051,30.57959224835189,5.241454591269996e-14,0.06600252897809883,0.05552932864216967,0.25732880715308964
