target_id,prot_ps,prot_acf,prot_cs,e_prot_ps,E_prot_ps,e_prot_acf,E_prot_acf,e_prot_cs,E_prot_cs,sph_ps,sph_acf,sph_cs,e_sph_ps,e_sph_acf,e_sph_cs,h_ps,fa_prob_ps,hacf,gacf,hcs
9596261,5.689235618803759,11.524595869705081,5.7445373523435075,0.21007686215947197,0.21007686215947197,-1.0,-1.0,0.01518125820007463,0.01518125820007463,2656.1511974769955,2767.169802985506,2633.279662629927,940.2701492464995,830.0529695902862,904.3138126553923,145.61600735884033,5.751372907199663e-64,0.7889581309973992,0.4639865374355973,0.2178329107704287
