target_id,prot_ps,prot_acf,prot_cs,e_prot_ps,E_prot_ps,e_prot_acf,E_prot_acf,e_prot_cs,E_prot_cs,sph_ps,sph_acf,sph_cs,e_sph_ps,e_sph_acf,e_sph_cs,h_ps,fa_prob_ps,hacf,gacf,hcs
9590105,15.526758728719503,13.506652424577624,15.533624209879926,0.5052179293665432,0.5052179293665432,-1.0,-1.0,0.10369913409018144,0.10369913409018144,9286.611439612861,9325.953431041793,9286.848588494198,6460.821825524691,6314.896973520187,6464.036248078966,114.71717902909982,1.5099486152355187e-50,0.27936489455546776,0.0976308934975996,0.6776203079141815
