target_id,prot_ps,prot_acf,prot_cs,e_prot_ps,E_prot_ps,e_prot_acf,E_prot_acf,e_prot_cs,E_prot_cs,sph_ps,sph_acf,sph_cs,e_sph_ps,e_sph_acf,e_sph_cs,h_ps,fa_prob_ps,hacf,gacf,hcs
9533866,8.152644679434873,8.377820318564773,8.18239458470101,0.35970088858920185,0.35970088858920185,-1.0,-1.0,0.1961804543579715,0.1961804543579715,1900.2605686082622,1891.5380876225615,1903.4570944752766,592.2610187247187,585.6434330665969,589.2251690553288,115.17875847462874,9.517015179411898e-51,0.672553912951653,0.3716563664608213,0.971634787760257
