target_id,prot_ps,prot_acf,prot_cs,e_prot_ps,E_prot_ps,e_prot_acf,E_prot_acf,e_prot_cs,E_prot_cs,sph_ps,sph_acf,sph_cs,e_sph_ps,e_sph_acf,e_sph_cs,h_ps,fa_prob_ps,hacf,gacf,hcs
9531242,9.880153308477484,19.28944769501686,0.5083977822489736,0.6462876340536633,0.6462876340536633,-1.0,-1.0,0.013350265536053492,0.013350265536053492,1833.8536286498827,1911.6873735950423,1472.49873071704,205.63584956960656,138.57868823502517,118.03502051685294,18.598589413982303,8.370188649058923e-09,0.02011551312087204,0.020634809556128994,0.4961653653093663
