target_id,prot_ps,prot_acf,prot_cs,e_prot_ps,E_prot_ps,e_prot_acf,E_prot_acf,e_prot_cs,E_prot_cs,sph_ps,sph_acf,sph_cs,e_sph_ps,e_sph_acf,e_sph_cs,h_ps,fa_prob_ps,hacf,gacf,hcs
9592928,0.6115444160339034,-1.0,2.1078242859333587,0.7891646739671958,0.7891646739671958,-1.0,-1.0,0.01069837256799796,0.01069837256799796,125.59529589494444,-1.0,136.18786939320452,17.352025392491754,-1.0,27.072403815217378,39.12941437538639,1.014638311371921e-17,-1.0,-1.0,0.09502327599276866
