target_id,prot_ps,prot_acf,prot_cs,e_prot_ps,E_prot_ps,e_prot_acf,E_prot_acf,e_prot_cs,E_prot_cs,sph_ps,sph_acf,sph_cs,e_sph_ps,e_sph_acf,e_sph_cs,h_ps,fa_prob_ps,hacf,gacf,hcs
9637002,39.95653476935602,40.13186945952475,2.953125581716061,7.389056098930649,7.389056098930649,-1.0,-1.0,0.5311600683035602,0.5311600683035602,1477.6011248328223,1475.9340847832275,958.7375018517877,333.1358475283019,332.1690157804507,475.9359203911516,13.222249095684502,1.8098816606424218e-06,0.4210854331638872,0.2000431030735859,0.6906270366126537
