target_id,prot_ps,prot_acf,prot_cs,e_prot_ps,E_prot_ps,e_prot_acf,E_prot_acf,e_prot_cs,E_prot_cs,sph_ps,sph_acf,sph_cs,e_sph_ps,e_sph_acf,e_sph_cs,h_ps,fa_prob_ps,hacf,gacf,hcs
9636465,3.9040753002581785,3.8823802955448627,3.904244226682932,0.12378045745528027,0.12378045745528027,-1.0,-1.0,0.06529169561012618,0.06529169561012618,8028.414927302701,7923.458383742751,8028.414927302701,3055.434747585093,3034.6276782124855,3055.434747585093,638.1165661254458,7.404513353312785e-278,1.4043411385164122,0.8645744224445159,0.9649133290222911
