target_id,prot_ps,prot_acf,prot_cs,e_prot_ps,E_prot_ps,e_prot_acf,E_prot_acf,e_prot_cs,E_prot_cs,sph_ps,sph_acf,sph_cs,e_sph_ps,e_sph_acf,e_sph_cs,h_ps,fa_prob_ps,hacf,gacf,hcs
9642710,54.04033525150853,56.683013247326016,2.951235617632046,7.389056098922701,7.389056098922701,-1.0,-1.0,0.30964608627954315,0.30964608627954315,1037.8828954227572,1063.8269302428516,846.4621132100658,125.40736041657073,103.76329935343172,129.81243202980804,17.399426822941997,2.7766743122281002e-08,0.17822802894782575,0.10497295839648439,0.4997608951463255
