target_id,prot_ps,prot_acf,prot_cs,e_prot_ps,E_prot_ps,e_prot_acf,E_prot_acf,e_prot_cs,E_prot_cs,sph_ps,sph_acf,sph_cs,e_sph_ps,e_sph_acf,e_sph_cs,h_ps,fa_prob_ps,hacf,gacf,hcs
9652354,13.66183508127268,26.56374485231936,1.9235078917736474,2.3989404931852274,2.3989404931852274,-1.0,-1.0,0.010505161073396831,0.010505161073396831,1454.3606019121366,1475.3020477430355,958.5945260721672,420.43387394708134,353.0530626596806,393.54489029728626,16.285273542184076,8.460490932394149e-08,0.37726671314634663,0.12405796768959335,2.6175025734259108
