target_id,prot_ps,prot_acf,prot_cs,e_prot_ps,E_prot_ps,e_prot_acf,E_prot_acf,e_prot_cs,E_prot_cs,sph_ps,sph_acf,sph_cs,e_sph_ps,e_sph_acf,e_sph_cs,h_ps,fa_prob_ps,hacf,gacf,hcs
9630806,1.343937544235754,-1.0,3.412427616769876,1.4017512487174155,1.4017512487174155,-1.0,-1.0,0.012166628056097748,0.012166628056097748,468.8944503902028,-1.0,527.9936115522314,82.56288565410843,-1.0,155.5944517393705,13.33651973993939,1.61444431170307e-06,-1.0,-1.0,0.22134900423215723
