target_id,prot_ps,prot_acf,prot_cs,e_prot_ps,E_prot_ps,e_prot_acf,E_prot_acf,e_prot_cs,E_prot_cs,sph_ps,sph_acf,sph_cs,e_sph_ps,e_sph_acf,e_sph_cs,h_ps,fa_prob_ps,hacf,gacf,hcs
9662554,0.12903199042355903,48.95981729216874,2.8122414580381037,0.2137114315105435,0.2137114315105435,-1.0,-1.0,2.0379150309166914,2.0379150309166914,400.4504732157686,485.4910044130676,438.6406601475451,65.34019002126546,63.456643705462064,79.48692722179499,46.46065604245845,6.643446701853327e-21,0.06608611789404512,0.026198973998138378,0.0758408794407812
