target_id,prot_ps,prot_acf,prot_cs,e_prot_ps,E_prot_ps,e_prot_acf,E_prot_acf,e_prot_cs,E_prot_cs,sph_ps,sph_acf,sph_cs,e_sph_ps,e_sph_acf,e_sph_cs,h_ps,fa_prob_ps,hacf,gacf,hcs
9722938,14.594582598197999,29.28183601051569,14.684648018260024,0.6020912422001723,0.6020912422001723,-1.0,-1.0,0.40780411684351536,0.40780411684351536,1658.5111634032899,1735.9083218555484,1659.8115873597606,442.87803545727166,407.69340169729315,435.5528606395482,62.65354474384347,6.1646900523892705e-28,0.526587383821025,0.2824079558978143,0.8769198182167036
