target_id,prot_ps,prot_acf,prot_cs,e_prot_ps,E_prot_ps,e_prot_acf,E_prot_acf,e_prot_cs,E_prot_cs,sph_ps,sph_acf,sph_cs,e_sph_ps,e_sph_acf,e_sph_cs,h_ps,fa_prob_ps,hacf,gacf,hcs
9767643,13.769017990129418,13.54752469388768,13.804605817849147,0.6140591105073457,0.6140591105073457,-1.0,-1.0,0.3245337198389353,0.3245337198389353,7125.274578895301,7180.290855733049,7127.394198462579,1831.3956852209396,1774.5703400311907,1801.5563625188329,196.1737070543283,6.350991504519319e-86,0.97145936298151,0.5634388611190367,0.9663340671126979
