target_id,prot_ps,prot_acf,prot_cs,e_prot_ps,E_prot_ps,e_prot_acf,E_prot_acf,e_prot_cs,E_prot_cs,sph_ps,sph_acf,sph_cs,e_sph_ps,e_sph_acf,e_sph_cs,h_ps,fa_prob_ps,hacf,gacf,hcs
9785537,0.23739674636517288,-1.0,0.5461994400713593,0.35011687275942605,0.35011687275942605,-1.0,-1.0,0.03295427880181549,0.03295427880181549,374.8045692075454,-1.0,383.38526334030024,50.65701371207914,-1.0,41.38959321393479,12.03087729485887,5.95739475046021e-06,-1.0,-1.0,0.1939709197860377
