target_id,prot_ps,prot_acf,prot_cs,e_prot_ps,E_prot_ps,e_prot_acf,E_prot_acf,e_prot_cs,E_prot_cs,sph_ps,sph_acf,sph_cs,e_sph_ps,e_sph_acf,e_sph_cs,h_ps,fa_prob_ps,hacf,gacf,hcs
9714312,2.190580099387153,-1.0,1.4192614872118925,1.0196822592693433,1.0196822592693433,-1.0,-1.0,0.05151024779835586,0.05151024779835586,248.94895044422387,-1.0,240.28341703348272,34.264112220918484,-1.0,32.89553556426275,28.235122133702024,5.465655585699794e-13,-1.0,-1.0,0.20431079630669863
