target_id,prot_ps,prot_acf,prot_cs,e_prot_ps,E_prot_ps,e_prot_acf,E_prot_acf,e_prot_cs,E_prot_cs,sph_ps,sph_acf,sph_cs,e_sph_ps,e_sph_acf,e_sph_cs,h_ps,fa_prob_ps,hacf,gacf,hcs
9704713,5.965241318274128,5.476234767585993,5.87948822567636,0.7654794533585557,0.7654794533585557,-1.0,-1.0,0.05358675005505703,0.05358675005505703,1657.9007524108902,1654.5053615546692,1646.2758327961108,413.911912961236,426.61385461775905,450.02910803824693,145.2023527757864,8.698000536293197e-64,0.9874411367827077,0.6198902419471145,0.8400085590157849
