target_id,prot_ps,prot_acf,prot_cs,e_prot_ps,E_prot_ps,e_prot_acf,E_prot_acf,e_prot_cs,E_prot_cs,sph_ps,sph_acf,sph_cs,e_sph_ps,e_sph_acf,e_sph_cs,h_ps,fa_prob_ps,hacf,gacf,hcs
9850621,0.10550530417273767,46.528071822132915,3.189130720044656,0.2041144413712116,0.2041144413712116,-1.0,-1.0,0.3089391558214761,0.3089391558214761,117.14435895225895,181.22569165796028,147.99570090109356,19.20599489298115,27.009577120145302,29.519767589066838,14.620074674936246,4.4728284707676635e-07,0.13606412999015635,0.09655082369004848,0.40767469447703103
