target_id,prot_ps,prot_acf,prot_cs,e_prot_ps,E_prot_ps,e_prot_acf,E_prot_acf,e_prot_cs,E_prot_cs,sph_ps,sph_acf,sph_cs,e_sph_ps,e_sph_acf,e_sph_cs,h_ps,fa_prob_ps,hacf,gacf,hcs
9821382,3.791486340650417,3.80066632758826,3.8121728124638925,0.12553314050556008,0.12553314050556008,-1.0,-1.0,0.06904414590012319,0.06904414590012319,1247.7164647781074,1255.0504072020317,1255.266013976586,456.2311554776198,447.1069861143534,442.1315674913998,449.5723540634515,5.6650978291716945e-196,1.2483027981757366,0.8117984833400301,0.7947562083281401
