target_id,prot_ps,prot_acf,prot_cs,e_prot_ps,E_prot_ps,e_prot_acf,E_prot_acf,e_prot_cs,E_prot_cs,sph_ps,sph_acf,sph_cs,e_sph_ps,e_sph_acf,e_sph_cs,h_ps,fa_prob_ps,hacf,gacf,hcs
9892859,21.013728244719573,43.421649490483105,0.1827895782848699,7.3890560989295375,7.3890560989295375,-1.0,-1.0,0.0105717644297309,0.0105717644297309,182.20820253653378,183.38687884492427,122.97205820698088,23.184577713619785,22.588160626026728,16.140123630620895,15.407443894593593,2.0353173574951128e-07,0.11401157194153042,0.056392104788038806,0.29178978281559886
