target_id,prot_ps,prot_acf,prot_cs,e_prot_ps,E_prot_ps,e_prot_acf,E_prot_acf,e_prot_cs,E_prot_cs,sph_ps,sph_acf,sph_cs,e_sph_ps,e_sph_acf,e_sph_cs,h_ps,fa_prob_ps,hacf,gacf,hcs
9887144,28.617953742498198,57.37774118408561,1.589126400244422,7.389056098930649,7.389056098930649,-1.0,-1.0,0.8716437031900482,0.8716437031900482,619.7979445112162,625.0415373545254,508.9478748695643,90.10769580921253,60.02033454809787,72.4095656669212,12.799654113254471,2.7617276518424892e-06,0.11681354768031464,0.07381553337483822,0.9786301332181078
