target_id,prot_ps,prot_acf,prot_cs,e_prot_ps,E_prot_ps,e_prot_acf,E_prot_acf,e_prot_cs,E_prot_cs,sph_ps,sph_acf,sph_cs,e_sph_ps,e_sph_acf,e_sph_cs,h_ps,fa_prob_ps,hacf,gacf,hcs
9826375,0.2154403985043766,31.40653204265982,0.7842437864653765,0.4568503929987865,0.4568503929987865,-1.0,-1.0,0.4412348864019882,0.4412348864019882,1358.8730286122811,3785.5240369540875,1670.0910580320617,140.46163188898137,0.0,285.08662653136645,9.29799581428178,9.160764635454453e-05,0.38316802282089407,0.39317861542200133,0.21959032815904925
