target_id,prot_ps,prot_acf,prot_cs,e_prot_ps,E_prot_ps,e_prot_acf,E_prot_acf,e_prot_cs,E_prot_cs,sph_ps,sph_acf,sph_cs,e_sph_ps,e_sph_acf,e_sph_cs,h_ps,fa_prob_ps,hacf,gacf,hcs
9824105,5.785209311663966,11.136373195331544,5.753531176927628,1.4780221663520063,1.4780221663520063,-1.0,-1.0,0.04890594326178612,0.04890594326178612,1266.0522080932788,1298.9012365000783,1276.1373104297888,421.9575496522966,378.224424136772,430.5105091769826,53.41544701234681,6.338202554571617e-24,0.7259887053666378,0.3984370590535961,0.657001217461698
