target_id,prot_ps,prot_acf,prot_cs,e_prot_ps,E_prot_ps,e_prot_acf,E_prot_acf,e_prot_cs,E_prot_cs,sph_ps,sph_acf,sph_cs,e_sph_ps,e_sph_acf,e_sph_cs,h_ps,fa_prob_ps,hacf,gacf,hcs
9935172,17.608472694044526,16.980260123033077,17.644564477428922,0.5336407387138179,0.5336407387138179,-1.0,-1.0,0.5671572211055681,0.5671572211055681,1419.8466606877805,1412.8449430896471,1420.6295238763182,61.80728578313304,74.06936660128726,61.35947219094667,32.42045924270747,8.317129241500837e-15,0.09034183114837882,0.07637743213280125,0.20363513448215875
