target_id,prot_ps,prot_acf,prot_cs,e_prot_ps,E_prot_ps,e_prot_acf,E_prot_acf,e_prot_cs,E_prot_cs,sph_ps,sph_acf,sph_cs,e_sph_ps,e_sph_acf,e_sph_cs,h_ps,fa_prob_ps,hacf,gacf,hcs
9968913,45.87560783860374,55.72343055345118,3.1625215229151955,7.389056098930647,7.389056098930647,-1.0,-1.0,0.01103678608486308,0.01103678608486308,1329.0767010582388,1360.1898778980521,905.420915748167,259.3879773399087,192.1815417095053,298.17888317440844,26.502389391505115,3.091423685431014e-12,0.3135019619897392,0.21792907634724015,0.3711096692798527
