target_id,prot_ps,prot_acf,prot_cs,e_prot_ps,E_prot_ps,e_prot_acf,E_prot_acf,e_prot_cs,E_prot_cs,sph_ps,sph_acf,sph_cs,e_sph_ps,e_sph_acf,e_sph_cs,h_ps,fa_prob_ps,hacf,gacf,hcs
10087053,0.595177818418991,-1.0,3.884078799784184,1.0746540876581034,1.0746540876581034,-1.0,-1.0,0.19248112692751843,0.19248112692751843,349.67812601795845,-1.0,429.5519567579832,50.33169489513887,-1.0,93.72168790876707,21.233524499948597,6.003402729098622e-10,-1.0,-1.0,0.21395958216784672
