target_id,prot_ps,prot_acf,prot_cs,e_prot_ps,E_prot_ps,e_prot_acf,E_prot_acf,e_prot_cs,E_prot_cs,sph_ps,sph_acf,sph_cs,e_sph_ps,e_sph_acf,e_sph_cs,h_ps,fa_prob_ps,hacf,gacf,hcs
10087368,0.11468748767966642,-1.0,4.6389567873860535,0.17795591231183694,0.17795591231183694,-1.0,-1.0,2.541280598874294,2.541280598874294,530.2638989533019,-1.0,606.441493447063,96.1380726617394,-1.0,195.6026522419617,13.618265099846242,1.2180429825537352e-06,-1.0,-1.0,0.09055764171996432
