target_id,prot_ps,prot_acf,prot_cs,e_prot_ps,E_prot_ps,e_prot_acf,E_prot_acf,e_prot_cs,E_prot_cs,sph_ps,sph_acf,sph_cs,e_sph_ps,e_sph_acf,e_sph_cs,h_ps,fa_prob_ps,hacf,gacf,hcs
10030808,52.12516679914793,58.07313438411802,1.8368029731838031,7.389056098930649,7.389056098930649,-1.0,-1.0,0.13995449219523962,0.13995449219523962,879.2355069495737,876.8764771497806,719.7114355280662,109.34295105680141,59.42176919772314,116.39110423007982,19.027354220964583,5.451613478610332e-09,0.10201598447393402,0.04715893237396085,0.15048150397908197
