target_id,prot_ps,prot_acf,prot_cs,e_prot_ps,E_prot_ps,e_prot_acf,E_prot_acf,e_prot_cs,E_prot_cs,sph_ps,sph_acf,sph_cs,e_sph_ps,e_sph_acf,e_sph_cs,h_ps,fa_prob_ps,hacf,gacf,hcs
10005151,54.05614962951384,54.210537389386445,1.5576589767029512,7.389056098930649,7.389056098930649,-1.0,-1.0,1.0144569935145784,1.0144569935145784,688.4076548746365,668.453642487626,420.6174545999101,114.12184806486492,115.73485317102599,101.69574841525385,12.502424947548798,3.7176271818033286e-06,0.20890371558401022,0.16514131230194892,0.42802113761375976
