target_id,prot_ps,prot_acf,prot_cs,e_prot_ps,E_prot_ps,e_prot_acf,E_prot_acf,e_prot_cs,E_prot_cs,sph_ps,sph_acf,sph_cs,e_sph_ps,e_sph_acf,e_sph_cs,h_ps,fa_prob_ps,hacf,gacf,hcs
10088895,0.18303395643961573,54.47681574244052,0.9287214086623551,7.389056098930649,7.389056098930649,-1.0,-1.0,0.49970321141826374,0.49970321141826374,418.46578343500863,622.9941444612103,450.86316668812145,68.24694851445471,91.47745713603358,71.90950892190789,12.603866535729436,3.359002390280979e-06,0.06481756963325451,0.059362732080900885,0.3051608263482307
