target_id,prot_ps,prot_acf,prot_cs,e_prot_ps,E_prot_ps,e_prot_acf,E_prot_acf,e_prot_cs,E_prot_cs,sph_ps,sph_acf,sph_cs,e_sph_ps,e_sph_acf,e_sph_cs,h_ps,fa_prob_ps,hacf,gacf,hcs
10030232,0.10663492388573122,57.56231451407075,1.568506660312414,0.22067347336192986,0.22067347336192986,-1.0,-1.0,1.751180206563642,1.751180206563642,658.6132535228726,821.778667905752,704.1919333585699,117.10047765607061,54.15367124882564,87.27246404682401,13.713654348441816,1.107224251977128e-06,0.06153983466179756,0.0188949764473391,0.4296458650941607
