target_id,prot_ps,prot_acf,prot_cs,e_prot_ps,E_prot_ps,e_prot_acf,E_prot_acf,e_prot_cs,E_prot_cs,sph_ps,sph_acf,sph_cs,e_sph_ps,e_sph_acf,e_sph_cs,h_ps,fa_prob_ps,hacf,gacf,hcs
10147550,0.5555514948087307,33.61346053890884,0.5985035010240971,0.47140335852316223,0.47140335852316223,-1.0,-1.0,0.018097253301271397,0.018097253301271397,198.21509542580932,433.8708750415022,201.63538314416655,45.49097780010792,118.47997187387006,51.94079653944575,33.40276261654374,3.1143291826281138e-15,0.2232301433051445,0.06903457143987213,1.424099898588714
