target_id,prot_ps,prot_acf,prot_cs,e_prot_ps,E_prot_ps,e_prot_acf,E_prot_acf,e_prot_cs,E_prot_cs,sph_ps,sph_acf,sph_cs,e_sph_ps,e_sph_acf,e_sph_cs,h_ps,fa_prob_ps,hacf,gacf,hcs
10129128,11.865998126486907,-1.0,1.7542330003571616,5.944702305630777,5.944702305630777,-1.0,-1.0,1.0939548628861946,1.0939548628861946,393.5026910366432,-1.0,295.16677842146237,105.74251733316227,-1.0,69.48292569383717,13.376752530041477,1.550779996527546e-06,-1.0,-1.0,0.21502186211957544
