target_id,prot_ps,prot_acf,prot_cs,e_prot_ps,E_prot_ps,e_prot_acf,E_prot_acf,e_prot_cs,E_prot_cs,sph_ps,sph_acf,sph_cs,e_sph_ps,e_sph_acf,e_sph_cs,h_ps,fa_prob_ps,hacf,gacf,hcs
10121344,2.0138677409165107,-1.0,1.9606149171479044,0.6258430759074948,0.6258430759074948,-1.0,-1.0,0.10156380463067388,0.10156380463067388,202.43537779980323,-1.0,200.98558444467224,42.13923555913555,-1.0,41.14318742569847,29.82694000431165,1.1125628241511737e-13,-1.0,-1.0,0.2628827301022006
