target_id,prot_ps,prot_acf,prot_cs,e_prot_ps,E_prot_ps,e_prot_acf,E_prot_acf,e_prot_cs,E_prot_cs,sph_ps,sph_acf,sph_cs,e_sph_ps,e_sph_acf,e_sph_cs,h_ps,fa_prob_ps,hacf,gacf,hcs
10160915,0.146122221932322,56.58138642925769,1.4691957229669668,7.389056098930649,7.389056098930649,-1.0,-1.0,0.010168077147718424,0.010168077147718424,686.6224846932063,873.2180441805822,729.0782033362128,109.35844208228153,84.96964261052692,89.52400879505743,14.929972566418526,3.2809174201093307e-07,0.08246469838970101,0.013350422764639585,0.29157223582205255
