target_id,prot_ps,prot_acf,prot_cs,e_prot_ps,E_prot_ps,e_prot_acf,E_prot_acf,e_prot_cs,E_prot_cs,sph_ps,sph_acf,sph_cs,e_sph_ps,e_sph_acf,e_sph_cs,h_ps,fa_prob_ps,hacf,gacf,hcs
10187728,0.37021665551206506,-1.0,4.2664624286998345,0.4304307883937285,0.4304307883937285,-1.0,-1.0,0.018167426621562295,0.018167426621562295,819.6866548076952,-1.0,919.3687262719113,92.90452311852071,-1.0,141.57896103872136,13.604697979455251,1.2346809276344973e-06,-1.0,-1.0,0.15994463659169694
