target_id,prot_ps,prot_acf,prot_cs,e_prot_ps,E_prot_ps,e_prot_acf,E_prot_acf,e_prot_cs,E_prot_cs,sph_ps,sph_acf,sph_cs,e_sph_ps,e_sph_acf,e_sph_cs,h_ps,fa_prob_ps,hacf,gacf,hcs
10257903,0.4292233960916361,0.44954013358801603,0.8587505331126694,0.011180507215397444,0.011180507215397444,-1.0,-1.0,0.006599894800960875,0.006599894800960875,30325.905120800355,30271.022295584928,30412.882070851017,4017.297253297044,4153.995959768522,3793.205483865709,1157173.7582246456,0.0,0.8841001101362861,0.4707675507655361,0.02378397380282716
