target_id,prot_ps,prot_acf,prot_cs,e_prot_ps,E_prot_ps,e_prot_acf,E_prot_acf,e_prot_cs,E_prot_cs,sph_ps,sph_acf,sph_cs,e_sph_ps,e_sph_acf,e_sph_cs,h_ps,fa_prob_ps,hacf,gacf,hcs
10253403,0.21481025628256636,-1.0,1.7566825060611122,0.40221689115870074,0.40221689115870074,-1.0,-1.0,0.012301191705695115,0.012301191705695115,217.52088931566317,-1.0,318.5349346659611,48.2429041971117,-1.0,119.6137498769558,37.5513733891588,4.9163834631327884e-17,-1.0,-1.0,0.2874868671603895
