target_id,prot_ps,prot_acf,prot_cs,e_prot_ps,E_prot_ps,e_prot_acf,E_prot_acf,e_prot_cs,E_prot_cs,sph_ps,sph_acf,sph_cs,e_sph_ps,e_sph_acf,e_sph_cs,h_ps,fa_prob_ps,hacf,gacf,hcs
10252275,26.53026670178621,27.299422815442085,26.66199523477627,1.8219101340213677,1.8219101340213677,-1.0,-1.0,0.44917196449730534,0.44917196449730534,1239.7982773557965,1229.5206196423553,1238.0583095207212,262.5065961041854,283.3752290855825,259.2888091286076,25.663686367532403,7.151590277410823e-12,0.517022466875634,0.25667646080252793,0.9581024582140031
