target_id,prot_ps,prot_acf,prot_cs,e_prot_ps,E_prot_ps,e_prot_acf,E_prot_acf,e_prot_cs,E_prot_cs,sph_ps,sph_acf,sph_cs,e_sph_ps,e_sph_acf,e_sph_cs,h_ps,fa_prob_ps,hacf,gacf,hcs
10221564,0.3210536568360057,-1.0,0.3034437046386302,0.11838821363234364,0.11838821363234364,-1.0,-1.0,0.02807055315390433,0.02807055315390433,309.25450165320086,-1.0,308.52036424538795,45.7426142389735,-1.0,47.15820561038451,51.59954490158169,3.895851376283091e-23,-1.0,-1.0,0.06917635874697767
