target_id,prot_ps,prot_acf,prot_cs,e_prot_ps,E_prot_ps,e_prot_acf,E_prot_acf,e_prot_cs,E_prot_cs,sph_ps,sph_acf,sph_cs,e_sph_ps,e_sph_acf,e_sph_cs,h_ps,fa_prob_ps,hacf,gacf,hcs
10220322,16.58535428689891,33.5524881798774,16.627203903195095,3.0806756715966603,3.0806756715966603,-1.0,-1.0,0.18408792625825884,0.18408792625825884,768.6790468732479,839.1216254065888,792.9531294117825,216.72161411093296,125.07133277087544,190.19003062876655,35.63613522252813,3.337514156537669e-16,0.1981459556624046,0.08486937869084747,0.8081352023939649
