target_id,prot_ps,prot_acf,prot_cs,e_prot_ps,E_prot_ps,e_prot_acf,E_prot_acf,e_prot_cs,E_prot_cs,sph_ps,sph_acf,sph_cs,e_sph_ps,e_sph_acf,e_sph_cs,h_ps,fa_prob_ps,hacf,gacf,hcs
10288607,10.348762622480463,57.86879673600197,10.341370990480948,0.5107554818435701,0.5107554818435701,-1.0,-1.0,0.05551868101719946,0.05551868101719946,549.3321309904491,565.1828355711793,548.1416006793218,80.01772247789263,55.97698530731117,81.95001950440117,30.600729760885987,5.131825998780749e-14,0.053806325656066974,0.0034244639313293327,0.08665882741041214
