target_id,prot_ps,prot_acf,prot_cs,e_prot_ps,E_prot_ps,e_prot_acf,E_prot_acf,e_prot_cs,E_prot_cs,sph_ps,sph_acf,sph_cs,e_sph_ps,e_sph_acf,e_sph_cs,h_ps,fa_prob_ps,hacf,gacf,hcs
10221518,9.987058876012068,53.06708244420588,3.163287199218057,0.42567320864297953,0.42567320864297953,-1.0,-1.0,0.010242799463330772,0.010242799463330772,663.5146764192261,707.8448677928043,559.6079823217149,134.25095365248762,47.32726967158445,119.31555586502922,37.5945790923303,4.708491066102913e-17,0.04971300086499998,0.03745966439353828,0.1498910035828995
