target_id,prot_ps,prot_acf,prot_cs,e_prot_ps,E_prot_ps,e_prot_acf,E_prot_acf,e_prot_cs,E_prot_cs,sph_ps,sph_acf,sph_cs,e_sph_ps,e_sph_acf,e_sph_cs,h_ps,fa_prob_ps,hacf,gacf,hcs
10339385,5.34196849632678,5.312775848433375,5.3597075533376675,0.2575258771478792,0.2575258771478792,-1.0,-1.0,0.019482196564083502,0.019482196564083502,6383.3109660590135,6427.632081942119,6408.65629552132,2398.652391344953,2404.5019550233997,2382.0491573289273,683.035575556656,2.298362844119146e-297,1.3015225341449856,0.8071797634128581,0.6919113391966557
