target_id,prot_ps,prot_acf,prot_cs,e_prot_ps,E_prot_ps,e_prot_acf,E_prot_acf,e_prot_cs,E_prot_cs,sph_ps,sph_acf,sph_cs,e_sph_ps,e_sph_acf,e_sph_cs,h_ps,fa_prob_ps,hacf,gacf,hcs
10350874,0.15278042203662992,-1.0,1.4859528316184856,7.389056098929213,7.389056098929213,-1.0,-1.0,0.12078133465057525,0.12078133465057525,263.4012242822432,-1.0,316.9105350758984,53.11992543764523,-1.0,93.01918862209803,13.338799350444587,1.61076819913442e-06,-1.0,-1.0,0.4182612232413554
