target_id,prot_ps,prot_acf,prot_cs,e_prot_ps,E_prot_ps,e_prot_acf,E_prot_acf,e_prot_cs,E_prot_cs,sph_ps,sph_acf,sph_cs,e_sph_ps,e_sph_acf,e_sph_cs,h_ps,fa_prob_ps,hacf,gacf,hcs
10338256,14.595173446862661,14.528356191236526,14.524348247083578,0.5040497703708642,0.5040497703708642,-1.0,-1.0,0.14581331730441,0.14581331730441,4288.6124757945845,4282.565519433332,4279.913199005607,1314.447578576827,1338.6009652718824,1342.195706959308,235.95500790350522,3.3577015415516217e-103,1.0643667737290112,0.6103616101355321,0.9937173632765443
