target_id,prot_ps,prot_acf,prot_cs,e_prot_ps,E_prot_ps,e_prot_acf,E_prot_acf,e_prot_cs,E_prot_cs,sph_ps,sph_acf,sph_cs,e_sph_ps,e_sph_acf,e_sph_cs,h_ps,fa_prob_ps,hacf,gacf,hcs
10388784,7.020277092864932,7.008748140186071,6.949238890182411,0.31674989002100523,0.31674989002100523,-1.0,-1.0,0.0218913454571496,0.0218913454571496,3497.765209525597,3495.5450640757654,3467.7924020035766,901.0845213999137,921.1107302459591,909.7233816218151,460.6096490206994,9.115303197042838e-201,1.1102599469782195,0.7012687846435928,0.9321198584131685
