target_id,prot_ps,prot_acf,prot_cs,e_prot_ps,E_prot_ps,e_prot_acf,E_prot_acf,e_prot_cs,E_prot_cs,sph_ps,sph_acf,sph_cs,e_sph_ps,e_sph_acf,e_sph_cs,h_ps,fa_prob_ps,hacf,gacf,hcs
10486315,6.87651649781316,13.404660053551197,0.34584349140480236,3.027108701016555,3.027108701016555,-1.0,-1.0,0.009874073997548806,0.009874073997548806,533.1173838836789,555.1468684966593,234.69110607571187,145.17465589052415,146.25855084484672,87.38428559757689,24.439345702990988,2.4329154696622646e-11,0.15777026589497856,0.11041039188591577,1.3300531058188747
