target_id,prot_ps,prot_acf,prot_cs,e_prot_ps,E_prot_ps,e_prot_acf,E_prot_acf,e_prot_cs,E_prot_cs,sph_ps,sph_acf,sph_cs,e_sph_ps,e_sph_acf,e_sph_cs,h_ps,fa_prob_ps,hacf,gacf,hcs
10419006,7.80392032196765,7.846617043018341,7.820679462853603,0.28848281771294426,0.28848281771294426,-1.0,-1.0,0.059006471364496535,0.059006471364496535,7149.511522664027,7164.603825793156,7257.01169391115,2471.955331670013,2356.1656412317056,2492.342551980629,297.6326700083098,5.492546992051104e-130,1.1208552791338184,0.7085774633856163,0.9909515847208593
