target_id,prot_ps,prot_acf,prot_cs,e_prot_ps,E_prot_ps,e_prot_acf,E_prot_acf,e_prot_cs,E_prot_cs,sph_ps,sph_acf,sph_cs,e_sph_ps,e_sph_acf,e_sph_cs,h_ps,fa_prob_ps,hacf,gacf,hcs
10460289,15.359397882053067,30.93658963870257,15.403320070063566,1.129273662907842,1.129273662907842,-1.0,-1.0,0.8306834233208283,0.8306834233208283,998.5877807445963,995.1473805278732,997.6656578642534,284.13388444331804,252.89845262052972,290.32685886176273,23.019665220744447,1.0062048802035138e-10,0.5652161870211911,0.3054567503732892,0.5408612563995269
