target_id,prot_ps,prot_acf,prot_cs,e_prot_ps,E_prot_ps,e_prot_acf,E_prot_acf,e_prot_cs,E_prot_cs,sph_ps,sph_acf,sph_cs,e_sph_ps,e_sph_acf,e_sph_cs,h_ps,fa_prob_ps,hacf,gacf,hcs
10462421,6.75263799026726,6.640940147917718,6.7565946748014545,0.3321609844395457,0.3321609844395457,-1.0,-1.0,0.2000606044944965,0.2000606044944965,3570.9296302263374,3532.4539010109947,3571.698089905337,1102.624274640742,1138.9740348859416,1109.4825060239755,222.3877502030182,2.619553327113877e-97,1.2451542774863973,0.7083153156549629,0.8727469986614781
