target_id,prot_ps,prot_acf,prot_cs,e_prot_ps,E_prot_ps,e_prot_acf,E_prot_acf,e_prot_cs,E_prot_cs,sph_ps,sph_acf,sph_cs,e_sph_ps,e_sph_acf,e_sph_cs,h_ps,fa_prob_ps,hacf,gacf,hcs
10421526,19.202132313637343,19.003485809080303,19.01574612250552,1.590808935633471,1.590808935633471,-1.0,-1.0,0.6489609016507135,0.6489609016507135,2656.124881272151,2669.8133584979514,2678.9633390864315,662.1911883000402,696.5331829620786,683.6400079820912,37.666642373286045,4.381119159479919e-17,0.5295117065777128,0.2824795703110286,0.9894162946723742
