target_id,prot_ps,prot_acf,prot_cs,e_prot_ps,E_prot_ps,e_prot_acf,E_prot_acf,e_prot_cs,E_prot_cs,sph_ps,sph_acf,sph_cs,e_sph_ps,e_sph_acf,e_sph_cs,h_ps,fa_prob_ps,hacf,gacf,hcs
10470939,0.9429186238287418,-1.0,0.4492507017339379,1.2039930972044108,1.2039930972044108,-1.0,-1.0,0.012302616351241911,0.012302616351241911,129.1212331452881,-1.0,123.44385945424848,19.775190524797885,-1.0,16.61649871187657,42.011934148662064,5.681314421656292e-19,-1.0,-1.0,0.0659462876451909
