target_id,prot_ps,prot_acf,prot_cs,e_prot_ps,E_prot_ps,e_prot_acf,E_prot_acf,e_prot_cs,E_prot_cs,sph_ps,sph_acf,sph_cs,e_sph_ps,e_sph_acf,e_sph_cs,h_ps,fa_prob_ps,hacf,gacf,hcs
10528932,21.46346086070934,21.47578218113631,21.444481723377624,0.7304419357553892,0.7304419357553892,-1.0,-1.0,0.28849591453807266,0.28849591453807266,10397.491430830645,10401.437202628675,10395.268752804648,3160.085519208808,3166.907225764524,3156.14092933866,124.69132296207597,7.034714821162697e-55,1.0427437703127331,0.5358184984593763,0.9835686947590868
