target_id,prot_ps,prot_acf,prot_cs,e_prot_ps,E_prot_ps,e_prot_acf,E_prot_acf,e_prot_cs,E_prot_cs,sph_ps,sph_acf,sph_cs,e_sph_ps,e_sph_acf,e_sph_cs,h_ps,fa_prob_ps,hacf,gacf,hcs
10526834,52.11046171793335,58.13378559425473,0.4248159587010742,7.389056098930649,7.389056098930649,-1.0,-1.0,0.01676170174188953,0.01676170174188953,233.8009696895011,235.4331488063173,188.1356999510875,18.87119609231847,28.554298338331062,19.224183246946673,14.228451561297636,6.617013198484913e-07,0.09244566217214122,0.04882068540038752,0.8165085086152238
