target_id,prot_ps,prot_acf,prot_cs,e_prot_ps,E_prot_ps,e_prot_acf,E_prot_acf,e_prot_cs,E_prot_cs,sph_ps,sph_acf,sph_cs,e_sph_ps,e_sph_acf,e_sph_cs,h_ps,fa_prob_ps,hacf,gacf,hcs
10553849,0.712923198588651,-1.0,2.892831632313319,0.6286641093962296,0.6286641093962296,-1.0,-1.0,1.8709860412696413,1.8709860412696413,156.70099939193966,-1.0,186.6212939831914,35.190582534570446,-1.0,80.51378089340182,54.26311259121749,2.7153738466301774e-24,-1.0,-1.0,0.08159041341446266
