target_id,prot_ps,prot_acf,prot_cs,e_prot_ps,E_prot_ps,e_prot_acf,E_prot_acf,e_prot_cs,E_prot_cs,sph_ps,sph_acf,sph_cs,e_sph_ps,e_sph_acf,e_sph_cs,h_ps,fa_prob_ps,hacf,gacf,hcs
10546277,0.10166389395310454,-1.0,3.2273137032510157,0.27185350594998176,0.27185350594998176,-1.0,-1.0,0.010310494943187662,0.010310494943187662,175.70740294597223,-1.0,247.56082614716487,30.011019941062166,-1.0,100.79495481035288,15.888246160848741,1.25841059243486e-07,-1.0,-1.0,0.33645756713305697
