target_id,prot_ps,prot_acf,prot_cs,e_prot_ps,E_prot_ps,e_prot_acf,E_prot_acf,e_prot_cs,E_prot_cs,sph_ps,sph_acf,sph_cs,e_sph_ps,e_sph_acf,e_sph_cs,h_ps,fa_prob_ps,hacf,gacf,hcs
10548640,0.9662645193714231,0.9808273985981941,0.9646113627519788,0.025607013584110088,0.025607013584110088,-1.0,-1.0,0.010367109040217159,0.010367109040217159,9953.325215099527,9998.217609820931,9953.325215099527,4638.794830756072,4619.084773930807,4638.794830756072,41852.56142229508,0.0,1.6660542201526494,0.9414869665334625,0.012761200793801266
