target_id,prot_ps,prot_acf,prot_cs,e_prot_ps,E_prot_ps,e_prot_acf,E_prot_acf,e_prot_cs,E_prot_cs,sph_ps,sph_acf,sph_cs,e_sph_ps,e_sph_acf,e_sph_cs,h_ps,fa_prob_ps,hacf,gacf,hcs
10662373,40.542038615707426,40.66302165389061,40.28644589859518,1.6467789686134098,1.6467789686134098,-1.0,-1.0,1.1869907575127725,1.1869907575127725,480.06762968361664,480.5057022996788,479.4235963806495,77.84715812813808,72.47169059717544,87.73870485987418,28.027844024291184,6.724531009094188e-13,0.3205009024414039,0.26974211843740825,0.21135642836149804
