target_id,prot_ps,prot_acf,prot_cs,e_prot_ps,E_prot_ps,e_prot_acf,E_prot_acf,e_prot_cs,E_prot_cs,sph_ps,sph_acf,sph_cs,e_sph_ps,e_sph_acf,e_sph_cs,h_ps,fa_prob_ps,hacf,gacf,hcs
10681783,0.14099375045352,44.729801886249334,1.6311930560111088,7.389056098930635,7.389056098930635,-1.0,-1.0,0.017729907153850644,0.017729907153850644,267.2430852689571,357.39093525801843,295.1483876717408,42.85117756546032,38.349436920040354,44.05182206608162,18.33442639432999,1.0900835553880012e-08,0.056645952430202026,0.006296116404613384,0.2115012946324382
