target_id,prot_ps,prot_acf,prot_cs,e_prot_ps,E_prot_ps,e_prot_acf,E_prot_acf,e_prot_cs,E_prot_cs,sph_ps,sph_acf,sph_cs,e_sph_ps,e_sph_acf,e_sph_cs,h_ps,fa_prob_ps,hacf,gacf,hcs
10734827,13.389985292882866,40.37694278359413,0.5259628073126079,5.257134487225356,5.257134487225356,-1.0,-1.0,0.2818027027492412,0.2818027027492412,876.2486330966028,898.265215948537,631.9307064119489,145.90619540552706,92.46509391329401,77.56195982427063,16.679050146180437,5.706641076469608e-08,0.09470327893206247,0.00985680159570185,0.3227515226809869
