target_id,prot_ps,prot_acf,prot_cs,e_prot_ps,E_prot_ps,e_prot_acf,E_prot_acf,e_prot_cs,E_prot_cs,sph_ps,sph_acf,sph_cs,e_sph_ps,e_sph_acf,e_sph_cs,h_ps,fa_prob_ps,hacf,gacf,hcs
10728232,42.926849980319965,45.66926785977557,1.1763667788309975,1.609662373751207,1.609662373751207,-1.0,-1.0,0.6757931702775939,0.6757931702775939,461.99386234915744,464.75278814626745,399.32609691273296,50.1913228502569,49.61680971399505,45.87728429100108,25.52508168780761,8.214816615576357e-12,0.09154535238554605,0.04600273751548168,0.10129922778607266
