target_id,prot_ps,prot_acf,prot_cs,e_prot_ps,E_prot_ps,e_prot_acf,E_prot_acf,e_prot_cs,E_prot_cs,sph_ps,sph_acf,sph_cs,e_sph_ps,e_sph_acf,e_sph_cs,h_ps,fa_prob_ps,hacf,gacf,hcs
10718221,0.12188970793775415,40.826473410241306,0.6068800101522357,7.389056098930306,7.389056098930306,-1.0,-1.0,1.8856873953177344,1.8856873953177344,122.67674318633279,194.23806730168528,130.73128161674532,17.935200895155376,35.884576807036254,15.768426058479527,18.80325481935714,6.821033620223594e-09,0.17475684689657625,0.0790029124297991,0.2734348912146522
