target_id,prot_ps,prot_acf,prot_cs,e_prot_ps,E_prot_ps,e_prot_acf,E_prot_acf,e_prot_cs,E_prot_cs,sph_ps,sph_acf,sph_cs,e_sph_ps,e_sph_acf,e_sph_cs,h_ps,fa_prob_ps,hacf,gacf,hcs
10728138,41.700334066999545,-1.0,0.6961981968047544,1.4640873103167173,1.4640873103167173,-1.0,-1.0,0.012465901997367402,0.012465901997367402,632.8236167853345,-1.0,557.4170512969133,42.40874539757565,-1.0,64.11541729122949,20.28065695843405,1.5567633316623434e-09,-1.0,-1.0,0.09392651474202127
