target_id,prot_ps,prot_acf,prot_cs,e_prot_ps,E_prot_ps,e_prot_acf,E_prot_acf,e_prot_cs,E_prot_cs,sph_ps,sph_acf,sph_cs,e_sph_ps,e_sph_acf,e_sph_cs,h_ps,fa_prob_ps,hacf,gacf,hcs
10776414,27.529472294458873,28.198494035750628,0.594472503784113,2.9713515257980143,2.9713515257980143,-1.0,-1.0,0.009093069352485108,0.009093069352485108,912.1263399712192,948.1528821400946,378.3314244497006,325.90758804143326,300.14737546349915,144.61908690689157,15.365114688784764,2.1233201289113466e-07,0.6161274297821906,0.3094057707637833,1.1780264414481993
