target_id,prot_ps,prot_acf,prot_cs,e_prot_ps,E_prot_ps,e_prot_acf,E_prot_acf,e_prot_cs,E_prot_cs,sph_ps,sph_acf,sph_cs,e_sph_ps,e_sph_acf,e_sph_cs,h_ps,fa_prob_ps,hacf,gacf,hcs
10741816,0.26368790168513717,-1.0,7.0170050794258705,0.32980186146183327,0.32980186146183327,-1.0,-1.0,0.352704045268987,0.352704045268987,392.50737988798164,-1.0,433.0856957035658,56.79023363552678,-1.0,46.57984685768408,13.742788014650547,1.0754321096868383e-06,-1.0,-1.0,0.0893712490607381
