target_id,prot_ps,prot_acf,prot_cs,e_prot_ps,E_prot_ps,e_prot_acf,E_prot_acf,e_prot_cs,E_prot_cs,sph_ps,sph_acf,sph_cs,e_sph_ps,e_sph_acf,e_sph_cs,h_ps,fa_prob_ps,hacf,gacf,hcs
10784724,0.10955292869376854,54.61909137899056,0.596256204488987,0.2791645113797548,0.2791645113797548,-1.0,-1.0,0.011086545610322669,0.011086545610322669,161.55282768183204,393.42301371262903,187.43020680760642,26.082228659599483,68.82579806649201,39.85339216820759,20.407409247104905,1.3714335640178131e-09,0.12404281055077128,0.07281755464901939,0.6439792138268868
