target_id,prot_ps,prot_acf,prot_cs,e_prot_ps,E_prot_ps,e_prot_acf,E_prot_acf,e_prot_cs,E_prot_cs,sph_ps,sph_acf,sph_cs,e_sph_ps,e_sph_acf,e_sph_cs,h_ps,fa_prob_ps,hacf,gacf,hcs
10737227,0.300807392871144,-1.0,0.20638031054525052,0.5660998840529999,0.5660998840529999,-1.0,-1.0,0.012648805738727129,0.012648805738727129,562.3583020002422,-1.0,556.5818825623353,69.87260215670493,-1.0,75.0188164998275,10.82156241318493,1.9964349236740056e-05,-1.0,-1.0,0.24582913778242693
