target_id,prot_ps,prot_acf,prot_cs,e_prot_ps,E_prot_ps,e_prot_acf,E_prot_acf,e_prot_cs,E_prot_cs,sph_ps,sph_acf,sph_cs,e_sph_ps,e_sph_acf,e_sph_cs,h_ps,fa_prob_ps,hacf,gacf,hcs
10858306,5.423112262350676,10.21683937869966,0.12203142940205462,2.405822313487064,2.405822313487064,-1.0,-1.0,0.011421709334244782,0.011421709334244782,319.2299314557188,347.7456197967311,181.6587483709674,82.25042584622064,66.20732966666299,29.455510100018408,15.63296401936859,1.6243888156542e-07,0.07061875919524435,0.11944194867079251,1.2948058250461731
