target_id,prot_ps,prot_acf,prot_cs,e_prot_ps,E_prot_ps,e_prot_acf,E_prot_acf,e_prot_cs,E_prot_cs,sph_ps,sph_acf,sph_cs,e_sph_ps,e_sph_acf,e_sph_cs,h_ps,fa_prob_ps,hacf,gacf,hcs
10874182,0.1253288202373159,-1.0,1.1485341485700002,0.18168249913931545,0.18168249913931545,-1.0,-1.0,0.15163595507237504,0.15163595507237504,148.79463760564653,-1.0,164.01523104457226,23.161325227983006,-1.0,20.31644841160115,15.090775902548103,2.793568325636184e-07,-1.0,-1.0,0.14253249832802495
