target_id,prot_ps,prot_acf,prot_cs,e_prot_ps,E_prot_ps,e_prot_acf,E_prot_acf,e_prot_cs,E_prot_cs,sph_ps,sph_acf,sph_cs,e_sph_ps,e_sph_acf,e_sph_cs,h_ps,fa_prob_ps,hacf,gacf,hcs
10927527,6.251305374224541,6.150539128109813,6.299458437464697,0.24884486867072714,0.24884486867072714,-1.0,-1.0,0.05040118564455711,0.05040118564455711,621.5524902444453,637.4116373368047,624.4880344944833,149.22025669765227,173.35670976687175,150.30300851807658,361.7990549024098,7.45876455050831e-158,0.4352075490255307,0.42474403353269513,0.8480606612139562
