target_id,prot_ps,prot_acf,prot_cs,e_prot_ps,E_prot_ps,e_prot_acf,E_prot_acf,e_prot_cs,E_prot_cs,sph_ps,sph_acf,sph_cs,e_sph_ps,e_sph_acf,e_sph_cs,h_ps,fa_prob_ps,hacf,gacf,hcs
10914071,0.5975916195659504,58.66507433261722,1.4461193021365757,7.389056098929062,7.389056098929062,-1.0,-1.0,0.008900458443455377,0.008900458443455377,329.5296512222631,435.10194009343275,348.826796969433,32.62444690227016,25.2763116187655,41.65127061457415,15.681973993607386,1.546696950357567e-07,0.04759990871325687,0.03395307830920623,0.2966028425199942
