target_id,prot_ps,prot_acf,prot_cs,e_prot_ps,E_prot_ps,e_prot_acf,E_prot_acf,e_prot_cs,E_prot_cs,sph_ps,sph_acf,sph_cs,e_sph_ps,e_sph_acf,e_sph_cs,h_ps,fa_prob_ps,hacf,gacf,hcs
11075448,1.3643625022674064,59.54400043096393,3.0544396652095016,0.4841819476574605,0.4841819476574605,-1.0,-1.0,0.3552627924349224,0.3552627924349224,199.437192952377,412.5747011497946,260.317515245237,123.45816169423918,209.12500763823772,189.22389749177603,21.9390263476854,2.96484448925124e-10,0.22975267351035905,0.10958916193324214,3.3597837136621744
