target_id,prot_ps,prot_acf,prot_cs,e_prot_ps,E_prot_ps,e_prot_acf,E_prot_acf,e_prot_cs,E_prot_cs,sph_ps,sph_acf,sph_cs,e_sph_ps,e_sph_acf,e_sph_cs,h_ps,fa_prob_ps,hacf,gacf,hcs
11017853,0.114471452362178,44.27961940411478,1.135086690308526,0.18849035760985206,0.18849035760985206,-1.0,-1.0,0.766307070720792,0.766307070720792,284.18468556717903,377.5811049775667,309.24499192075757,43.01566157887363,21.9013026069372,29.001943362274023,12.041817965439835,5.892572105174054e-06,0.03453039960218561,0.02906057488015413,0.20456470681729017
