target_id,prot_ps,prot_acf,prot_cs,e_prot_ps,E_prot_ps,e_prot_acf,E_prot_acf,e_prot_cs,E_prot_cs,sph_ps,sph_acf,sph_cs,e_sph_ps,e_sph_acf,e_sph_cs,h_ps,fa_prob_ps,hacf,gacf,hcs
11129832,0.3113108807827532,-1.0,0.5057328807888554,0.5216780018503897,0.5216780018503897,-1.0,-1.0,3.553768366377701,3.553768366377701,421.37027108721827,-1.0,423.81224815622954,41.5385110513054,-1.0,41.70639827821508,15.42354211319291,2.002814693179027e-07,-1.0,-1.0,0.11462977854813641
