target_id,prot_ps,prot_acf,prot_cs,e_prot_ps,E_prot_ps,e_prot_acf,E_prot_acf,e_prot_cs,E_prot_cs,sph_ps,sph_acf,sph_cs,e_sph_ps,e_sph_acf,e_sph_cs,h_ps,fa_prob_ps,hacf,gacf,hcs
11124841,0.5302370776872873,-1.0,0.5259491311479361,0.39513386433484315,0.39513386433484315,-1.0,-1.0,1.5665940764148356,1.5665940764148356,673.1373499967837,-1.0,672.801101497942,66.04787774476843,-1.0,56.86932310238321,8.798178485922694,0.00015100788772523177,-1.0,-1.0,0.1474926480275569
