target_id,prot_ps,prot_acf,prot_cs,e_prot_ps,E_prot_ps,e_prot_acf,E_prot_acf,e_prot_cs,E_prot_cs,sph_ps,sph_acf,sph_cs,e_sph_ps,e_sph_acf,e_sph_cs,h_ps,fa_prob_ps,hacf,gacf,hcs
11186837,1.8718468669860184,1.8594648516736925,1.8351688253241314,0.08590901506304545,0.08590901506304545,-1.0,-1.0,0.012581067810665815,0.012581067810665815,9741.62555628722,9709.050399798918,9723.32444126738,3942.8635828893803,3939.8477893531053,3936.0474978207353,6567.567897669436,0.0,1.5940108655576921,0.9257661156292745,0.15124097932001015
