target_id,prot_ps,prot_acf,prot_cs,e_prot_ps,E_prot_ps,e_prot_acf,E_prot_acf,e_prot_cs,E_prot_cs,sph_ps,sph_acf,sph_cs,e_sph_ps,e_sph_acf,e_sph_cs,h_ps,fa_prob_ps,hacf,gacf,hcs
11199168,11.676141624290494,11.708508600946516,11.723197262546233,0.3770848188598061,0.3770848188598061,-1.0,-1.0,0.11297607271841764,0.11297607271841764,3103.7218738342826,3094.961040118085,3096.9241555244425,1393.3403623853185,1391.5222685908832,1382.0121322970178,136.81839955549427,3.8064843643931177e-60,0.8885692814220688,0.47748685605572583,0.9444868810184921
