target_id,prot_ps,prot_acf,prot_cs,e_prot_ps,E_prot_ps,e_prot_acf,E_prot_acf,e_prot_cs,E_prot_cs,sph_ps,sph_acf,sph_cs,e_sph_ps,e_sph_acf,e_sph_cs,h_ps,fa_prob_ps,hacf,gacf,hcs
11177822,54.04164808524139,59.42089543491602,1.510019048588173,2.368604701556785,2.368604701556785,-1.0,-1.0,0.01080070227428873,0.01080070227428873,447.32698075146277,450.6785841480231,324.0873536964857,48.46901019497417,57.68862935954996,78.12271151120254,23.0840153029589,9.434948495938844e-11,0.20453346938498598,0.08559564721013208,0.3030583928844154
