target_id,prot_ps,prot_acf,prot_cs,e_prot_ps,E_prot_ps,e_prot_acf,E_prot_acf,e_prot_cs,E_prot_cs,sph_ps,sph_acf,sph_cs,e_sph_ps,e_sph_acf,e_sph_cs,h_ps,fa_prob_ps,hacf,gacf,hcs
11285203,0.10481085190956776,-1.0,0.1011441996786744,0.10079968038140523,0.10079968038140523,-1.0,-1.0,0.01270298654578744,0.01270298654578744,722.9089276656035,-1.0,720.3838944601121,120.60540890081484,-1.0,124.57377283575066,7.4523716731064145,0.0005800642567232453,-1.0,-1.0,0.12217155629086487
