target_id,prot_ps,prot_acf,prot_cs,e_prot_ps,E_prot_ps,e_prot_acf,E_prot_acf,e_prot_cs,E_prot_cs,sph_ps,sph_acf,sph_cs,e_sph_ps,e_sph_acf,e_sph_cs,h_ps,fa_prob_ps,hacf,gacf,hcs
11299239,9.038947962507416,-1.0,9.04224944257246,0.6431407265996608,0.6431407265996608,-1.0,-1.0,0.06841974922844511,0.06841974922844511,535.4657032739576,-1.0,536.4432941990905,166.43454374008022,-1.0,166.82344335253458,23.636500856817545,5.4299784547318916e-11,-1.0,-1.0,0.3451487313936974
