target_id,prot_ps,prot_acf,prot_cs,e_prot_ps,E_prot_ps,e_prot_acf,E_prot_acf,e_prot_cs,E_prot_cs,sph_ps,sph_acf,sph_cs,e_sph_ps,e_sph_acf,e_sph_cs,h_ps,fa_prob_ps,hacf,gacf,hcs
11251907,45.941523631914905,53.229844763409346,3.033794645690359,1.717759410304095,1.717759410304095,-1.0,-1.0,1.3456276296939798,1.3456276296939798,207.7132797491021,206.78845575051582,160.96941872482648,25.404275286155343,21.446084225002352,33.87222244371901,25.8557255216035,5.902025483736001e-12,0.12081406162929598,0.0003080400283966703,0.16830034474970185
