target_id,prot_ps,prot_acf,prot_cs,e_prot_ps,E_prot_ps,e_prot_acf,E_prot_acf,e_prot_cs,E_prot_cs,sph_ps,sph_acf,sph_cs,e_sph_ps,e_sph_acf,e_sph_cs,h_ps,fa_prob_ps,hacf,gacf,hcs
11285200,2.520460668210059,59.461659640073776,2.5169759982765836,1.3498886471562106,1.3498886471562106,-1.0,-1.0,0.07589048501437262,0.07589048501437262,246.11637429647126,299.80285636061564,244.89551272255756,38.89719230657975,8.926318592593942,36.96821955965473,20.029664230537126,2.0009090582328165e-09,0.07600200934126895,0.009514370344999017,0.2364554349735466
