target_id,prot_ps,prot_acf,prot_cs,e_prot_ps,E_prot_ps,e_prot_acf,E_prot_acf,e_prot_cs,E_prot_cs,sph_ps,sph_acf,sph_cs,e_sph_ps,e_sph_acf,e_sph_cs,h_ps,fa_prob_ps,hacf,gacf,hcs
11285663,0.1329128661413482,37.271324783563614,2.245474715167657,0.19091885869102287,0.19091885869102287,-1.0,-1.0,0.32214315090623896,0.32214315090623896,107.02937693511892,204.40979926428753,150.5768394752023,15.366166198406804,56.26161156554468,57.04103515849681,18.611477728707698,8.263003226864633e-09,0.1647297160496412,0.15238975167950863,0.6867339047972368
