target_id,prot_ps,prot_acf,prot_cs,e_prot_ps,E_prot_ps,e_prot_acf,E_prot_acf,e_prot_cs,E_prot_cs,sph_ps,sph_acf,sph_cs,e_sph_ps,e_sph_acf,e_sph_cs,h_ps,fa_prob_ps,hacf,gacf,hcs
11308216,13.513966160582875,27.360718302894384,0.6990230954085015,0.8788469455111966,0.8788469455111966,-1.0,-1.0,0.01068401010171076,0.01068401010171076,887.8970317117371,916.8022020393859,355.352551792372,297.07092839353254,263.2905799353021,128.19779849658397,17.060944994537127,3.895163866457305e-08,0.5173942238933906,0.2558497914473638,0.9481910594476334
