target_id,prot_ps,prot_acf,prot_cs,e_prot_ps,E_prot_ps,e_prot_acf,E_prot_acf,e_prot_cs,E_prot_cs,sph_ps,sph_acf,sph_cs,e_sph_ps,e_sph_acf,e_sph_cs,h_ps,fa_prob_ps,hacf,gacf,hcs
11446076,0.3553622741767135,27.646764208562672,0.18507364211375138,1.8063051090751039,1.8063051090751039,-1.0,-1.0,0.00939734745767546,0.00939734745767546,153.16100382686147,778.3532587897164,114.76085057742416,75.56236509821792,272.9465446165527,45.32934411283616,12.814564163113959,2.7208556140998396e-06,0.36588078259937096,0.12427248563746024,2.514263197569918
