target_id,prot_ps,prot_acf,prot_cs,e_prot_ps,E_prot_ps,e_prot_acf,E_prot_acf,e_prot_cs,E_prot_cs,sph_ps,sph_acf,sph_cs,e_sph_ps,e_sph_acf,e_sph_cs,h_ps,fa_prob_ps,hacf,gacf,hcs
11456352,0.17678251040038154,-1.0,7.0802698507905015,7.3890560989305865,7.3890560989305865,-1.0,-1.0,0.2985268552826865,0.2985268552826865,318.95183367718585,-1.0,406.52956071766266,43.17710701491804,-1.0,81.97216119056674,10.103320675275404,4.0943369601198785e-05,-1.0,-1.0,0.18309011497653685
