target_id,prot_ps,prot_acf,prot_cs,e_prot_ps,E_prot_ps,e_prot_acf,E_prot_acf,e_prot_cs,E_prot_cs,sph_ps,sph_acf,sph_cs,e_sph_ps,e_sph_acf,e_sph_cs,h_ps,fa_prob_ps,hacf,gacf,hcs
11459809,10.891833203089488,9.808380156755447,1.4678968207813587,0.5434346335617456,0.5434346335617456,-1.0,-1.0,0.013908379185881283,0.013908379185881283,3447.1324566363437,3299.3558306690875,1932.740422218844,1123.0279976301954,924.369021478742,1070.0775735887914,37.05624353048278,8.066365833376162e-17,0.2016016011488885,0.03030306331088808,6.271696532520415
