target_id,prot_ps,prot_acf,prot_cs,e_prot_ps,E_prot_ps,e_prot_acf,E_prot_acf,e_prot_cs,E_prot_cs,sph_ps,sph_acf,sph_cs,e_sph_ps,e_sph_acf,e_sph_cs,h_ps,fa_prob_ps,hacf,gacf,hcs
11410904,11.225882284786676,11.177221516147256,11.250323650766104,0.4428937000291002,0.4428937000291002,-1.0,-1.0,0.10235637797416068,0.10235637797416068,7451.278709350278,7472.329183731632,7444.8559773443985,2550.5393763830516,2512.3520113507057,2545.18808832585,157.31837250605463,4.75881606056922e-69,0.9532252855167566,0.5660997076825451,0.9164201948353492
