target_id,prot_ps,prot_acf,prot_cs,e_prot_ps,E_prot_ps,e_prot_acf,E_prot_acf,e_prot_cs,E_prot_cs,sph_ps,sph_acf,sph_cs,e_sph_ps,e_sph_acf,e_sph_cs,h_ps,fa_prob_ps,hacf,gacf,hcs
11403389,26.528931389962096,25.33775819465518,0.4689775826001152,5.661419221703793,5.661419221703793,-1.0,-1.0,0.017569345708241566,0.017569345708241566,1742.015376810133,1678.5702929337497,494.32326814530825,448.9874426839936,555.1949883112111,179.94030974965358,17.94743591233901,1.605194337189812e-08,0.5964126563517973,0.2890311512952468,1.1791380968281147
