target_id,prot_ps,prot_acf,prot_cs,e_prot_ps,E_prot_ps,e_prot_acf,E_prot_acf,e_prot_cs,E_prot_cs,sph_ps,sph_acf,sph_cs,e_sph_ps,e_sph_acf,e_sph_cs,h_ps,fa_prob_ps,hacf,gacf,hcs
11402237,28.609269988683902,-1.0,28.60830245308914,7.389056098930649,7.389056098930649,-1.0,-1.0,0.31291432296690086,0.31291432296690086,583.3534618362658,-1.0,583.3534618362658,53.148988362740965,-1.0,53.148988362740965,16.133815046559196,9.844035092587312e-08,-1.0,-1.0,0.09939446032305128
