target_id,prot_ps,prot_acf,prot_cs,e_prot_ps,E_prot_ps,e_prot_acf,E_prot_acf,e_prot_cs,E_prot_cs,sph_ps,sph_acf,sph_cs,e_sph_ps,e_sph_acf,e_sph_cs,h_ps,fa_prob_ps,hacf,gacf,hcs
11403699,5.433690661935341,15.876973459962755,0.43146061663041335,0.4577886346357623,0.4577886346357623,-1.0,-1.0,0.012861831724764834,0.012861831724764834,1048.4120147002102,1100.6223004753488,535.8903919857803,286.3819545503706,208.96843689067913,140.64910462307964,26.343043118037613,3.625448474982831e-12,0.3752415825099285,0.21834642533603751,0.6448639774832424
