target_id,prot_ps,prot_acf,prot_cs,e_prot_ps,E_prot_ps,e_prot_acf,E_prot_acf,e_prot_cs,E_prot_cs,sph_ps,sph_acf,sph_cs,e_sph_ps,e_sph_acf,e_sph_cs,h_ps,fa_prob_ps,hacf,gacf,hcs
11498136,7.489612035705551,-1.0,7.453013032452758,0.6798260389352375,0.6798260389352375,-1.0,-1.0,0.657450996881851,0.657450996881851,685.1796668436657,-1.0,684.6087264334531,68.29720315998773,-1.0,66.85021828041063,10.356962718647901,3.1770806683421514e-05,-1.0,-1.0,0.22474663929471814
