target_id,prot_ps,prot_acf,prot_cs,e_prot_ps,E_prot_ps,e_prot_acf,E_prot_acf,e_prot_cs,E_prot_cs,sph_ps,sph_acf,sph_cs,e_sph_ps,e_sph_acf,e_sph_cs,h_ps,fa_prob_ps,hacf,gacf,hcs
11513396,12.472275564876867,12.09673672169447,12.452664744292383,0.894058328942181,0.894058328942181,-1.0,-1.0,0.5205326551705174,0.5205326551705174,1293.852993722726,1305.889856246789,1292.3018697692294,371.243164570952,400.67249704596867,376.50104706726114,46.96105362264585,4.0278523981460394e-21,0.5259074617029038,0.2872601879838215,0.9128801221576073
