target_id,prot_ps,prot_acf,prot_cs,e_prot_ps,E_prot_ps,e_prot_acf,E_prot_acf,e_prot_cs,E_prot_cs,sph_ps,sph_acf,sph_cs,e_sph_ps,e_sph_acf,e_sph_cs,h_ps,fa_prob_ps,hacf,gacf,hcs
11509573,0.34260978163744676,52.26939671672881,3.1153214321471756,0.7650690229105701,0.7650690229105701,-1.0,-1.0,1.4193221272930243,1.4193221272930243,283.76944574662576,382.11590652212567,318.70288564659086,29.969481336831034,47.22025963061458,43.52949970702604,11.932009513408477,6.5764891858036705e-06,0.13598843703749894,0.0692423369064423,0.2439657455667584
