target_id,prot_ps,prot_acf,prot_cs,e_prot_ps,E_prot_ps,e_prot_acf,E_prot_acf,e_prot_cs,E_prot_cs,sph_ps,sph_acf,sph_cs,e_sph_ps,e_sph_acf,e_sph_cs,h_ps,fa_prob_ps,hacf,gacf,hcs
11513934,21.148783583107285,21.45536122843623,21.183859881532438,0.8307878166665111,0.8307878166665111,-1.0,-1.0,0.37326488414149345,0.37326488414149345,2991.0115321473763,2991.287914947482,2991.474912843441,588.2298918448315,590.7710853085522,585.7666400937077,52.92918820321689,1.0307316971773112e-23,0.7463970440395358,0.4656079755535526,0.9855642326404106
