target_id,prot_ps,prot_acf,prot_cs,e_prot_ps,E_prot_ps,e_prot_acf,E_prot_acf,e_prot_cs,E_prot_cs,sph_ps,sph_acf,sph_cs,e_sph_ps,e_sph_acf,e_sph_cs,h_ps,fa_prob_ps,hacf,gacf,hcs
11567687,0.33727398612837484,9.0317327324301,0.6068833985365928,0.34571368175231454,0.34571368175231454,-1.0,-1.0,0.26237812899893803,0.26237812899893803,779.0068363807059,957.3472652920632,791.1633489660907,62.690067741033104,12.815556206870326,54.11915925519017,8.28017222910649,0.00025349353730941016,0.0004145759228748082,0.04105063798083903,3.78857064693989
