target_id,prot_ps,prot_acf,prot_cs,e_prot_ps,E_prot_ps,e_prot_acf,E_prot_acf,e_prot_cs,E_prot_cs,sph_ps,sph_acf,sph_cs,e_sph_ps,e_sph_acf,e_sph_cs,h_ps,fa_prob_ps,hacf,gacf,hcs
11653958,3.1270022587013937,1.0625541768968105,3.3176210800185806,1.2301042045346924,1.2301042045346924,-1.0,-1.0,0.3669265713611285,0.3669265713611285,235.60156768084548,201.83719812423908,230.92176746602314,67.43657688932915,65.70687808541831,64.53018411503848,21.942278223248973,2.9552188430909667e-10,0.2903206616786034,0.4401650785389339,0.7844877445450121
