target_id,prot_ps,prot_acf,prot_cs,e_prot_ps,E_prot_ps,e_prot_acf,E_prot_acf,e_prot_cs,E_prot_cs,sph_ps,sph_acf,sph_cs,e_sph_ps,e_sph_acf,e_sph_cs,h_ps,fa_prob_ps,hacf,gacf,hcs
11652713,9.121940363760663,9.195123589597642,9.107520408773658,0.46644507491689147,0.46644507491689147,-1.0,-1.0,0.2409953146906106,0.2409953146906106,4399.196589760984,4365.876625290421,4412.666932415199,1665.0428524762463,1855.8917827697126,1619.3916384687293,88.27106466072776,4.617040733732228e-39,0.9383592120509527,0.5745335087370388,0.8869938624032583
