target_id,prot_ps,prot_acf,prot_cs,e_prot_ps,E_prot_ps,e_prot_acf,E_prot_acf,e_prot_cs,E_prot_cs,sph_ps,sph_acf,sph_cs,e_sph_ps,e_sph_acf,e_sph_cs,h_ps,fa_prob_ps,hacf,gacf,hcs
11758833,13.148783564429127,-1.0,0.5564030821428977,4.171177925139451,4.171177925139451,-1.0,-1.0,0.013260904914629968,0.013260904914629968,845.6397371931566,-1.0,472.0210435305235,221.80313501613426,-1.0,79.12894469107748,12.45430765854623,3.900882850412718e-06,-1.0,-1.0,0.32849288586683917
