target_id,prot_ps,prot_acf,prot_cs,e_prot_ps,E_prot_ps,e_prot_acf,E_prot_acf,e_prot_cs,E_prot_cs,sph_ps,sph_acf,sph_cs,e_sph_ps,e_sph_acf,e_sph_cs,h_ps,fa_prob_ps,hacf,gacf,hcs
11723201,0.3070081206205895,-1.0,3.2564859332155187,0.4116255263354909,0.4116255263354909,-1.0,-1.0,1.930734733103222,1.930734733103222,448.2470973393218,-1.0,534.4369129096307,57.61635758579777,-1.0,113.73505685752417,11.550031108554437,9.635743345254953e-06,-1.0,-1.0,0.23852235062887178
