target_id,prot_ps,prot_acf,prot_cs,e_prot_ps,E_prot_ps,e_prot_acf,E_prot_acf,e_prot_cs,E_prot_cs,sph_ps,sph_acf,sph_cs,e_sph_ps,e_sph_acf,e_sph_cs,h_ps,fa_prob_ps,hacf,gacf,hcs
11858267,47.0961164516058,53.331910064443946,3.1856033004462,7.389056098930649,7.389056098930649,-1.0,-1.0,0.14523295877288286,0.14523295877288286,282.6039019650128,274.3026236945298,206.72893580206204,20.466824068046538,32.42951934614398,58.91615728624324,14.90348036270996,3.3689977219636376e-07,0.20090134561831374,0.0826647248183451,0.3483776438484865
