target_id,prot_ps,prot_acf,prot_cs,e_prot_ps,E_prot_ps,e_prot_acf,E_prot_acf,e_prot_cs,E_prot_cs,sph_ps,sph_acf,sph_cs,e_sph_ps,e_sph_acf,e_sph_cs,h_ps,fa_prob_ps,hacf,gacf,hcs
11805143,0.5869289850255093,21.25155620276928,0.6068954030983151,0.8318678461680162,0.8318678461680162,-1.0,-1.0,0.4614726291043552,0.4614726291043552,1417.6316236937528,3841.9029467512996,1433.9914928861697,220.0364856350222,0.0,230.69343439124228,8.677944229007434,0.00017030080744329427,1.0664357824036488,0.5890973585052718,0.8531497061322022
