target_id,prot_ps,prot_acf,prot_cs,e_prot_ps,E_prot_ps,e_prot_acf,E_prot_acf,e_prot_cs,E_prot_cs,sph_ps,sph_acf,sph_cs,e_sph_ps,e_sph_acf,e_sph_cs,h_ps,fa_prob_ps,hacf,gacf,hcs
11853035,17.506007251884387,17.592926713172346,17.61535473348109,2.0552986981206276,2.0552986981206276,-1.0,-1.0,0.451056304456669,0.451056304456669,3552.889777812244,3584.258518788261,3565.116036428273,1432.7028481632492,1474.5397323360464,1462.3877029587743,26.24585042048053,3.995507861616017e-12,0.5160580700695943,0.2918219835758338,0.3178111127835807
