target_id,prot_ps,prot_acf,prot_cs,e_prot_ps,E_prot_ps,e_prot_acf,E_prot_acf,e_prot_cs,E_prot_cs,sph_ps,sph_acf,sph_cs,e_sph_ps,e_sph_acf,e_sph_cs,h_ps,fa_prob_ps,hacf,gacf,hcs
12011271,0.15187469377433427,-1.0,0.6547724379487806,7.389056098885731,7.389056098885731,-1.0,-1.0,0.011611657658765102,0.011611657658765102,329.6113642404057,-1.0,359.59044943962175,60.25934265788886,-1.0,87.45782271718214,10.997062094013563,1.6750840966244366e-05,-1.0,-1.0,0.5330703962375495
