target_id,prot_ps,prot_acf,prot_cs,e_prot_ps,E_prot_ps,e_prot_acf,E_prot_acf,e_prot_cs,E_prot_cs,sph_ps,sph_acf,sph_cs,e_sph_ps,e_sph_acf,e_sph_cs,h_ps,fa_prob_ps,hacf,gacf,hcs
12073130,1.8177846763268168,-1.0,0.41147073199986867,0.9334660431319038,0.9334660431319038,-1.0,-1.0,0.00934573292299299,0.00934573292299299,353.6562265045048,-1.0,333.0804110004845,31.642826912611977,-1.0,36.869856299176924,41.58407551604828,8.714961408902896e-19,-1.0,-1.0,0.06372675424615312
