target_id,prot_ps,prot_acf,prot_cs,e_prot_ps,E_prot_ps,e_prot_acf,E_prot_acf,e_prot_cs,E_prot_cs,sph_ps,sph_acf,sph_cs,e_sph_ps,e_sph_acf,e_sph_cs,h_ps,fa_prob_ps,hacf,gacf,hcs
12157048,45.60984194971388,-1.0,2.7654913730546826,7.389056098930612,7.389056098930612,-1.0,-1.0,1.575414901568903,1.575414901568903,962.5392006751538,-1.0,768.6167614075855,102.50234652421257,-1.0,109.83579360940344,12.157941075021052,5.246543521615684e-06,-1.0,-1.0,0.17054458033173225
