target_id,prot_ps,prot_acf,prot_cs,e_prot_ps,E_prot_ps,e_prot_acf,E_prot_acf,e_prot_cs,E_prot_cs,sph_ps,sph_acf,sph_cs,e_sph_ps,e_sph_acf,e_sph_cs,h_ps,fa_prob_ps,hacf,gacf,hcs
12154888,0.4107845211621765,-1.0,0.5159507531207054,0.8767203392897019,0.8767203392897019,-1.0,-1.0,0.38450588625075494,0.38450588625075494,513.1887560840986,-1.0,517.6589172199715,75.75395678375168,-1.0,80.38370272408517,12.343522546738512,4.357890069543648e-06,-1.0,-1.0,0.283344953681947
