target_id,prot_ps,prot_acf,prot_cs,e_prot_ps,E_prot_ps,e_prot_acf,E_prot_acf,e_prot_cs,E_prot_cs,sph_ps,sph_acf,sph_cs,e_sph_ps,e_sph_acf,e_sph_cs,h_ps,fa_prob_ps,hacf,gacf,hcs
12117877,24.737591420631087,52.616825920995325,1.638579910914414,0.7430615559246435,0.7430615559246435,-1.0,-1.0,0.05216718659457131,0.05216718659457131,1126.4483330205437,1140.9356508625663,857.6986017360068,137.78091351695716,64.82524873825575,156.25953275403296,40.402847401193355,2.8396598466669406e-18,0.17546479390021136,0.0929645367847805,0.23150720228286906
