target_id,prot_ps,prot_acf,prot_cs,e_prot_ps,E_prot_ps,e_prot_acf,E_prot_acf,e_prot_cs,E_prot_cs,sph_ps,sph_acf,sph_cs,e_sph_ps,e_sph_acf,e_sph_cs,h_ps,fa_prob_ps,hacf,gacf,hcs
12165246,1.4962325226469193,53.72018797369674,0.3677629381334607,7.389056098930649,7.389056098930649,-1.0,-1.0,0.011671528239814277,0.011671528239814277,389.5108491490658,545.3174410632545,346.58802949537375,74.9016033916157,69.09728262575632,46.50382725527102,18.74987086551097,7.195062101004504e-09,0.13051991231878607,0.04014559334912012,0.2476790033735024
