target_id,prot_ps,prot_acf,prot_cs,e_prot_ps,E_prot_ps,e_prot_acf,E_prot_acf,e_prot_cs,E_prot_cs,sph_ps,sph_acf,sph_cs,e_sph_ps,e_sph_acf,e_sph_cs,h_ps,fa_prob_ps,hacf,gacf,hcs
12267213,10.062990601787593,17.675140583887696,0.14172017101059645,0.693682322545845,0.693682322545845,-1.0,-1.0,0.012817309433052638,0.012817309433052638,1086.7004745395527,1126.5038848019803,593.7800858282989,217.81379598198956,163.0762666409015,89.70901465147882,21.6609071722961,3.915502828697232e-10,0.07265645822338214,0.03572589380104665,5.5453365949131035
