target_id,prot_ps,prot_acf,prot_cs,e_prot_ps,E_prot_ps,e_prot_acf,E_prot_acf,e_prot_cs,E_prot_cs,sph_ps,sph_acf,sph_cs,e_sph_ps,e_sph_acf,e_sph_cs,h_ps,fa_prob_ps,hacf,gacf,hcs
12204948,0.3799828371805093,33.28641035500914,1.9217844652495024,0.8421858683745373,0.8421858683745373,-1.0,-1.0,0.24867957471915433,0.24867957471915433,574.3905305296431,1368.4043705074796,843.2776996497836,95.2000889639046,403.80543489394194,299.56258701413236,12.385654657163,4.178097088100353e-06,0.21416554942362204,0.07859960919713115,4.608403056221232
