target_id,prot_ps,prot_acf,prot_cs,e_prot_ps,E_prot_ps,e_prot_acf,E_prot_acf,e_prot_cs,E_prot_cs,sph_ps,sph_acf,sph_cs,e_sph_ps,e_sph_acf,e_sph_cs,h_ps,fa_prob_ps,hacf,gacf,hcs
12251267,6.071698875329201,17.899885458871722,1.4494045877746264,2.6514248025178393,2.6514248025178393,-1.0,-1.0,0.010081716306823677,0.010081716306823677,783.7688367731215,860.0269716888376,574.6650211278636,230.8445792756661,199.76867503672005,216.54949736020933,41.16436490216622,1.325999840830857e-18,0.20432998390612006,0.03851742940714292,1.516411679998877
