target_id,prot_ps,prot_acf,prot_cs,e_prot_ps,E_prot_ps,e_prot_acf,E_prot_acf,e_prot_cs,E_prot_cs,sph_ps,sph_acf,sph_cs,e_sph_ps,e_sph_acf,e_sph_cs,h_ps,fa_prob_ps,hacf,gacf,hcs
12300406,0.434955805806177,33.9820170160383,0.20322097280904058,0.43936027193501864,0.43936027193501864,-1.0,-1.0,0.016462264484378326,0.016462264484378326,1736.0717932021348,4237.971859791833,1671.338955920783,157.92747493829827,0.0,174.41697130338417,8.298601259381238,0.00024886468091038126,0.739192515245453,0.4343196061985461,0.12383139725100563
