target_id,prot_ps,prot_acf,prot_cs,e_prot_ps,E_prot_ps,e_prot_acf,E_prot_acf,e_prot_cs,E_prot_cs,sph_ps,sph_acf,sph_cs,e_sph_ps,e_sph_acf,e_sph_cs,h_ps,fa_prob_ps,hacf,gacf,hcs
12351858,0.1708725596651912,-1.0,1.733040398941148,0.18632817314068248,0.18632817314068248,-1.0,-1.0,0.012195960573673292,0.012195960573673292,296.4565403420696,-1.0,330.83724488702467,44.6424469214177,-1.0,60.17676711496522,35.694416858379235,3.1485581866401245e-16,-1.0,-1.0,0.24611810571592438
