target_id,prot_ps,prot_acf,prot_cs,e_prot_ps,E_prot_ps,e_prot_acf,E_prot_acf,e_prot_cs,E_prot_cs,sph_ps,sph_acf,sph_cs,e_sph_ps,e_sph_acf,e_sph_cs,h_ps,fa_prob_ps,hacf,gacf,hcs
12302305,54.05610158615228,-1.0,3.0131469049118453,7.389056098930649,7.389056098930649,-1.0,-1.0,0.21347702746520505,0.21347702746520505,804.1780576275473,-1.0,564.8252004345967,106.57913281963857,-1.0,115.99139259731741,11.551482775821302,9.621765600020997e-06,-1.0,-1.0,0.3120367984395015
