target_id,prot_ps,prot_acf,prot_cs,e_prot_ps,E_prot_ps,e_prot_acf,E_prot_acf,e_prot_cs,E_prot_cs,sph_ps,sph_acf,sph_cs,e_sph_ps,e_sph_acf,e_sph_cs,h_ps,fa_prob_ps,hacf,gacf,hcs
12366998,0.16897641640463018,42.33892008289695,1.2542292059306057,0.24798831256495354,0.24798831256495354,-1.0,-1.0,0.2602655160610046,0.2602655160610046,306.30722542531095,464.82605445590576,320.1795795306146,31.998846001158903,0.0,16.981454833898727,11.485041077927056,1.028276795428247e-05,0.13202312449798737,0.05558821975562189,0.07726046601468696
