target_id,prot_ps,prot_acf,prot_cs,e_prot_ps,E_prot_ps,e_prot_acf,E_prot_acf,e_prot_cs,E_prot_cs,sph_ps,sph_acf,sph_cs,e_sph_ps,e_sph_acf,e_sph_cs,h_ps,fa_prob_ps,hacf,gacf,hcs
12644614,1.6005821711421528,56.417335621546954,3.2366917647421363,1.25626031609548,1.25626031609548,-1.0,-1.0,0.2105387755223395,0.2105387755223395,278.11180909002667,420.127826498176,327.5409153835213,77.54447322047434,57.09647761707614,106.18516995027821,14.004938862019843,8.274320382923169e-07,0.1727105138665963,0.06026412775944329,0.6109325801065718
