target_id,prot_ps,prot_acf,prot_cs,e_prot_ps,E_prot_ps,e_prot_acf,E_prot_acf,e_prot_cs,E_prot_cs,sph_ps,sph_acf,sph_cs,e_sph_ps,e_sph_acf,e_sph_cs,h_ps,fa_prob_ps,hacf,gacf,hcs
12834290,52.62269894559641,57.295904664322734,1.4794432601699794,7.389056098930632,7.389056098930632,-1.0,-1.0,0.020589660462339548,0.020589660462339548,521.7108439396922,527.0462512093618,322.8579179557667,83.30064003066545,76.27611977066155,58.848749506546696,15.1477084661194,2.638966029210143e-07,0.1973792700730227,0.0761789620565305,0.1720486020805466
